full_name,head_commit_at_collection
BAITC-Hacks/hack-00030236-tr1k0taj,177ad5bd15d4370cc3f2d9301b5a2c95d4bb91d8
BAITC-Hacks/hack-000e2fb7-bamankar,4cfe543efee9212cf6a507d8e5cd24d5f4b1ac7f
BAITC-Hacks/hack-001016ea-intent,ff1e963bbabda005ae8ce78b7ed4a182363b1f93
BAITC-Hacks/hack-00476c76-sirius,58fd0d553f69e1e2713366c956fb2d30ce93adc8
BAITC-Hacks/hack-007440fb-dilyaaaa,3706779fbc3540370f5b086823da39eb928ff085
BAITC-Hacks/hack-00851e68-ulkei,380a6098fee4eda45af8eae70b74386bfe8f9254
BAITC-Hacks/hack-00889dc1-deadghosts,ddb0d21dcac73c777bede74c1debbb03a4ed7eb7
BAITC-Hacks/hack-008d5ae8-aibekaitu,8382d79ba216ad5968950e49e3ef01cc312a0ce0
BAITC-Hacks/hack-00909429-dua,a9e6389dc4ea0bdc829562df62abc1c7f8f12f3d
BAITC-Hacks/hack-009717fe-rio,a2f27e04f6eae9e307748a56603dff87099f76ee
BAITC-Hacks/hack-00ace7d6-olzhik02,96de89c01e899989986b35288d6ad47c873a3cb2
BAITC-Hacks/hack-00bb406c-attractor-t800,6d8906aed9fcbaaae30c69311e822151fdbda632
BAITC-Hacks/hack-00c46990-junior-syndicate,a63fdaa33dc209844ac0724705a3b19d3112a943
BAITC-Hacks/hack-00ce2c11-elyest-del,d77014006a8cb8bc57b52544d179595aaea40496
BAITC-Hacks/hack-00ee7287-zen,8b651c1cf61ca5095b5c201551bd269498c771f7
BAITC-Hacks/hack-01057172-avazbek-a,ac66644b1d6a38c7dc62d057e6adcec662a518e3
BAITC-Hacks/hack-0105a7f9-refrigerators,476dae321edb7faf2c34da83e4cffa59bbf70ce6
BAITC-Hacks/hack-010f81b0-black-time,350a95bc5cb9546060ef806b3943554837d58d9a
BAITC-Hacks/hack-0141a35d-404team,393f5f7d2572ef43322c91e9d9109d736b84a334
BAITC-Hacks/hack-0143a670-cs-2602-kuma-test,e13c5baacdcc5d738c1320adfdd39ee6a5d6d4ca
BAITC-Hacks/hack-0173b971-adiezz,9c67adacd3072a2a37ca896aca47811a705cee63
BAITC-Hacks/hack-01862d14-jistudio,9196119c59b44febf19a563d2986e4b7ab680ec3
BAITC-Hacks/hack-0199cb6e-saq,5ab6b1a8d08ad83494dc2a930b94a8d1309a420b
BAITC-Hacks/hack-01a8b4c9-yeskendir-2412,6bb0c47f374f959c2069faf673ab444e317dad16
BAITC-Hacks/hack-01f131b5-crypt002,f712e985883440632c866977a22ddc192d7d16a0
BAITC-Hacks/hack-02000c61-mmm,9763ad3137f6c0bfd65e83abcec65d61b8facd87
BAITC-Hacks/hack-02046092-iaqool,fac6b45f516b7b614af06676f4ab6518296562e5
BAITC-Hacks/hack-020b6ff4-taburetka,8e52238f4ff31d839ef5f32d85c595a1fb6a5954
BAITC-Hacks/hack-02360252-dancinwendy,d551d407811139766455619a96c93e39f643ec47
BAITC-Hacks/hack-02465b86-mai-san,db0f039c9f814eece444cd6675dc1989edb48caf
BAITC-Hacks/hack-024d5bf9-jjstan,c81fc29a39b79896dda85004d9876b3d56feff26
BAITC-Hacks/hack-0260b26a-geeks,4a981e8a1e406cf1d222ee3173d88ccf64a3cec0
BAITC-Hacks/hack-026ff933-zhturs,7ccac11fd807c349840b403f425c61fcd84164f5
BAITC-Hacks/hack-0273c87f-idahar,404dbf1936cf2074498c9231bc108c6f6afa6913
BAITC-Hacks/hack-0288c106-gnu-larpers,6d7f6cd4d0edecf18ed2a219b4c7358ecb42ea58
BAITC-Hacks/hack-029f0e1c-team-zadani,548e36a6039a4c33d08a43f0122e85f516416115
BAITC-Hacks/hack-02c88075-ctrl,72da90e675c89fb673ae8c18d4271bcf432d353d
BAITC-Hacks/hack-02e28440-zeroday,a978764cc3e9cc93a96aa99b647b40192f2cfb27
BAITC-Hacks/hack-02e400cc-ai-orda,e96298877cd8e0f03555f2d218ef5f0991ff7d6e
BAITC-Hacks/hack-02eb1d31-saafrac,7fae08e9a0432dbe83f5e5b4ea9860782f09ba2f
BAITC-Hacks/hack-02f70e52-burgeri,3a327b5ce17f08f39eecf79cddeed2658b0d70e2
BAITC-Hacks/hack-030b886d-ea,4c915169280b954fe582a50f257abb001f2a5d89
BAITC-Hacks/hack-032ae872-traitorous-8,c7eaa704c3697765e397cd1505633ef810333a07
BAITC-Hacks/hack-032ef148-team,bc43bcdc54998bc2d8e08a2c3023797b20d9d677
BAITC-Hacks/hack-033bf26b-byteford-united,be258a947f547c22bc35d03de872c7909539463c
BAITC-Hacks/hack-033db5cc-zakonbizanbolsyn,ed4d40d90c3001d354e43200f16cbc7461f10713
BAITC-Hacks/hack-0352fae5-to-do,6230d8f66ba31cc2ad4038942d80dfd679ab8683
BAITC-Hacks/hack-0364b1b5-vneshtat,21ee5b98f120ef3b1e9aa6a1946ce33dae49797d
BAITC-Hacks/hack-03875442-ai-dana,9fb0c25cd41a0409711fa327f2ca9d0a5854dccc
BAITC-Hacks/hack-03a47d56-unsupervised,99bd0aac0fdb4883df4e3e2157bda65ddd9a687e
BAITC-Hacks/hack-03a7f388-el-valnurable,7aed14c9eea8549c335d65823eacde49367bd799
BAITC-Hacks/hack-03b8ca3b-temirtech,6369d05fe58583c983e651fdb0d504209d82872a
BAITC-Hacks/hack-03b8e23d-macdent,5a71c6e03dd2dd1ae5dc581d11d18f68a977c20a
BAITC-Hacks/hack-03fc4637-damanbet,2fc97d94eca6e46202a75f7e297238260f5a8d4f
BAITC-Hacks/hack-0402380c-ma1018t866,3e3863ee531cbb05dc43d20b3c03ae3e6fa21ac2
BAITC-Hacks/hack-04102014-icy,52655e80a14615a2634be580685c478bb37c9a08
BAITC-Hacks/hack-04299223-pozich,e4d7d9831b8eb9390bf8ed11a42d482ad0e55b3f
BAITC-Hacks/hack-04811ef4-attron,18047028a69ca013b5ea92d4244b41d7435f3207
BAITC-Hacks/hack-049684db-great-job-son,528436c21b492edf60f4c1a118e8e626e72f58ef
BAITC-Hacks/hack-04c5c96c-hahaton,bb117fca10b949c5a0683d9cdcac4e6b5ba819a8
BAITC-Hacks/hack-04cbe46f-be--better-education,7057dce17b89046841db81ff3b37237485663dbd
BAITC-Hacks/hack-04cce48e-kadirzhan,7b34def6681a77e3ce12402f79263dc6a531a251
BAITC-Hacks/hack-04d885ac-iskmir,a5986eaf5d9d90da0bd3428c84b9786c22e02c10
BAITC-Hacks/hack-04daa259-duntezz,b1384d4c076e038829e7b86d441c3fd1b6db7d8c
BAITC-Hacks/hack-04e7d2cf-67,7577754bcfbc2202fb627274fea37b2f1c63e472
BAITC-Hacks/hack-04fb8f20-hsidzip,81d82bf4f4b94f7307810ef59af4d6dcc506f689
BAITC-Hacks/hack-05009892-onemanarmy,519f2a20b7be7a1ca45c8f6c6e41026b26e028f1
BAITC-Hacks/hack-0521c146-senior-junior-by-birth,615a9c4a80d3444d6710e13c8b8c42fe4d130dab
BAITC-Hacks/hack-052c857d-mindforge,79ebf976ff0e00252e7f43932ef48a47b8abab49
BAITC-Hacks/hack-05500601-nabakosh,ac655ea17839c98bc36844f89fd66fa847ceba6e
BAITC-Hacks/hack-055deb5f-diligence,eae297f0a20e5cb58785fdec47d1f4318c4cab37
BAITC-Hacks/hack-05686cf5-konyratbayabdinasyrov-spec,5230d5e7dd10595f0985522e0f3f62dd15a54d97
BAITC-Hacks/hack-0571bab2-any,d0dadf68622945bf1a32e159ab7b9c5c841c22e3
BAITC-Hacks/hack-05846c56-jarvis,a201c61275905e9a6238a53f1102e5da5c907a86
BAITC-Hacks/hack-0592591a-optimus,e325477508ad816fceec95535e4deb9d9e0a1c1c
BAITC-Hacks/hack-0592e1e3-edu02,aa486ad61079571fa1cdfd1807a2001c60e0d43e
BAITC-Hacks/hack-05975965-shymbit,8dcdc6514317e90646cf3d84c8c70082b829611b
BAITC-Hacks/hack-05e3b6a4-naaaaaz,6c7a552da2ef5b44bf1deca898266e0ab7b3a1a7
BAITC-Hacks/hack-05eb5862-nur-ai,5ea6fc20ef3d02de93bd56387244053f2b2df109
BAITC-Hacks/hack-05fc83cb-pzr,cdcef3debf68239704aa0fa9f81dee5d4071d419
BAITC-Hacks/hack-0601d926-trio,812345e9ff3379dbb253818908fee71fc6a00d1d
BAITC-Hacks/hack-060b71bf-qanat,0dbfb084a56d729bff221243cf21839b33be276f
BAITC-Hacks/hack-060fcaa6-abilmansur,82cb8b263ef66d0857015b4710ecd33a7cff185d
BAITC-Hacks/hack-0674bc8e-talshyn,82c8cd49b35f0f53cad5c384198dc15ec90dc1a1
BAITC-Hacks/hack-06b06909-visioncoach,3d7195757df47845884d033c704ec9817ecf5372
BAITC-Hacks/hack-06db9c79-estie,bdf2c5d12684fdb39fc08fa855f5e89e1f4b15f9
BAITC-Hacks/hack-06efb8be-bekulan,b3701afc9a0f58c11b4f4de3eebebe4f7eaeb6f3
BAITC-Hacks/hack-070f07c3-unsullied,57f38da121d530e4c7b5f756d3a673b1961478f0
BAITC-Hacks/hack-07195994-bakota-t,60066203ef4ea69c710673539597df5024bce40f
BAITC-Hacks/hack-072373de-aaas,1dfb1a63defc33d4daa784265f28e3edd6c53330
BAITC-Hacks/hack-0731819f-cyb3rf1sh-team,6ce818b849a5d40e7b77f6ca31ce64707620ded7
BAITC-Hacks/hack-07342fdb-23,922e8b39728c100a44352d8ebd94414bb1f3f8a6
BAITC-Hacks/hack-0759ce13-janibekturysbek,4328637e017be9caf58db1fa474fc6e2d224791f
BAITC-Hacks/hack-076abeb5-segizseri,4b2273431dbe1f20845504fe2b91ace542a4cb80
BAITC-Hacks/hack-077918df-zhantikky,efe6febb736f829689261b311c41cea4115d539f
BAITC-Hacks/hack-07943fc4-sh-token,90e0c7f9f0be8de7d54187247348858ad106d216
BAITC-Hacks/hack-079471c8-1,d5e7706a367534b64dcec968157fdb8b3af137c8
BAITC-Hacks/hack-079ef90d-kostech,b04f1bee0abc82a4b0ce65e0305d3f9ad79bec31
BAITC-Hacks/hack-07a54450-xxl,a0da1f22a9142545b744d50f5d579c3ddff4e553
BAITC-Hacks/hack-07b2379e-akzhan,ac426495fcae370dc6ba1f7d85b69d982b9f4caf
BAITC-Hacks/hack-07d1a304-lost,acafac2591f13f656c5c4fd2dca8887dd7e2f3a7
BAITC-Hacks/hack-07de2d2d-pushin-code,c68c84c7a13b7e0a45cb60e06d5fdce313806dc1
BAITC-Hacks/hack-07eba8f3-kiroshiaiviom,345df74ed802198941e28d8daab4ce2763475a32
BAITC-Hacks/hack-07fe891e-vibex,b6702e01775dbc1ed7223dfa437b5161a1ac65f7
BAITC-Hacks/hack-080151db-air-duo-company,2e8d1071e4283b862a453b90eb6686b9e325d99f
BAITC-Hacks/hack-080e226b-lowtab,596e0f721d77850408e4eb1a305708b302bc3cde
BAITC-Hacks/hack-082c1388-moggers,7834d4340d6800e70e0186adbdfa0fa11ea634c8
BAITC-Hacks/hack-0835c8f3-aidoch,04eb20974c91d055130c6b17a22e63afa47703b0
BAITC-Hacks/hack-084d7807-lords-of-aitu,397d8437698d692cbc07135cb0bd0e233e5bfcc0
BAITC-Hacks/hack-085a1c88-gulnur1,92946334a2fb2f40c9b20d817ec3eefa5d681fd2
BAITC-Hacks/hack-08651f63-thegoldenduo,46849942232b0381997beeb6cbc14fa4d20857ba
BAITC-Hacks/hack-088a1ca4-aldoni01,81b9f4bb8ec26f9ae1c10ca8879a6817bfa23a0e
BAITC-Hacks/hack-08ee446c-apexsoft,a369ef407221689fcd372e0616deceb0456a7441
BAITC-Hacks/hack-08eedc6f-tilimai,96c29ded44adfae748b0ec9e613d5fcc33b635a0
BAITC-Hacks/hack-08fdadb1-atlanti-ai,2a5fd4ea42d6364409aba0b1a83592ae7b9f11f0
BAITC-Hacks/hack-08ffcbee-aibar,3f0fc50b4ee8f6b5ddecc8620645f8388da0083a
BAITC-Hacks/hack-09131236-bisembaevaaigerim,23777477912e7bf1c3f81166db1d473a6fa9bb0d
BAITC-Hacks/hack-09250025-arqau,258eb337a4578ea72662dcfd2c7fcbc77bd84116
BAITC-Hacks/hack-0941f5e7-zhanyyyl,71fe47b1c50b0cc8d48bfd4c0133fcff74de4b49
BAITC-Hacks/hack-095283b5-ai-aqsha,65a2e08107e7d1cb6ab24a08c07d24fe6f366425
BAITC-Hacks/hack-095d481c-zeta-team,49da2da6a47f42e8a416a72a1c467e71780ad94a
BAITC-Hacks/hack-09675b2a-olzhas3,d9b4e45849cecc7778cee1bfe4c346cc73ef54d1
BAITC-Hacks/hack-0968062c-diasayaz,6ac292115d94877f84c79c0f77cf75429de90e4a
BAITC-Hacks/hack-0971afa8-alannn,033941643282be8ebec09b7e01ab660c7c36ef66
BAITC-Hacks/hack-097bad2e-freedom,1858551d22e5c56592d4389ec0a4194d39a85389
BAITC-Hacks/hack-097f91cb-shukirbaljan-stack,8424faba3e16d02167ad8b64c25ec3a8e3328533
BAITC-Hacks/hack-09a3f2e1-228,2cbbf066227b6d75df8e25479f363b12a6c1fb27
BAITC-Hacks/hack-09b8f1e9-cyber-vr,959b8ae5825c7192c825cec075055221f989931b
BAITC-Hacks/hack-09c28345-xnowxoxo,e8d50c1f5f25f5fed7d6428ca8883816bf0b71a4
BAITC-Hacks/hack-09dcde1b-ai-love,4604944d61fef170eea4c1a37d400930b8d7e5a0
BAITC-Hacks/hack-0a079e17-ai-mighty,eeedbbfe24de2555f73b3900d7f71c50aa08ae95
BAITC-Hacks/hack-0a2973f6-taigers,be4476b28e1ea55eb61f7937aac07a0122e41527
BAITC-Hacks/hack-0a29b2ba-jnlleux,1462098249410d972f0335709071221c0bc6c535
BAITC-Hacks/hack-0a46cf2a-chips42,9e4adefba0cef9b027ab522db15acde29f969a74
BAITC-Hacks/hack-0a4c47bd-kamm,12fb96411982ae3f79216dc0ba61c76d450484a9
BAITC-Hacks/hack-0a690859-knights,a507bfb3a4a3c105ace3f7d74b382931847ec8fa
BAITC-Hacks/hack-0a6b33f7-onai,f0e6f50abae10560fe4c96eb2b337f220f07fee8
BAITC-Hacks/hack-0a6c3bd5-ai-association,88e001f8d2626afbb4330bd938c06aeb18546c75
BAITC-Hacks/hack-0a7b6dfb-team,6e14990db7b3854e01753aac75f7dd0bb1914e2f
BAITC-Hacks/hack-0a855e0e-terra-group-labs,179fd4a6c0e2d7bb683901cf35e5736a4a92964c
BAITC-Hacks/hack-0a87d6cd-tung-tung-tung-sacode,e23b67157cde7d61a54784c59356b7b4beee5960
BAITC-Hacks/hack-0a99e361-xy,c890bfc84036536b9168776aeda5f87fc9eb64a5
BAITC-Hacks/hack-0aa7de99-cactus,547168ecccaaf3908437f25715eb2d0e3b807aa4
BAITC-Hacks/hack-0ab0aee5-aminnaa,bb3001ff46727fd48ec2efbb83e87148640d5db3
BAITC-Hacks/hack-0ab753f5-aez-tech,1f1960581923cb74c1843b2d9d8054b344c1db64
BAITC-Hacks/hack-0ac1277d-bezdarez,b1750421810e4cc3a6596b74ed559105f92ec9de
BAITC-Hacks/hack-0ac3a7a7-rmt,fe325fa7977af3cc0c3cf58be31f0073c936e8f8
BAITC-Hacks/hack-0ace0672-natural-intelligence,e6f701f6546b9834b706de147a3a7c3b4ccd6803
BAITC-Hacks/hack-0ad598f9-nurislamaiu,3b23bfbf3c1ffca7ac21ebc4fe24ae97af708972
BAITC-Hacks/hack-0ae2732e-aimens,4909f2915282ab8fc012944387ecd3ae8ce52a92
BAITC-Hacks/hack-0af00165-iwbhappy,85aacafd655ae2b99950c6390706502b5fd3bb8f
BAITC-Hacks/hack-0af01aee-qwerty,cc0473817929368435dff0b23ade28c9da17c432
BAITC-Hacks/hack-0b0eb061-timshoiyn,86543c0f1560c3214f059f87f73bf5fec7a92269
BAITC-Hacks/hack-0b120e34-prompt-chiefs,50c67cdc4db27bc0b3fcffca1a678735cb355c3c
BAITC-Hacks/hack-0b13b785-dreng,415e4ed8de0687c2fdc3fc1ef2ab4691285b37fc
BAITC-Hacks/hack-0b25a3b9-akimzhan-intelligence,2db109f35add04198455266812356735ec39cfb6
BAITC-Hacks/hack-0b2da144-pseudocoders,2d187a48662903606bf898d8dd2ca869f49a13a0
BAITC-Hacks/hack-0b372f75-elderort,2bcd508c6421c9284018fc52f701b932b2de30d4
BAITC-Hacks/hack-0b3cc9cc-asg,9be7f05266561f380442d0077c26c55feb72c19b
BAITC-Hacks/hack-0b5bca15-sdg,e7efa8df14c8fcbe6a891e322552f6a9ce8c5569
BAITC-Hacks/hack-0b5f8f79-diad,8c81c592de26d9f66cab62c1d4b0a622f4bc6ed3
BAITC-Hacks/hack-0b64172c-tnd,e49850464450bd07d031bd7b87591be5770c44d8
BAITC-Hacks/hack-0b64bf03-saq-team,467812ce8c4d7224fe3cffea65d7cd92f9c15aa4
BAITC-Hacks/hack-0b79535f-ademis,0b9e6ca88745c95f8b215135b75e34222995f0db
BAITC-Hacks/hack-0b88c1de-no-idea-team,37cbaed666cca4bdc151809673a2c1eb877a7355
BAITC-Hacks/hack-0b94fdb6-ascend,8f79cdc90aeba8ee6013281a0e7a218303624496
BAITC-Hacks/hack-0b99a0e3-teachtech,718b24a03bed140d701b41d5c8f4cc745ba52327
BAITC-Hacks/hack-0ba3e8ce-ozge,f78c41bb2fe8d3ce8e199864d4811cc0bc7bb03e
BAITC-Hacks/hack-0bb056a0-reinsparrow,11191cfdf71b6d8e43ec695bda67c4f24818c1d7
BAITC-Hacks/hack-0bb1b3be-oilan,d66ae419dbe3ce0d36bc5ddcbf6a4f92f2cd2230
BAITC-Hacks/hack-0bb708a1-nova,7f715afd0146d26aca175a5ac07e50652e9b58f1
BAITC-Hacks/hack-0beb2646-meirich,f7f544490f9e4a09f7aa5ad344aeeac84ab64907
BAITC-Hacks/hack-0bfdb15f-ajbekmamau99-tech,a64aa294799bd242e3f6ace79abb96ab92ac3507
BAITC-Hacks/hack-0c00ba12-ares-solutions,e065b0e407b4cb81dce8d2a8127583ac4eb18057
BAITC-Hacks/hack-0c02bd80-mussels,e952acfc17253a858d97f576b7c8d2648497d5a7
BAITC-Hacks/hack-0c0b2c2f-zherimai,d20e9dcd9ee5c40b9626a2903263057361843f27
BAITC-Hacks/hack-0c0b9665-ascension,cc213fe10d68dc3546bfa4d3098372ad80cf4748
BAITC-Hacks/hack-0c2e4d3d-qura-team,c4ac838917d744735e38bc42886b75780a384ff0
BAITC-Hacks/hack-0c3703d8-be-better-education,25d84c0b5072a14ec669fcca452fd53062a65332
BAITC-Hacks/hack-0c375a65-arias,51f3700ec9d82efaf85fb60e6645e3b094fa288b
BAITC-Hacks/hack-0c3e165b-ecki,4df366d74540b2a37927d660b325033de039df02
BAITC-Hacks/hack-0c5f3752-saqtek,0b6952c3cbfb09302e39455149a37dc794e3ca80
BAITC-Hacks/hack-0c8061c8-beibitai,416bb9b2aa51b28c56ece9e5f223aca4e9231b50
BAITC-Hacks/hack-0c90ccb6-228,67c4c6893e12ae574c22b2c9d81ddb7cd0e8ff38
BAITC-Hacks/hack-0cdadb85-baitau,c830815b02b704ad8445be42282c927b40347a7b
BAITC-Hacks/hack-0cebe681-res-novae,26d6e1d0591e7f319c295a4f6297c1727027890f
BAITC-Hacks/hack-0d09e99e-prompt,dbc3f440d8c30e41bc74b441de7642320dc375b7
BAITC-Hacks/hack-0d40cdbb-t-sting,c29f54b7bd83a2eead4caff817c331c9b5a5e1ae
BAITC-Hacks/hack-0d58002e-derbes-tech,a2f2987d80dddf75b4e558c87ed62a504a5f33fa
BAITC-Hacks/hack-0d60a011-horseaters,fa527ac5b90247728723255a174679d7b308eda1
BAITC-Hacks/hack-0d7b09ae-vais,093615b089fa7c6f4ef5f93647030361a786de6d
BAITC-Hacks/hack-0d94488c-weddingerasyl,797abf2f4c1a9ace89e182fd806bb498b00c7f14
BAITC-Hacks/hack-0da4554f-sudo-win,6154823f3b9131f32091a44f1dcc8bf0850a886d
BAITC-Hacks/hack-0dd0a2e7-ai-qaitu,00f212ffbef000ce9487a1636cede9b23d762204
BAITC-Hacks/hack-0e02f0d9-firewatch-ai,85613442f66a5c9b0b2f0d403195d1aead654476
BAITC-Hacks/hack-0e1b883f-kaspi,5ad50b3b5c6514c5acae3ef67dd7ef48126eb540
BAITC-Hacks/hack-0e34e0b3-triple-a,6472b670532db0853febaf3e5c0bed42bd712067
BAITC-Hacks/hack-0e4828fe-4inaa,ca79812cdc4d2563a87ba630aa5225eaeaf2df31
BAITC-Hacks/hack-0e4a4153-bulduck,02b996f683f696375273b2b73a8384458e17bedf
BAITC-Hacks/hack-0e4a90c3-mrunknownman,890a16457cccd15c537ddaa6a93720327a0fae82
BAITC-Hacks/hack-0e53de1d-waterlo-l3,8de815514c5b0c9a8134dd593107de510d32dc25
BAITC-Hacks/hack-0e6e3a86-sixsevenmegasupersigmaproloser,f344d1750125fe785e1f69523de723498625a51e
BAITC-Hacks/hack-0e8289a1-qad,2c56594b51681deb9bafe14a8b260827bb9c9d71
BAITC-Hacks/hack-0e917db2-cymru,bbb664869df77090e6879e4d7fc7df6a6029e74e
BAITC-Hacks/hack-0e9cfe41-adiletfndr,95c1ee7c031f42bbf4a31836e77f73c9d7b6a118
BAITC-Hacks/hack-0e9e8c84-gi,32aa821068b2041889191c11888e44d4c1c05e56
BAITC-Hacks/hack-0ea976a3-kwesi-strydom,041b9e820536cb2da22b61de18855b272cbd6468
BAITC-Hacks/hack-0eab823a-logic-lab,ed09c4c3e9bb9f8b72900e55482c8b03c1611cdd
BAITC-Hacks/hack-0eb56de7-ai-luna,a72d1901172845b1439dc0637b0e8442ecd7dd4f
BAITC-Hacks/hack-0ec77173-guys,605b917221cc2f4bc8c9fb7ad0b035e55cb717b0
BAITC-Hacks/hack-0ed19293-otabekrizayev,b1f63613d8217878b98001270eb30ec55cb5e3d2
BAITC-Hacks/hack-0edd372c-qlcd,537466fcbf8b86a827f002fc8d916a11d582d712
BAITC-Hacks/hack-0eeb6870-team,a3771508bdd251197ef1da0c0285aa8aef1763d7
BAITC-Hacks/hack-0ef66f19-quasar,9b24c2ceba0d2af9594c8e71a49bf7871ca6581f
BAITC-Hacks/hack-0ef9a1e4-vigessvet,ba5f3e803a1777babd9417382c7d99edb54768be
BAITC-Hacks/hack-0f13daa3-apex-ai,b0aa24e928d5cca67540455ac180444c61c1dea4
BAITC-Hacks/hack-0f15c768-v9mn8zctbp-crypto,6b9e8aab7529a3042b358a269032eaf9a00d0236
BAITC-Hacks/hack-0f2fc998-zhhass,78feabd7b323588c7e6c121e01ede165c3801e88
BAITC-Hacks/hack-0f3d6015-backpink,7aca22f3d573d2870c9ccc3f5d900d3cf13a816f
BAITC-Hacks/hack-0f4bdd8d-kilocraft,6f273b9a70ebff5d82aebc917b308f0acaa771db
BAITC-Hacks/hack-0f715393-aidana66,3385f7efd6f3e39439fc98d54e41594cd6b02bf9
BAITC-Hacks/hack-0f755b0e-baglan-maker,d8d857dd07890cf063d69a5df8b0a5e086cf7610
BAITC-Hacks/hack-0f756164-kalashov,21c316db029e3fdd884a4a8810a40c4b5ddbcf61
BAITC-Hacks/hack-0f76815a-aetheriacraft,16d37921194b22e2972f8acc1de4e2b5d6e46b58
BAITC-Hacks/hack-0f7c5371-quantara,e414b815cf048c2c2afa1beee5c826fdd5a4ab31
BAITC-Hacks/hack-0f8b3a7c-doublemid,e2365ce87efddabee9b4666551b9f838843f615c
BAITC-Hacks/hack-0fa7cbf5-ermukhanov,a72e8549d729ff265c08dda2f5d520b37fddfdfd
BAITC-Hacks/hack-0fd3184b-damir-kanymkulov,40fcb8ed7a41c54b7afeb6d8cc2b507ae45564ce
BAITC-Hacks/hack-0fe53ed9-glmzhnm,362c188b3e889f59d5ae84fe900182c128806517
BAITC-Hacks/hack-0ffac112-aisol,51491e5594ca0ef7bde8f0c27a4431c218e8439b
BAITC-Hacks/hack-10103a9e-rrusllanuly,c385e261926eb71ec94f5eab0bd52c2e2dafd163
BAITC-Hacks/hack-101116b6-swag,18b22e4353ae7f23710ca6bfd00f5851021dc2d8
BAITC-Hacks/hack-103cc238-yekaterina05,87605f7513e58aded93f8de6a07dc477bb37da1f
BAITC-Hacks/hack-10601ce1-dealducks,0dea7efec063d558ffc0624a6d74516fbd830765
BAITC-Hacks/hack-10611c80-miners,bca06a3090dc5cb01ccc2e60a65f57e7fa331e47
BAITC-Hacks/hack-1086dac4-amazing-guys,e4f3f0085eac23511c88c764d52168da116660a0
BAITC-Hacks/hack-10873ef9-kumar,51e73d138d7f7c266d394f8ecb394a3e4ecc2139
BAITC-Hacks/hack-109052e5-itshich,1ed76f32d61463ecd15f825a2b57e5fd3ffedc03
BAITC-Hacks/hack-1091bfc8-zhiger,416a5e3b3ac9d852c45f17771af77ce344ddef1e
BAITC-Hacks/hack-109e632c-aw1rn,c932294a56be467bc291cf4c9e522e59927643a4
BAITC-Hacks/hack-10b69385-moment,419074813602e299d50c449b5f462be144b9472e
BAITC-Hacks/hack-10cbfaad-nyu,28fdc7ceb8cb66305d39903762f53960ac9744de
BAITC-Hacks/hack-10d6f8ea-yola-team,2eb8bbea7b3e0652896e8aa00b3a686666c34382
BAITC-Hacks/hack-10e6bc0b-educode,1e83ca00fb1a92ef793696e0a79677026d93bd85
BAITC-Hacks/hack-10e819ea-team,3ca5c538c8153886850508854d63b356fc6c5928
BAITC-Hacks/hack-10f83c80-usanlog,24a0e490c495fba25ff9fb63b92c8da0645eb92c
BAITC-Hacks/hack-110c2392-nolimits,0f7e54f558cf1ae64663979acef68ae86fbcf492
BAITC-Hacks/hack-1120001a-shadiyar7,172c0e315e0e773c0c8b3a77fda9c0c746ea6e6e
BAITC-Hacks/hack-1138dd68-buildlogicai,9530c697ff4dfcbb2ad31ad8ea36081da54e574c
BAITC-Hacks/hack-115ca579-start40nnn,6e86602b292d4f7f2a72fd438da533f6b5553124
BAITC-Hacks/hack-11679907-ai-first-repitition,420b9e4b0b93ef085ca5e05ff2a8756bde6d8e64
BAITC-Hacks/hack-1197ff8a-almau-hacklab,0a57d4d11510f7771b2cd548f3d9da28816bcc94
BAITC-Hacks/hack-119c20f5-haroke,2285e3b096ebb27f18a4d8fcc36aa02a4ebda61c
BAITC-Hacks/hack-119e9d43-hibeka,55b7429c810f8c9eb02a23da6484aa55c18813ef
BAITC-Hacks/hack-11ac94eb-zhalpakov,c11acd84815f3445099c5582cc01264bdf7109c0
BAITC-Hacks/hack-1202b791-chill-pepper,197c2376f0279acbb8528a89c55835943ec8159b
BAITC-Hacks/hack-1212c403-a1medet,aec23a86e8caf1e93e5f464e86cca74e1e1a3ead
BAITC-Hacks/hack-12254b16-vip-polo,6c5c42d7ad4ce33c57d0e358ac8662f8915a2cb1
BAITC-Hacks/hack-12268adb-sbs-team,cfe01db609b3fe91dd18e4cbede994cf41343c5c
BAITC-Hacks/hack-1238d1db-assylzatsadyk-eng,776548511f87140e5e799df7c3feaf80624f36eb
BAITC-Hacks/hack-1262430e-aristocratss,eca9806ec425e25314faa96388e77707b57f71cf
BAITC-Hacks/hack-1267c61c-diwwterr,e2acb704e6c6140c7f941ee1101a2a23504794a5
BAITC-Hacks/hack-127df3d4-anuarturgali7,234376b1dc4e685876752ec90f535ad1a89ff8b3
BAITC-Hacks/hack-12842b89-zhantixx,6d5330c86eafb0b61f34e9c2366b33af2b6b1225
BAITC-Hacks/hack-12ceccc2-pogancy,2f0583d9966930060274273556bf6668e4d5f3dc
BAITC-Hacks/hack-12f7aee2-aeka,afb7e0c677c91ea60ff364afbd106ab9b14b451d
BAITC-Hacks/hack-12fc0537-aleezhan,10602724a799ce15ca2bd3bf8e26b7cef743cbdd
BAITC-Hacks/hack-12fc7280-pav1zz,4c8f8de36d00dc0ded0efc0caa3b26685ab138a9
BAITC-Hacks/hack-13084f7d-k-a-i-f-a-r-i-k-i,ea552b63b7c7946199b1bb2d4d0da72f4cb17367
BAITC-Hacks/hack-130eadd9-sa-3,f242f5b783f4296e3f02eef4f0209886c9d456d1
BAITC-Hacks/hack-1323d9a9-team,66ab85f7fb4e7a1492798521b5dc392fb6599530
BAITC-Hacks/hack-13396ec0-aigeraflower94-dotcom,7a3d654fb5e4d9a2ce135b7d481245f3c37cf7d6
BAITC-Hacks/hack-1357219b-vibe-moggers,2be4b51fbe725851357ef678ce4ea8ec67a6e017
BAITC-Hacks/hack-13607aa8-wigunilmi,0186e7a526a3ff0c0c5ece29561078ffb975038e
BAITC-Hacks/hack-137ceaa8-mansur12345678910,6afbbb06767b0e85ef108ab7b235e4da41ee2c9e
BAITC-Hacks/hack-137f2b46-ive,069f65af34abd2c77560c61efa51154a66e6ac4e
BAITC-Hacks/hack-13968c10-essence,ecf177e4fba35fd678def27ffdbfcb18a81e7209
BAITC-Hacks/hack-13ac2209-nurdick,a81760c46a7380db2aba356070996291e5e354e4
BAITC-Hacks/hack-13da3ba6-dakengoi,9c324c52fd7ce5ec0d7d344b8ae09622a177e07b
BAITC-Hacks/hack-13dea210-loopwoop,607717304ee3aae89d1dbb5dd710cea69b27a9ea
BAITC-Hacks/hack-13ffe368-mbelgiba,650ab6f96aa35d490d7894814cce6cdb93baa17a
BAITC-Hacks/hack-1404e13c-ai-dostar,8c22d049347aa7cc4a0c12d06c60be86ba7557b2
BAITC-Hacks/hack-1425573f-bentom,84c8112df6e58f154fce5bad52e5c15223f7758b
BAITC-Hacks/hack-143cc2ef-blaze-09x,90957acdad124e1faf57ba0112c80dfcad2c78e6
BAITC-Hacks/hack-14404732-zhigitter,d9d371794904297d51fa9b8d24c6efcb3506ab24
BAITC-Hacks/hack-144ec83b-epiq,e523b9a35d09acee0fa07a6affc82f800b39db51
BAITC-Hacks/hack-1464366b-dreamteam,e7282675a1b691220e664cee1e9e84c999cd0c71
BAITC-Hacks/hack-146a552f-alexandrsergei4,91eac79799d72924c4abe1dab2c712f9094528c2
BAITC-Hacks/hack-14755d73-ai-czhs,6f50acc38643c2903b5892745db6a9d77b9793d3
BAITC-Hacks/hack-14762186-ilbeb,ab8e000c5883c5afda1fe31c29938105fddb4437
BAITC-Hacks/hack-14789f63-hik,0a36c04607727953496c7afbd6d9dc4e93504967
BAITC-Hacks/hack-1486b933-nosignal,afe3ef42b11f337207aaf0e3d1df19b81e78b1ad
BAITC-Hacks/hack-14960b3d-noone,47ef53c0f885666050dc2f974feff0296d89402e
BAITC-Hacks/hack-14d000d9-team,254d09015d7972f303f536efb34c23a5efd49c49
BAITC-Hacks/hack-14dc5002-nt,25b78c95584ff94a038f8be55bd91ee3dcdc95f0
BAITC-Hacks/hack-14eb8c34-machu-piccu,6746c1908892fba3ef0e85247b014aa449f4afb4
BAITC-Hacks/hack-14fba0fe-f1alco,a66e2611d65a60da7acab7269f79f94f4b44e5fd
BAITC-Hacks/hack-14fd75d2-spark-team,b276ca4be9eb5799bb27cb00de3e7e48d965115d
BAITC-Hacks/hack-150ec698-orazbaialibek-star,e168c129d7c83a92d8e238d64709f2a42ec22561
BAITC-Hacks/hack-1518be83-ai-seco,eb654170156a604369af7aea6233691f5f97a2cd
BAITC-Hacks/hack-151ca724-sayat,63324f6408631a15803371dd5301de3b69cb7ffa
BAITC-Hacks/hack-152cbf67-marat-driod,2cf3acf1aa026af3c205648e25972bc7957af847
BAITC-Hacks/hack-15391445-kernel-panic,c95e14bbbcb3e0bea012e4be81f5b5de1eb90484
BAITC-Hacks/hack-1539d0b0-q-coldi,4426baea787497333942e80a07c3d55656b90827
BAITC-Hacks/hack-15548459-hackathon-barni,0d396bcf62fdc2718c3bc0ebda5fef24f5d4f3a9
BAITC-Hacks/hack-15801fec-hackeron,06769e29899927f0e7aec6e71ffbe7f1b505bf15
BAITC-Hacks/hack-159ae9b5-hacktik,c9b74fbfbc3881c09693b1c3e316b8b4e139132a
BAITC-Hacks/hack-159c5b29-tuzet,b0b0e92916e9a4f60a05970b76fa6cdff38dba31
BAITC-Hacks/hack-15a18053-olzhashtml,509dee65c8c069c61f10952d7502427aba94a58c
BAITC-Hacks/hack-15d1fa83-team,4a79b39e3db758f95f093ebdbac4afb4a9f65116
BAITC-Hacks/hack-160612c2-islamzef321-debug,1533529da7a409c71d75ddaecc6ea0b5c96768d7
BAITC-Hacks/hack-160aab26-aiai,c44e91d8b053c2e8cd2bfafd789f1e02a390bc42
BAITC-Hacks/hack-16131bb2-doza44,2e162a1e4548e4ad479c628e0800ab5c38239b66
BAITC-Hacks/hack-161bb9ad-naa,8ab15c20dc08a83ef6bb8e05045cec89957803a0
BAITC-Hacks/hack-16302a86-lmsh,3e45528f8e8f1b0d1ff3f11800be7ea47f9b1920
BAITC-Hacks/hack-16612d42-mkp22,28fdd7b99dc9276c9a8df7bc9a1658e62f4a16c5
BAITC-Hacks/hack-166d8cc7-iflow,a6cf24cf55f4b46d61c7f0c578550610695947e6
BAITC-Hacks/hack-166e37b3-reject,9867935b30e5c12ebc04d615105140b225dbc14d
BAITC-Hacks/hack-16750f7e-ana,76c2d004dff2ce53c1178d899c61178a9c760482
BAITC-Hacks/hack-16b87636-entropy,2d548bc95f3353f95be398cac390fed981dc7d1e
BAITC-Hacks/hack-16b8b98f-veritas,31e4b47bdf57c900a3df4f02be8b618988d2a256
BAITC-Hacks/hack-16c8a02a-che-guevara,0bcbaf60c67f83de89a8c81037f6a2633b634521
BAITC-Hacks/hack-16cba0ef-zhuniskhans-hash,2b5ee3995110b9f85f011ae56000496cce514561
BAITC-Hacks/hack-16d9f067-nurmuhanmet,0f10612920fa18af3a4251383f7e7e15db4850de
BAITC-Hacks/hack-16e217c8-last-neuron-standing,2ae82992950498e1ac05e3bbbd430ccae55012ec
BAITC-Hacks/hack-16e52c09-nurislamshermatov,d4ea1776c308647faaa16fac02ab0900f8f8b6fd
BAITC-Hacks/hack-16e797e3-butterfly-effect,3e1b464caaafa34e63a51a510f7738722c2b1aac
BAITC-Hacks/hack-17038e05-deriz,1d78f759917d62e6ab49c0ed8a282ad3bd1384ca
BAITC-Hacks/hack-171d2f57-duman884,79c1110f7bb53653367c563b5f03d85579f942b3
BAITC-Hacks/hack-171f8610-zadroty-sproty,0f1aabe4eb24772ad811dd1ffc2dfeaa4a5e0ade
BAITC-Hacks/hack-17269d64-johnlenhermann16,fc1f01055c8b4cbbb166e55f75e860ce599fa124
BAITC-Hacks/hack-1728eacc-liquiscope,375f88f9cc695a0e35e20e5142c736109c986184
BAITC-Hacks/hack-17308f13-arsenal,f21ae14786b5c735e0eb69b5fa1bbf1d134dc9b1
BAITC-Hacks/hack-173e8652-synex,e972af30e4f857e3758353625a6f4b40477f4adc
BAITC-Hacks/hack-17542026-thedinaiym,9b9861a36d1a73a6c7c983b579a17c82fb9fc04d
BAITC-Hacks/hack-176032e6-ggbyte,8e7f92a9275663f042561010a31ba5e23ca3a0a3
BAITC-Hacks/hack-17634cad-ggggggaqq,d2dade33fed642648f8d49226f5a1a1bd4b36c40
BAITC-Hacks/hack-176a9f49-dilbektemir321-max,fd268565ea77fe76a890f200a9e676761e2774dd
BAITC-Hacks/hack-176c6544-brilliants,f41360b4b8b607f5559a462d2f35955128a650a2
BAITC-Hacks/hack-1790cb51-blitz,4fb01e59b6b82c5a2b7a338fb81f4712d02731bb
BAITC-Hacks/hack-17a0e36f-a7,4ce3fdc4664c441510bceb1eda88df3ab7ab4e74
BAITC-Hacks/hack-17c230f8-ctrlx,72ffd27266bcb2ebd5d7fdb9e7c677f2b0863061
BAITC-Hacks/hack-17eaad63-altynbks,d2d884efe374194ddd01038ab056eff61aea2e81
BAITC-Hacks/hack-17ecbe2e-auron-intelligence,247d4b4825e5601d5760701c958e33e3406a21d8
BAITC-Hacks/hack-17f46208-zzertex,f88c3abcb46f149d00c999068ffd355a4a0f86dd
BAITC-Hacks/hack-181aa503-iliyasnu,5ab9c02f63087f1d3296aa2236c5f30648683aae
BAITC-Hacks/hack-181acac4-team,6bb7ca77dc684d1e14c9ebbe812117b1ed2b9189
BAITC-Hacks/hack-181c6071-qamqor,15887423aa3e04f0913022274c2d886bb37fb254
BAITC-Hacks/hack-182682a3-redorda,2a1ba88aa65c38a5ed54e6e254e48b5272a9d72d
BAITC-Hacks/hack-185ec976-tushkanchikus,bbf2a13b4395420da27193c652c185191216d792
BAITC-Hacks/hack-18644ae3-team,70c75748bb8956e615ec29dae4a92036efe274f3
BAITC-Hacks/hack-1869508f-plankton,3641477156c0dfe7736177f35f34cd5bc572ab44
BAITC-Hacks/hack-1883c947-supernova,ac826d1467cc2a10e628a45f2d774a3bc22c126a
BAITC-Hacks/hack-18874c1c-xi,2e60a9d8a5436ca46ab09317699c1ab251081ed1
BAITC-Hacks/hack-18881e5e-team,5266af892aeefecf6343824493d1fc3bd922ed9d
BAITC-Hacks/hack-18962557-mukagali-dostyq,84984cdf95f499cee8c9a5bfefd0cfe9031768ac
BAITC-Hacks/hack-18b19bf0-vpadlu,a18cd7b542d857bd70b917b8c8bbc339a6a38f4d
BAITC-Hacks/hack-18ba547b-trexjiu4ue,1504d64d1e70bad433ef5e6249eb7ecb804cc387
BAITC-Hacks/hack-18bd6b4e-urshkv,c6b7780c49a1ae48d712cb127368a35fd5559d7c
BAITC-Hacks/hack-18bf787f-omalyimix,8c002b007fc7e14cc496bb47856b3f343e0739bc
BAITC-Hacks/hack-18c231dc-amadeus,d8dcdadf707f66f24705e554ac089c532734e762
BAITC-Hacks/hack-18d906e5-kruzhkn,520cd48e854656d1b114e032230f23744e9848cd
BAITC-Hacks/hack-18ec7c3d-nurarys71,5f451781d4f2da265155987876c6133d0ff0438f
BAITC-Hacks/hack-18fdf6dd-book-hub,e6db4cc1ff191a0ea27802416596933ed2e12b22
BAITC-Hacks/hack-19089cec-nt,40ff48f2acd48d39d810da58de9f7b6605f1d584
BAITC-Hacks/hack-1909914b-707aydinnn,ed6fd7113005747f7f2a38f866fdb9cf383bd0df
BAITC-Hacks/hack-190f7cde-9bye,f2125e873030e7d01fc24a8568c6844451b51daf
BAITC-Hacks/hack-1911dca3-bymas,f3586c63d50f1f7bac8cf89778cf82b95ec3f8bc
BAITC-Hacks/hack-19601c9e-teabea,5bb2570f8a06652d4692c0ebd65f3c63fa5a93d8
BAITC-Hacks/hack-196402f3-nikola-burbaki,0d31dea64a6a751e8e8a16e0c77e13166a4092d2
BAITC-Hacks/hack-1966b7f6-pushok,03e82a76969ef6042be2e066668f68722bbc3266
BAITC-Hacks/hack-198c3e17-zhalgas,1c99c340d7f52f30fd39f0d5057ddb92e8be4cc0
BAITC-Hacks/hack-1993ab4e-six-eyes,c21903146b65d7e62dc84a0f2cc3d439e308cda8
BAITC-Hacks/hack-19a37d8c-yerdaulet91,39fffefb9c0c45ee7736f2a3549f58b3102f5950
BAITC-Hacks/hack-19a8b765-fixpoint,da7866e84734721d2aaf3ab7d990983b7f96c3ee
BAITC-Hacks/hack-19ad1be8-jarvis-kmc,deaf1467410564a8b518f7f55589b3e15e07db2a
BAITC-Hacks/hack-19b9197d-iorepheus,c98cb5c28dee4a943222b19b720055fb10092677
BAITC-Hacks/hack-19d0fc52-tanquraii,b9c88e2fd34b8d7918b9b64a27c35eb8648abddb
BAITC-Hacks/hack-19d23d4c-uid-labs,70e3d631dc211011b630eb267e97cac1304f98fb
BAITC-Hacks/hack-19e66247-nurdaulet0801,e98e5bfee67bcd82b0f2f7e64d35449e15d546c3
BAITC-Hacks/hack-1a147962-ahmed,3e23636a81cfcfe20b9e22fd38a1f11e0206bcb8
BAITC-Hacks/hack-1a19a140-ainsomnia,d1ebbc06836b7e974607450266b9d75560f82521
BAITC-Hacks/hack-1a228c25-ayarys-a,d6541840072c3ff88800a4ecff08ce45bc3d4620
BAITC-Hacks/hack-1a24f2ec-arzan-kz,16b6c9933bc0eef1a3b034a46fb88c7ee181bb33
BAITC-Hacks/hack-1a31674c-ai---bolashaq-sanatili-w,f50d4925f73a20c7c421b6a0bdd653f315cd1a25
BAITC-Hacks/hack-1a3f19e0-aaviators,acb7f5ec0a11e3629be795fd35becf07df58905b
BAITC-Hacks/hack-1a456ef8-omargaly,9d095df78afcaaab989326ed57d70c81cc46f27e
BAITC-Hacks/hack-1a46488a-mogg,714bb42c0d25dc76ff8900ac06bd39a1fae3ac6f
BAITC-Hacks/hack-1a5c76e8-doka,624dcba9e011fb2128ebdcf61d14e4a19c6e32d8
BAITC-Hacks/hack-1a71ce0b-ai-lar,8ece0a055bebd2e41512f1550854dbbbf0ab4e24
BAITC-Hacks/hack-1a7ff6a5-asanapp,4ddef62258f4709a67badaa7e0bc6d4ebb0ada7f
BAITC-Hacks/hack-1a8a3445-sarinov,89f3fe02a33cdd54ab8b415c3b0a7270736f4c26
BAITC-Hacks/hack-1a982715-verissimus,3892e9e6a967f2ea5517d34d329a825e17734da2
BAITC-Hacks/hack-1a9aa291-titan,c7b57f7f3df2f025e6045ff1e876e69430932e6c
BAITC-Hacks/hack-1ac58bad-nolimitima,85d3f8ffa7fd8a8172a54c96aa050359b10c059a
BAITC-Hacks/hack-1ac91c9f-ainterns,ee36c43e8560c054b4b41eda7a1b3e745adb5cb8
BAITC-Hacks/hack-1ad72463-apex-ai,7e6f00c456445d0309473f30ad5ddb4f1cc3de3f
BAITC-Hacks/hack-1ad92890-taymas-systems,47f2209d4b63e014f8e869b0560e7554abb4ef97
BAITC-Hacks/hack-1ae8009a-clinicos,8063002f751b0ef35f057611eb3968cec3421744
BAITC-Hacks/hack-1afb2c7f-nurs091,dec953f141c9e50ff4f96bd17fa0037d87700253
BAITC-Hacks/hack-1b12861b-bssid,373fa4296af1ce5481f1c290c0dc4212b7a76a2e
BAITC-Hacks/hack-1b16734d-deatharima,ee5e368aa45bdf3d65f475d669c4c6f3d6042ad8
BAITC-Hacks/hack-1b1c8584-nietullaaknur-ux,407eeb75f1197916de15ebdb43544da7c6510dbe
BAITC-Hacks/hack-1b3a6072-taldy-paris,a76f74ee6499ad3bfac32f300f2ed36c478ee211
BAITC-Hacks/hack-1b4e8976-qaldy-ai,919854d0f659b69a3fbd11191c8ddd4887e4fce9
BAITC-Hacks/hack-1b4ec718-3,18376c2de2484e39ce23a29b374ceacc58914761
BAITC-Hacks/hack-1b6d8e05-h,dbb8764c096f9a4609c3a00e9d08d7aeac894e0f
BAITC-Hacks/hack-1b811e2e-suleimenov049,5d12683fc42774f4d81eab65444aa79e2dbad08c
BAITC-Hacks/hack-1b815292-redrobin,cdf9f19297f7b7fca65b9fc7daa1c364e6383fc9
BAITC-Hacks/hack-1b905e27-sudo-make,a0e2ca349fdc8b18efdaf3e53b419f28ae0e2991
BAITC-Hacks/hack-1b9e807f-shym,f928b1f32ed61fb248b59a36b625981f028cb6ea
BAITC-Hacks/hack-1ba45f00-lambda-studio,2405f52b8a13ac48bc0ecc0a0de44f29924848ea
BAITC-Hacks/hack-1bc2a89d-som3dieyoung,1f8947c7d493e9504f473a371a0196b6a4213898
BAITC-Hacks/hack-1bc773d5-kmg,78048c6fcf2e360cd7422e74fa671c93338337e7
BAITC-Hacks/hack-1be09018-maaai,29ad3ea3c015e7f4fd5377400a6385e5b25a88bf
BAITC-Hacks/hack-1be3ebd9-nato,23a8fc05a1e1d039833b91ced057278b838d5436
BAITC-Hacks/hack-1bf1c5f3-wai,481516f5afca8c00cc41c906fd69ea24156822c5
BAITC-Hacks/hack-1bf2800f-etoaiymm-cmd,6e44c958b352380f26dae059856ab8588a6c6f15
BAITC-Hacks/hack-1c29d967-bekbalbek,45e5c698a32725fb64c0fd23c05ba501a82a1cd4
BAITC-Hacks/hack-1c3acd3f-john-fortnite-kennedy,c4653127e98551b711736f176b1e6273e9c5f465
BAITC-Hacks/hack-1c3af159-aizhuldyz,07fc67c186e5f99f013f86ce115dc4cc1af7c8ab
BAITC-Hacks/hack-1c4513ed-aday,efd6ba3af323f234fea43200d9f5859858eb5c44
BAITC-Hacks/hack-1c50feda-yassawi,f38f2829df8f8a280657643519d052a9edd589de
BAITC-Hacks/hack-1c5d36cf-velamen,fe787e40b0576cde1cb6c2328fb12373e27d67f8
BAITC-Hacks/hack-1c724043-nedra-chily,37112838554f370720dd92341394318e8ee77f75
BAITC-Hacks/hack-1c78f02e-y-e-r-a-ai,9cac17fe115652117dda0d6d93f36c9f5cc97d5c
BAITC-Hacks/hack-1c82c8eb-ai-tungtungsolution,a32c53ceff30acba65adf47352b80f2a7f135f50
BAITC-Hacks/hack-1c8fb5fb-atreidesdev,741b0c20d9949b59ab821091c3996a829c2be7be
BAITC-Hacks/hack-1caa279e-knate42,0d1e2960ac25c830130ec27637db50ead8298ec6
BAITC-Hacks/hack-1cb3796c-lib,0cf6583957a2997ac5b5e27eed988ae693fd999d
BAITC-Hacks/hack-1cc54c60-aidadulatbek,315a6dda24c7c57ed4eaa7e4a86dbe4925ed3af9
BAITC-Hacks/hack-1ce365d5-k-on,9ba9dbd31328ad88c539bbaa28c073bc4b362562
BAITC-Hacks/hack-1cef21cf-chupapi,54d2cbe791996883dc99d026ac54313c07201f09
BAITC-Hacks/hack-1cfc8dea-psiop,02469e251f74b5ee24efe39d121d8222b6fb5ca7
BAITC-Hacks/hack-1d022bc8-tandem,15f3512444a1be2d6400096d02e8b463ab69d547
BAITC-Hacks/hack-1d041715-genesis,fa8f601d5709bc75c3ad8364b7d1053c94031d66
BAITC-Hacks/hack-1d10377a-nextalem,bda0bba1800b935160dc783e346051fa60bb0b93
BAITC-Hacks/hack-1d18544b-benzteam,77e2a82f45f4806950813dcf1dbee38d90e455a5
BAITC-Hacks/hack-1d18839f-brainrotted-videcoders,22022a2fd8ad4fd1e2c4a1039c511cd2737a938c
BAITC-Hacks/hack-1d38502f-bahtiyarsenpai,be23e3295cd511a4e6b60d1d7852a1f5c2b8f57c
BAITC-Hacks/hack-1d38e601-nomadai,e162f5b04976325dbe83ef57d2f14c14e309cc08
BAITC-Hacks/hack-1d539e9d-miras,e03f8c82f9e0618f485224c16bca5543458379e3
BAITC-Hacks/hack-1d53feb9-nurdaulettt,2caf0d748a04ec5998d11b07a817b80c68a94051
BAITC-Hacks/hack-1d79395e-brogrammers,b71f1993263edb1e0b576ab25630cc7e824b5346
BAITC-Hacks/hack-1d8e1a5a-keizifire,63ed9352c2382e2b5e033735855cb51476ad8925
BAITC-Hacks/hack-1d93c309-karina,41f601d3ee42d5ee3f84114218972e7804d983ab
BAITC-Hacks/hack-1daa521e-abbbrrdev,b7ab1d282b572fa9bd394825b15bcc4e0a92e0bf
BAITC-Hacks/hack-1dd9a7f1-grobovshik-stura,24e5a3bf7c8de843dba3cf079a4236b3a99a62fc
BAITC-Hacks/hack-1de6dd0a-double-amirkhan,d8226d0879ca63dd6e920acb5cea62a14ef481d6
BAITC-Hacks/hack-1e16bce7-daniyal,8fb5a065458d02ef449bea0bdb2956fc965bac64
BAITC-Hacks/hack-1e19f1f9-fs,c686fc61320e2f5a452d975ce72484e1968f9d02
BAITC-Hacks/hack-1e23631c-ai-dostar,13ee855d85bf648455ec1f15b0ecaeb65fa6b13b
BAITC-Hacks/hack-1e314914-scumabuse,63c1091042c289f79f1b83d50d43705176bb5995
BAITC-Hacks/hack-1e479221-edunova,4e7be4ce04f1685d5f1b62c235cf59676dd0e40a
BAITC-Hacks/hack-1e4a21e0-best,4b035fa369c3f0778d72e80ad7d5de5799dd2d5b
BAITC-Hacks/hack-1e51ffd7-almakerbek,a042de99a614765d6f19a322e1c58062cf2f718a
BAITC-Hacks/hack-1e554dcb-rasul04,0a0dca8180471c558515c299f88e4f94ff373c0a
BAITC-Hacks/hack-1e5cea39-11,823aa52e0e4930ff91683e2b2ab36368490a5794
BAITC-Hacks/hack-1e7783d3-nurda67,0446a2c415206ee26316f0626146a72b3cefb187
BAITC-Hacks/hack-1ea392c1-jarvis-team,6739e3b3e67ac240a08e7e9a4add84fcb98c80b9
BAITC-Hacks/hack-1eb0e50a-inyedil,b02e21389d04353aabb85b6dec344703eab1f9a1
BAITC-Hacks/hack-1ec863f9-meg-ai,df18276abb02d088ac651ff9a60ff9e73d381334
BAITC-Hacks/hack-1eeed6ff-s-ztech,25103ce7849f0d2b6d6d999162f2318254812025
BAITC-Hacks/hack-1f355a93-art-solution,0acdd623a061a02af6ea564d48489549a58ab1ff
BAITC-Hacks/hack-1f40415f-vavail,b89cebec71f739ba5e746405734d191f3cf33113
BAITC-Hacks/hack-1f4e2e8c-sabina-i-love-you,b298cbf103429a4add588c45cf89cfb30fab156b
BAITC-Hacks/hack-1f64e2c7-akkerman-ops,93db0fccf5bbc019242f25f3e0983562b5f8f564
BAITC-Hacks/hack-1f678352-na-vibe,2b967595318a8697cfbb50ccca075397523aacc0
BAITC-Hacks/hack-1f7d534c-mega-khignt,2b815b61e0cef8c86718b5013e1ed100908fb60e
BAITC-Hacks/hack-1f9ed603-alt,7a9f90e320bd1f06a25401f16574bab4a9161afa
BAITC-Hacks/hack-1fbf4b22-nadir,a34605b950d6c961deee1d3fbc3330029a4cbfb3
BAITC-Hacks/hack-1fc1b22e-capexnull,04c931d0606abf1b9f5dd019dd65b5e6f91243d7
BAITC-Hacks/hack-1fcbcfcd-abobus,dbaba76d53d9190a530f4bfe6e3afbefffbf40c4
BAITC-Hacks/hack-1fcded4e-madina1998,9440af0e0484005ae7c5c547a462037d86eaffee
BAITC-Hacks/hack-1fe1c8c9-team,24fec032c6c5a024cf2c27ace0adbcd261c380e0
BAITC-Hacks/hack-1feaa890-olympiysky,728823cd60a36a4a412e569cb1bf7bd9301b6187
BAITC-Hacks/hack-1ff4314c-timur-2703,9dcd7f7d63b9dc8bc8c437df6816eb7d44d805c4
BAITC-Hacks/hack-20220531-eclipse,4239627a057963eed7d2a40f00044f31b657370f
BAITC-Hacks/hack-20246846-kai-education,53f351cbfa831de7217df3f315b7ba26b88f69a9
BAITC-Hacks/hack-2024ca6a-firewall,50657f09c24a7558fb8288b480dbc57c0dc0698b
BAITC-Hacks/hack-2036a781-sana,39ef694e94c71fb760d25eca7c1991903b8c1de3
BAITC-Hacks/hack-2049f299-just-act,16565beddb60a0d5862430a0ce5ec699b00b4924
BAITC-Hacks/hack-20632f47-vaierxq-maker,4b7184a346e9f1dce5253bca40aee496c1011b29
BAITC-Hacks/hack-2072e7e3-uwatality,e59cfa63a50ed2ae1d59785103de967425e4aec3
BAITC-Hacks/hack-2074fc44-claudecoders,baec25bfc9a9124f0c928fd1949abe01da137247
BAITC-Hacks/hack-207ab458-hellnurs,93dc801dc4d651d7d6fe1d6414a1751b52d47fd2
BAITC-Hacks/hack-207ff40c-team,f0c04a93d74bf531427fa69dd33c446f003c5473
BAITC-Hacks/hack-2080ba2e-sosa-solutions,afe42b63ff068822c44d7437487e756d28812b8d
BAITC-Hacks/hack-20882914-midnight-deploy,43a55aa780e89a57880f551f99e94229c13ba8a2
BAITC-Hacks/hack-2088a75f-earthai,e343270a976fccc0d26b05203663387c4f04f057
BAITC-Hacks/hack-20b3346d-ctrl-alt-elite,1f52abda67eae4db7523c4b94780746e9fad0b56
BAITC-Hacks/hack-20b34f31-kushti-jigitter,2a817c8d8ccaaa8b5c149ace0451761205c5c1f5
BAITC-Hacks/hack-20b52da8-wew,25ac9ea1cc376e53d42850c1b61f6d83452f1acf
BAITC-Hacks/hack-20bdc7a0-oslaebs,d99ebb5dd057543f3f887252c2960978f0fb3108
BAITC-Hacks/hack-20dfdf88-a1teng3,024ff14636eb75bb4e865a2cb84c5eb827d06b6a
BAITC-Hacks/hack-20ebc90b-codex-monsters,7be9804e94bd9db5c052f11294a5f4fd5e906560
BAITC-Hacks/hack-2143a06e-project-x,381d6c24e1a5c4200ca5e1797524dc00764779e1
BAITC-Hacks/hack-2158b04e-yosemiteee,46605690a28ba7b763644015c4f7109b9c7cd612
BAITC-Hacks/hack-216d04e2-ashyqaspan,0804e7894ed565d656d7186aa409ab6599b10706
BAITC-Hacks/hack-21886459-ghosttech,fc8b3e3b0210e568151afd73c0ce3451206b63ee
BAITC-Hacks/hack-219ea32e-spacex,d2e846d882a8db08fa606a413352120c7ef0b2b7
BAITC-Hacks/hack-21aa732b-b2b-saas-ai-crypto,6cb4b7ebf3bde9b5049080b1e42cbe9b2ceeca54
BAITC-Hacks/hack-21ad5124-flawless,6354ea2293f4f7e8c32b13ff5f53fbf07911e61b
BAITC-Hacks/hack-21b53722-zaasglg,d680371b464e266dfecad13ef12e19f74f704197
BAITC-Hacks/hack-21dd5fed-justnick100,fbceb3360fd4be6a6fd42ddad9479ee6d4f721ce
BAITC-Hacks/hack-21df4740-discovery-team,412a1f15bc67fa8e340f6ef8291ee591acd71bc9
BAITC-Hacks/hack-21e52fa6-seruenrepetition,01d12270cecce9b2b2978f3935922f4e3226e6f0
BAITC-Hacks/hack-21e7925b-cybercapybaras,a833593d8fb1c4bf11c511892de26f4f9a6b926c
BAITC-Hacks/hack-221b239e-zummer,b618e18dbe01628bf4595071fa3cef9a8bae2ab9
BAITC-Hacks/hack-22258791-n,5fdab4022e153a7a70c05099e8d736975d6e33df
BAITC-Hacks/hack-2228860c-grego,ce868c436103ead552e2f465e194f030b1bf12c5
BAITC-Hacks/hack-223b104b-createcode,d1812fcc35a4be862ba56001ae28dd681af359d7
BAITC-Hacks/hack-22404cda-apex-trio,883315709259d39054d12282ef6aff8cc55ed828
BAITC-Hacks/hack-22553d6a-aelqora,32d27098f64226a631ab68f8addb4940de6b6a43
BAITC-Hacks/hack-22572782-neuroforge,63dde108dd04cbd46cd613214f9e26be187c1a85
BAITC-Hacks/hack-226429c9-qarakus,dc6ed833ce2426accaaa7b4e781a6285b0d3d6f1
BAITC-Hacks/hack-22892654-3-14doors,f61b212e2f20a670543ab37c1b461b04d064286b
BAITC-Hacks/hack-22e0bf81-scoundrels,6d065bde695187e0e4bd0a5fb553994e85082dfc
BAITC-Hacks/hack-22e532a4-ai-solo,7c3992ae6b42831b36647ad0338cb7ae93a5235d
BAITC-Hacks/hack-22ebbf13-aura-ai,6bacb45269fd18365ac119779c6c7c8ff61be525
BAITC-Hacks/hack-22efa0ed-codexflow,69d4f760cc3194a845217f1c6130f119540f713d
BAITC-Hacks/hack-22f4174f-zhanar,bfce7b0dee646ba429499a01ad339378d685bb0b
BAITC-Hacks/hack-22f87622-synapse,ce62074e649012884f0dc7b905a95c6e70094447
BAITC-Hacks/hack-22fca084-back-to-future,2559773ae07f54212e5378b26c92599076e8aa57
BAITC-Hacks/hack-2300c9c2-code-302,fdbf1db260eb040164f366766ae80f56011bb09f
BAITC-Hacks/hack-23013e99-romanix,d5ab3ce33e11bd70011d296447260b14b002704b
BAITC-Hacks/hack-2309b0ed-honourable-b,3a601f1a031ce1569b8a6ba592f8707ad110037c
BAITC-Hacks/hack-233ecda2-umit,e3be278f54b0f3c4af0126fd535c8009b95e1de4
BAITC-Hacks/hack-2340d7ff-test-localhosters,dbefad39b4d44f2f7860996d3e1ea71c35c36d38
BAITC-Hacks/hack-23439350-aib2bsaas67,4def3828140554eea1c12109dad38fe959b427e0
BAITC-Hacks/hack-2348e2d0-707nrk,c4399716068055c3336146cdd24e52a5cbb6e3a9
BAITC-Hacks/hack-2368eac7-wearelarping,88088a950dc10f6e179ca526cc2291097a602b42
BAITC-Hacks/hack-236b9e5a-eduforge,a896a49e7fc84816a106bba10cc3f79cf6510374
BAITC-Hacks/hack-236d7cd8-elders,0cbcfeddc2ceaeb7d2358fa1a0452631cac704bd
BAITC-Hacks/hack-237a052f-users,340dc96077364f1025acf58b778cf417e88ccd43
BAITC-Hacks/hack-23b31d1c-boltww,07a75faa525f48e7aa57cd6f26baf2ab28a6f619
BAITC-Hacks/hack-23b8b25c-albion,7bde3a5de9bb14c130d48920981a79dcba4dddf5
BAITC-Hacks/hack-23bfd75e-tilek-ai,407647faf5a63d0c85c04d0e93118e81123d3d78
BAITC-Hacks/hack-23cfd220-arabara2135,6d0a3d51452e0bfbbb1ab3340e24860303793235
BAITC-Hacks/hack-23f59a30-ds23,686b1b944a7d1e8f24c3b9f2cc50a0a7e459d312
BAITC-Hacks/hack-24123292-skizm-tzz,2bb247ecce089e1081554a0b63011775c218dc05
BAITC-Hacks/hack-24299c5d-publish-or-perish,1cf34d598a956c57313c33e39c58997f3cbe9aec
BAITC-Hacks/hack-24488ff7-ilovelarp,1a502df649242e6b374bf74f38e0da70b9de9281
BAITC-Hacks/hack-244f25c0-aidatursinxan-cell,cb612b78363184b2af71141dbf39b201e970a0a1
BAITC-Hacks/hack-245a25d9-nevod,5492da311aeb3a6c94d8ea7bcc498996bbe463b7
BAITC-Hacks/hack-246be041-aiwilltakeourjob,5e5f1e2985d92735cf3a94da7cb8f3ad13918710
BAITC-Hacks/hack-2481adfc-asanovbekosh-alt,91bb3f37e408cb334c525be105aac750713de382
BAITC-Hacks/hack-24875619-allsafe,d144b61dc5cc2de6af300b09c6d739f0eed5db23
BAITC-Hacks/hack-2491c196-inspirosk,5cd6050ce682db6daf8a41190b6eb9cd828dade6
BAITC-Hacks/hack-24a061bc-alihan456,9c2111a35e6b11588bc8e0c0c321d9323db643f8
BAITC-Hacks/hack-24a2b293-7122-ai,479c14a94bb2ad4f90f172383a939833c9443b5b
BAITC-Hacks/hack-24c03e7c-abad3v,e647745cd7dfc9db427a79fdc9c02abe6a6b41ad
BAITC-Hacks/hack-24f400eb-ai---itm---262,7e70ae99977e6ccf1b68a1d3d514f58168619055
BAITC-Hacks/hack-25081c1e-1718,e18fd2f800a8bb37e00a801e9369bd63bd9c7992
BAITC-Hacks/hack-254ec58e-macrohardai,18210e50388b2c567b13136c3d75dfd996547bba
BAITC-Hacks/hack-256332ca-chelovechik,1aea9c99fbd0d2d6e3b09cccf2bcdf0dae5f1238
BAITC-Hacks/hack-2591479b-twin-pin,60d9f377db9d285679ce83350f20c160eca3d325
BAITC-Hacks/hack-25934802-altynbeknuryai,97f4db8eee05d81c5196542187d6dba3d488e7a3
BAITC-Hacks/hack-25b43e47-izbassaro,ec729bcc12114b25ad8cd7c2dab52d8408b2fafc
BAITC-Hacks/hack-25b6d1c6-peace-data,1a7c2d042da8433e2a34e816cf02bcd688ee45d4
BAITC-Hacks/hack-25bd2ca9-ai-travel,daccd1bf1d9de0556160c086bbd2d13b15264a3f
BAITC-Hacks/hack-25bf61be-ai-meisters,d947104f23824f8b6fbab3aadba98dfedeef96e6
BAITC-Hacks/hack-25c5642e-n-turbo,6d806b1503fe636f7364b18657d3530f1375ba83
BAITC-Hacks/hack-25d30092-ai-larpers,5e563c72a3958fe1698a50ae26d54157379cfb26
BAITC-Hacks/hack-25dafc95-ronan,f8a37a8fb611a619d1090ebf0f75553f1c8cdf3b
BAITC-Hacks/hack-25ef53a3-tirek-ai,e64cd998e6151387b884bee563fd32437ba6ac67
BAITC-Hacks/hack-2638afcd-sanzhar0216,7ba23f45f43618cf8565324c45ed369038a8bb37
BAITC-Hacks/hack-264539af-sco-sfo,fd8fd1a8b9cce677787b9217030056e0a20935b6
BAITC-Hacks/hack-26559053-cairx,041adf8fd0da0e2e4fc9c7f8b89029b47ccba65d
BAITC-Hacks/hack-266c57aa-crispynale,2204ee70c897daf35fb80150bc559a94d14db468
BAITC-Hacks/hack-26809265-l8-capital,c7ee38bf4326838fdd6d868752749c5d5dde9b87
BAITC-Hacks/hack-26995204-hosbuil,f6fec1549374c975e182f36d2a2c090532a0af23
BAITC-Hacks/hack-269c1ee9-survae,8e1016257a7558f325e46558a2ac7c200229cfa6
BAITC-Hacks/hack-26dac220-lumetra,ac679ec4444891c490a98fb11b06779226a3b214
BAITC-Hacks/hack-26eeaf57-khissab,70ef9ffba7628af096289c4d2355298c90debd72
BAITC-Hacks/hack-272881e9-wamsulx,1cbe15fa42617ff71addbec1b67201e3605ed581
BAITC-Hacks/hack-272a0f3c-bk-group,7023b2a6fbaabd3d55800e3aba85174ce2d413da
BAITC-Hacks/hack-272a574e-aizheka,3c42cc307c40f49238f610449f01ce5b2230711b
BAITC-Hacks/hack-273c9910-future-of-construction,b7563a0449c24c7777566b64a983cf1335b888f8
BAITC-Hacks/hack-27605a72-ayalashka,a9e4646a2623608a8b501f034444199bb71e1d57
BAITC-Hacks/hack-2773aa92-team,74b6cc76254504ec81eb4f9192e59abc0744e67b
BAITC-Hacks/hack-277a2398-veritas,f0904df8a763e296b1ac313fab345c7cafa1a795
BAITC-Hacks/hack-277bad25-letta,5e7dacf9809d0a8e4fe391781dc489decab4c60a
BAITC-Hacks/hack-27870899-kyrgyzstan,6008e2d863fba780c1848931c69f560089f78e94
BAITC-Hacks/hack-2789c5ef-fareke1,d6450fd52b8dd229e98de55b93caa3d6a9a1e94e
BAITC-Hacks/hack-27af46da-hackeron,4cb84b3a47f9b254f5048b41f034103e05e0401f
BAITC-Hacks/hack-27e740b5-moonlab,530c1af5e4c1ebdfa736f99bb073b1432f48eb1c
BAITC-Hacks/hack-27f2050c-alexogorod80-alt,e75c98a39503ad565edff746aa829ff938c9b602
BAITC-Hacks/hack-2804924d-deadline-driven,d15d4a0905ae1eec665563e45f9fe5a3b96a4f0f
BAITC-Hacks/hack-2819b8c3-qyzcode,38458164cff6d64761ce8f6f9858c6fac78f9d65
BAITC-Hacks/hack-281a45ba-soyle,dbcc37badfe16acba0482ab444b5601752f76c0c
BAITC-Hacks/hack-2828354f-sitequr,36e3650669c1e5d63886b57004fc08cf0d63e3a1
BAITC-Hacks/hack-284b59c7-most,5e2bd8ab233e23ea0d7c3936302fa7f3c3685d14
BAITC-Hacks/hack-28840cb7-samme,47ef2d064aa09994b107abc422b80111844b56d9
BAITC-Hacks/hack-2885c8eb-akosh,bad12e620e6b337113afa88d048870f5f363c03c
BAITC-Hacks/hack-28abddfa-agriagro,81d7e9ba60c18fa3afd108790b15575c800908e5
BAITC-Hacks/hack-28d10952-triplestack,936571f548df5f8d3343e358cc0829b184ba52d5
BAITC-Hacks/hack-28dae579-uniqore-ai,8b5618ca13dc01796813b192f15733ce365ba3fb
BAITC-Hacks/hack-28fde88a-team,ea4f2493a3b730e76df3ad73d860640e6ee42a00
BAITC-Hacks/hack-2908daa2-ecocoin-kz,562d0edc86e288ffa24ee9e5d5764b00e2152160
BAITC-Hacks/hack-29179e56-k4p1b4r4,6366cc7bfd4ff68adbdcc75c439ea3351a2d921e
BAITC-Hacks/hack-291b5a77-irbi-ai,bfe000660954e1dbddf35f460b00ef0b650fb2a6
BAITC-Hacks/hack-2921ff90-inn,1f3d3e5cfd83f1da0d6d0740f11fa07ed97f0ab1
BAITC-Hacks/hack-292e04fe-neurohub,59b118a38b1c1692e78c0af0c21b6222d16e09b3
BAITC-Hacks/hack-294bd415-education-smart-system,85ad9837c69c00ee283dc6246bd1d8ca48192be1
BAITC-Hacks/hack-296d786f-ai-hackers,da4704363d03c1c6546f9bcd7552247220f50e98
BAITC-Hacks/hack-2976c7bf-ai-master,02e8fa4df8a1b854eed8c8c174d655b5d21a4846
BAITC-Hacks/hack-2991e1c4-sudack,82f6ba2a4fd974d8824b0bd264f5f14af0ac0cf3
BAITC-Hacks/hack-29a4db0a-radiants,ea3b2a821a58fe846a2bb9eb6d7570e7af14df19
BAITC-Hacks/hack-29b2f249-junior-syndicate,162b34758f913b6123e5b4b58328f31da774ba1f
BAITC-Hacks/hack-29b715de-diana,4f6e223faf4a0e6294a00ab26d3a6258c98dea8d
BAITC-Hacks/hack-29c3ada2-sample,edac346221f5b42ff2024082449040bc0236354e
BAITC-Hacks/hack-29dfc38a-solo-merge,b8831c07c9846b64a7ebcd47bcb630a430b4e69b
BAITC-Hacks/hack-29fcafbf-a-altybayev,7e1baab33812426611ec0ab3f27bb9e0b3e97561
BAITC-Hacks/hack-2a2d05f9-hackers1337,93da5790d9ef72125bf25ee6ba540fbbcc523815
BAITC-Hacks/hack-2a68e0e9-yerbuhbet,63504a30a494544d6d1d96065025464773c3a1d9
BAITC-Hacks/hack-2a888829-builoff,6492409d4a4323efaea80ac7de3839a5eefff38d
BAITC-Hacks/hack-2a892e86-ayanat,bfbfb256ef718aaf8b182c7c20f0f2661259a5fb
BAITC-Hacks/hack-2a953101-11,88b845eb9aae3ef9705b1f4b1d8d7aa15a1ed689
BAITC-Hacks/hack-2a974643-nova-team,70be7ce2118a274f968e02caffcac9bdf3910ec0
BAITC-Hacks/hack-2abc67ba-kaimo-ki,644cbfc89f3325f330c513a9ed7e4a09254d0f4d
BAITC-Hacks/hack-2adafad9-kayo,1ecd5de6641682004ff76e8b15a299370a703230
BAITC-Hacks/hack-2b094c27-zero-squad,5ffade2cd89364369368c1869b2a8974c800c396
BAITC-Hacks/hack-2b0958c6-zhanerkekumar-234,739b3af9eeb84379d050e1ff21e18cd3b59a9664
BAITC-Hacks/hack-2b16dda7-imahmet000,c2c4af7af6bad7e9de2f84a55792ecde04387d50
BAITC-Hacks/hack-2b1cedbb-mae-ai,47bd939911a8fbe9c661829ecfcc75a89d3f4798
BAITC-Hacks/hack-2b1d80f1-fermonder,217f58e4e7f92b4cbe259ec821049c2f69633987
BAITC-Hacks/hack-2b2715c2-asiikernel,247d7e5e086927eabbe07da47159e5190c6e2f6d
BAITC-Hacks/hack-2b2aca3e-oil-gas,ec29e7275a88e4516a5c7cce9a48164cb0429f3b
BAITC-Hacks/hack-2b4487f7-stardust-crusaders,6edb2466c4553391e199a6ac0d2c38ba9abb1e96
BAITC-Hacks/hack-2b4a46cf-hurricane,cc92b459d8613a887bab9b76f2d37f82f904f969
BAITC-Hacks/hack-2b515762-komiiiiii,5d6fc29ce49bb5a5a94a10622fcd81cfd57ec778
BAITC-Hacks/hack-2b573e4d-a-b-d,ba9460ee350021d75df82906234f1a8c529870ff
BAITC-Hacks/hack-2b6e4b50-onlifebakytzhanov,9b418c184585c550c46ebfa618a501ae69f0773b
BAITC-Hacks/hack-2b778d9f-mnist,357c9628fab3c432290ce9ddfd0b2a90d6756f67
BAITC-Hacks/hack-2b7c88f4-karma,4086bf3c7bf7ccf97082cfe9dc68c411c631c5c4
BAITC-Hacks/hack-2b7d6b98-ran-team,4e3454a597ea9fa0d965eb5b0a162f59cbee03d9
BAITC-Hacks/hack-2b97df23-olzhaevdarkhan,7fc4b96f5661d0169280ec12e4577146dfffc5de
BAITC-Hacks/hack-2bb0e170-spies-girls,92028e4c6d618f879ea8b243120a8aba0d4e49c9
BAITC-Hacks/hack-2bcede34-aruzhankkk,afe1bcd0b6658242ed7d713aa6ef015f21f514ed
BAITC-Hacks/hack-2bfaf406-lazzatatakul,38c5b0730985dace7315637bc465f7c81edced3b
BAITC-Hacks/hack-2bfd8c42-armabulati,c57d18d5e97fdbdd780dfd0bea589c2c922b9dbc
BAITC-Hacks/hack-2c05448e-psychai,1a7b65036ee5d894d32e51a67293312125ad67e3
BAITC-Hacks/hack-2c07d2ee-latitude51n,f7f892e8aad07f761febce0ed5483025257b793b
BAITC-Hacks/hack-2c17d471-cs2602,020bb1f3df049d7dc055f733e77f3f298e4d527f
BAITC-Hacks/hack-2c218e38-ai,c26f145595fb4fe679313c674bfa1062823e78db
BAITC-Hacks/hack-2c3119bb-nurdamiron,b45c9b676f834cb5825c0df1361f7ab2fbfd67ad
BAITC-Hacks/hack-2c450a0d-darkhansabitkhanov,c23818751715526440e6fb4ce2e6682bfae8b7d1
BAITC-Hacks/hack-2c53bfc5-n3pla,466aadca9202f74a2f31bd2464d0e08dc7353e5e
BAITC-Hacks/hack-2c5436ed-boltww,309dd51f657445039c1fd9e88655ea3e7f499248
BAITC-Hacks/hack-2c8e5dc4-regain,230c0590d3197b751d5147ff55d3159a0856ffb4
BAITC-Hacks/hack-2cc01208-anomaly-detected,c665610a99d06c08ff62bc16cf2d4475d871ef52
BAITC-Hacks/hack-2d0fadf6-big-3,5746cdcc3a16041394022f72df34c510493d6a3c
BAITC-Hacks/hack-2d16782a-fourier,2af032fe0153d3e625919cbb5f46230b86789ad1
BAITC-Hacks/hack-2d21b382-semey,ba6a1907944a88eb1cc634bf62c0c60af8f8d81d
BAITC-Hacks/hack-2d292584-maltinbe,78daa1681c9f6edb649418c69cddbd73803dae78
BAITC-Hacks/hack-2d4a2287-serikuly,b2e24368892a6e3afd92bf821080f3a950eeb922
BAITC-Hacks/hack-2d4a47b2-baursaq-test,62098f19053de61c61a04d674af1d7bb047e9463
BAITC-Hacks/hack-2d53f2c4-ai-aq,a557c290d66361884c565d8923534fd4f51a24a0
BAITC-Hacks/hack-2d54c211-muratali007,924d32d8f12d9fd81b24cbfe1891789a76f31f62
BAITC-Hacks/hack-2d5dffa3-vasek472,791ab01bce3a7c2f6499b8292580a012d53ac67d
BAITC-Hacks/hack-2d74e071-broken-pipeline,b9b2ca5c57033f32873fa1c81a2fa5f600d073ca
BAITC-Hacks/hack-2d79bdb0-7-solutions,923d2d78b31e40f7d569e6475b89024ed53facf5
BAITC-Hacks/hack-2d7d0976-elevenu,71832c78b1fae150ae0080af46b5e2efd65fee34
BAITC-Hacks/hack-2d89781d-angsar,8a09090c4cafec0834808ea183ea5c9886cab13b
BAITC-Hacks/hack-2da540f8-team,0eeffaa16f9386ee3920b3928005e279326d982e
BAITC-Hacks/hack-2dd27f2a-kentaulz,19d957be15960d19dea4f8a35636eb9c22f56fbc
BAITC-Hacks/hack-2de2979e-3map,6a00da00753debd5cf26911bb6377cc30de1131d
BAITC-Hacks/hack-2df89a95-b-lish,c34e579eb72d3ed61194db812f200133916b8365
BAITC-Hacks/hack-2df963f9-yamognulasana,b519651ddb4a24c5df2f0c43343d039fa62a0968
BAITC-Hacks/hack-2dfc4dce-planp,6080664be63e65048bd07700dc7e72115a2b37e7
BAITC-Hacks/hack-2e344b51-dg,3a0e863b88d9d71a62ac8f0d28d7d256aafe68c1
BAITC-Hacks/hack-2e627b26-knewit-number-1,c038b2eb43448c859e399a7088d88439de5aaabb
BAITC-Hacks/hack-2e6871b0-winclass,ce52fdf9b28fa703ebbacf6b2fb1117893565a69
BAITC-Hacks/hack-2e79658e-nosleep-dev,e5f547d37ef8a094c8abb54992ef916f610d4838
BAITC-Hacks/hack-2e7b3782-lumos,bd59cbfd1e137b4b649d9833366ae61005ccac0a
BAITC-Hacks/hack-2e92caac-prox,7cfe14182f1141c08d0a6436fdd10f2f3001cf5e
BAITC-Hacks/hack-2e9699a7-caffeine,7dc534e36c96647412a6ab653945180467881492
BAITC-Hacks/hack-2e9f5f98-temirlan029,37b77444357571d37e546584ccf6892bb695e95b
BAITC-Hacks/hack-2ea33c4d-niver507,1bd79bebe8611b2aba2d029afb801b95940906b0
BAITC-Hacks/hack-2ecb4a6f-ailik16,ece675f8d9c70e709840fd8e2ff7cb2f66dd963a
BAITC-Hacks/hack-2ed37f44-vv,5e64c51b5d0028f70764457e9d42cb55627f27d9
BAITC-Hacks/hack-2f144651-furia,421e02ed42ef1b5dd9483245c69428d97c327b43
BAITC-Hacks/hack-2f1cd541-dee-kay,52f4752b2bbb1ffa245ffb3ca62ac632deb48f58
BAITC-Hacks/hack-2f2b6106-mustfave,b3a552246cdeadce956025a577e2029d98fa4089
BAITC-Hacks/hack-2f5ef11f-mrxnqq,ce72d7783e3e98316d09f785b82ff2cac308cbd1
BAITC-Hacks/hack-2f63ec74-wllkpz,cb197cea3f59352fc8af4515dc2263080d2606b0
BAITC-Hacks/hack-2f7973cd-adilzhns,c5881a148f933916d10cc4909fdcac2fa7bce8bc
BAITC-Hacks/hack-2f7b2539-7ya,00688b88d1d8b3f6b760f8904d82b1e8a5e463ef
BAITC-Hacks/hack-2f806948-genuis-kazakh,b328cd54c8439f078f210631dabacd3202f2f025
BAITC-Hacks/hack-2f8aa3ea-vibecode,4b4f8554e178675cd416154977362de7292e938c
BAITC-Hacks/hack-2f934bfe-toxic,f3edeeec2daff14aa7a6a0918a02a0f411a3c5a6
BAITC-Hacks/hack-2fb67e0d-teren-oi,3df4aa949301eedd9569ccdd0907cac6f87c35da
BAITC-Hacks/hack-2fc75a58-qyzmet,c4b1bb9c997f454b17f02c33cfbf7f8c42252f3e
BAITC-Hacks/hack-2fcecaf3-papa-sahid,8bf01dce64bc5c6b74bced866e91284b41c05a5c
BAITC-Hacks/hack-2fd44730-chalike,537d34b9283b42f9569b5ce6502926c9198b8845
BAITC-Hacks/hack-2fe283ea-mag,cf13ae7d0ea44dad2d7203174b605cb2dc032b9f
BAITC-Hacks/hack-301144d7-crazymegahell,77bfa0e4a69247622d4916e5f8da6ace563ab12c
BAITC-Hacks/hack-302fe142-alibatkuldin,f384e298b27190d6b8428c3daa829db58e627734
BAITC-Hacks/hack-304f3cec-stack,fcec86bef8761c64fb0df805a3afd16a87d93fcf
BAITC-Hacks/hack-3058b2bd-maisoncreo,199af9ac8938119d272f75fe8a092abbec9de796
BAITC-Hacks/hack-3068d1c2-team,9baddaf34026377d8b65870a724097fd860af3fd
BAITC-Hacks/hack-30765277-sloppy-team,d2eb5a23f4febc1f7ecfa349f987757e1bd30345
BAITC-Hacks/hack-308283bf-tamidesu,8f5f245851eb3b4c9193552405c9caf2d4338200
BAITC-Hacks/hack-30896804-antennas,529a120b16abf8346f027b45002926ba3951f259
BAITC-Hacks/hack-30aab437-skynomads,cf09d13c3e355a37b60dc5179104af5fc5e6a794
BAITC-Hacks/hack-30af765a-helpmake-id,9b7f8425d0d11ae51d564c02f7f31763ccac31fd
BAITC-Hacks/hack-30b4c7f7-tussemcorp,989e1ffd2d3e41febe1b693ae1c306b8afa115ff
BAITC-Hacks/hack-30b4fd86-aikyn-build,88dbbb5a591615ef3446441fa232152657c707d4
BAITC-Hacks/hack-30bde13e-ai-krusty-krab,6ca9fbe9880191373948ebbe1c7e7f5e43a427b0
BAITC-Hacks/hack-30cf4f13-iintenational,e826068179561ceaa6605c9cea965666f9b83dc6
BAITC-Hacks/hack-30edd706-sronters,2ebcd6293980987979c39d85642284028f3b6ab1
BAITC-Hacks/hack-30f70588-zenkai,d999854993ad8a68776dfc5046e6aec1a2302828
BAITC-Hacks/hack-311d4200-l67-cache,ae51af08d99ac4d94660b407c87a1f58d59b8789
BAITC-Hacks/hack-3122347d-solo-boss,725048345f85fb0e900f5031bab84097d0cf2027
BAITC-Hacks/hack-31227320-sherek338,9f23d67854946fcf3c37aa0b906e224c187254a1
BAITC-Hacks/hack-3149b2a3-aidadospanbetova01-hash,3a0a4dc4bbc3ef5534876b00c838607d1161eae6
BAITC-Hacks/hack-314bbb86-triangle,2ad42cf9cf4045c17afb94b8f53071f2e0f3861f
BAITC-Hacks/hack-314c6309-kaldybakyzy,bff888a1abdc3edecc476ecf2d954a87c160c87e
BAITC-Hacks/hack-3154ac51-nomad-minds,f6a1356d77bf45b551aeca99e58a343fb760f823
BAITC-Hacks/hack-31599fbc-brokyspace,e419995949695290839b02403e9596fba261cffc
BAITC-Hacks/hack-316738af-bek,be9ffad3c8e1103f457b9394445ed011bc5584ad
BAITC-Hacks/hack-318ebff5-yassi,f1211819c90d7dea93d8a47a7293fda358a3f569
BAITC-Hacks/hack-31b90012-nura-s-solo-team,c57da050a6c5b808d987ae2d5240996378040ee1
BAITC-Hacks/hack-31bbdbb7-he5h3r,60f2288c843104485aa0025d73f05f7392af6d56
BAITC-Hacks/hack-31e4e4c0-eduvibe,9278bbc9d3bec36af3dc9294a2801226c3718a26
BAITC-Hacks/hack-31ed9a36-nurzhanngg,778f5e68f14451beff525b1c2746cc6394ab90d1
BAITC-Hacks/hack-31f562f6-monkeypatch,2eb03ceec31b2d59ece61dd026bc00f24b93e456
BAITC-Hacks/hack-32030313-astanahub,5baa0e40db0799eb7b0d9edd8330f7cf6236791a
BAITC-Hacks/hack-32171ccd-only-forward,17882f9b1f6671a126efd940b85cfd1a7a985ec5
BAITC-Hacks/hack-3228a77c-it-forge,3a2e50e88b3f3197961a5817dd1b8ca445855279
BAITC-Hacks/hack-324302b1-kratos,b9466a8efce90fe28595599f68d4ed6a2f16d73b
BAITC-Hacks/hack-3263a402-ctrl-c,d8e77a7b3c882087a5bb29336c8118f60ae2839b
BAITC-Hacks/hack-3265440a-dina,35a2bdd2ccc14bf7568734d5dfcc0a54ae0a0240
BAITC-Hacks/hack-3275981d-brutal-mog,2d7e873d287b92f2605062548c498961bd16cbf0
BAITC-Hacks/hack-32815830-eskenkydyr-source,128012525f3572e13d48aa1d171524a3cda7a296
BAITC-Hacks/hack-32d14499-rnd-technologies-lab,18ec1d95849665044a17d36154bfb6b55a63c690
BAITC-Hacks/hack-32f862cb-aim,4339345777700145f2492274e7466f1f12a4d3ff
BAITC-Hacks/hack-3300bc8e-qwqed1,dbecd7cb30a01bff90b8cd6ede013f7a20f27805
BAITC-Hacks/hack-3306dd18-k-rai,b5cc61f83d6671217439cef2cf172b1a431dc718
BAITC-Hacks/hack-3314b386-agrob2bsaas,a8a4fb3c9a8072b1b5c163d58e7ffd9ee6f68402
BAITC-Hacks/hack-331a24ff-hoodie-hunters,a6d22f015c44a24ba1639a2d3ecd3dd693b95a08
BAITC-Hacks/hack-33241202-timur,2b429f0c7709154cdea8bacd85a81038e19f0089
BAITC-Hacks/hack-334078f6-krgdbaha,fb2f76568cdfc4264ea26b284b74775c693fa442
BAITC-Hacks/hack-335960a8-omarselbai2006-jpg,0962f4e70ba816bf139dc560aa60e47f008c0214
BAITC-Hacks/hack-3377ed33-kazhykan,cb17048c3c4fbcba8d827ba6899692ec931b267e
BAITC-Hacks/hack-33865f42-monolith,e0027f41ea12032f4366e215e4832238a858046d
BAITC-Hacks/hack-33a367f8-gjigi,917ebafb4035d164b0984100373708c79037b68e
BAITC-Hacks/hack-33a7b7ea-aceforce,7a908e399ca2bab608b9a942ae9207178f6ff79c
BAITC-Hacks/hack-33b5be11-ai-hackers,8d6fc9ba36512e4047d61259290de5859c0d4368
BAITC-Hacks/hack-33e7cddb-tigry-s-astany,315fef577547e169aff60a3f15f9db66eb957e58
BAITC-Hacks/hack-33f8b8e7-kuandykilinar-ai,c5235cae59e6d3b773f8ef8a4f94bd95e3d675d2
BAITC-Hacks/hack-340dff38-trinity,b1876ffaaba460c48f2aee74a6ab36a912ef2903
BAITC-Hacks/hack-340ee9e2-spark,8e9eefd1e0184eed66405b624cc84b9ac37ed420
BAITC-Hacks/hack-34251801-ncsi,d8ed37c0e0122b570dfee5dca2cad5779e1ed67d
BAITC-Hacks/hack-34398b15-nyanachi,8f6e160588fc1ea24a8a524822d712c04cd526b8
BAITC-Hacks/hack-34425ed5-mstrkassymxan-ship-it,abcf17eb27154c3d4c0a5b463d2c193efa3cb6f0
BAITC-Hacks/hack-345ab97f-antennas,8c8b5637943cd725719a2e75fedd6a8aaf3f406e
BAITC-Hacks/hack-346a2be1-bogdan,e919469bff0633fb84fafe67fdad0eda01661ee7
BAITC-Hacks/hack-348066d1-team,6c6026c1356fd02d489bdbcf675509b58d769ed3
BAITC-Hacks/hack-3495c13c-2031tech,f7c00e5aa1c5c1985757a815ad907ae296c89398
BAITC-Hacks/hack-349b35dc-ai-freaks,0ef6b20f12c9c2302d346901af974b43889e393d
BAITC-Hacks/hack-34a5453f-korgan,6b839e60dd4b8d03ea3e1c6d68685d771a5467f3
BAITC-Hacks/hack-34ae0d9b-danat0599,8ddfe1d4606e878f5385f6aa0db0530e6fa994be
BAITC-Hacks/hack-34b30c3c-ozlteam,8ee15f9637341f3d618341bc3a6e0508953298a1
BAITC-Hacks/hack-34b3d405-survae,5dc0099b0378d7ccd8398e5acb73f34fd8c756eb
BAITC-Hacks/hack-34c324b2-tomai,792eca14c4e5cdc3db2734342142eae663f0e5c9
BAITC-Hacks/hack-34c9818c-phormeta,89b230484ee22c838cbf8d09acddaa543bbc3271
BAITC-Hacks/hack-34cd10d9-aya-dilya,e30a8db710760e768588bb64638a3c596204b818
BAITC-Hacks/hack-34e528d9-team,cb7ac91491a8db83456306ba05efedf50f145d44
BAITC-Hacks/hack-34eac697-team,325542c2c66f17b85d64220d80cbf667aa4c1d8d
BAITC-Hacks/hack-34f9b263-team,9efb4b705297a946dcd91e9123ce6f41a4807f86
BAITC-Hacks/hack-35267c85-west-side,b9bc6736ff741984d99951ebcec2b4c9319b1d2a
BAITC-Hacks/hack-353c5ce0-news,56ec1f4dba62ce1e06d87a4cf6d75239a481d22d
BAITC-Hacks/hack-3578a6cc-team,044f6a4cf7e84a6c294de1fa3097bd018673b9d6
BAITC-Hacks/hack-358592ea-mukhamedzhanalpysbaev-dev,fbd454024f0607e60d8a10305e759fc7a1ed13d0
BAITC-Hacks/hack-35cae961-hanavashi,424be422d30b207c2654b5c8dc5731a6295ffde8
BAITC-Hacks/hack-35e7487c-shannon,8d33908a24987575f857f2c33113aab51b4e2eff
BAITC-Hacks/hack-35ee562c-whvtnk,1169dbe49ffba6b9ba7f68fbefc91d39472f9c49
BAITC-Hacks/hack-36111284-ai-b2b-saas,2b44abb4b6a8a04496d10641dae45f18cc65565c
BAITC-Hacks/hack-3617fd30-yanat228,1e2345ec72bd002408d27a25a97089c18a5ab896
BAITC-Hacks/hack-3624158c-ora1khanova,8f517b96315e714412c1c9b3adca8b405230cade
BAITC-Hacks/hack-362586c6-dzatee,7b73a8b01e71e367558e2d41624f6a1cb00e8bb0
BAITC-Hacks/hack-3626f2f7-tomiris,8f9ade9a2cf86a1884c4e856c185dd37e0c6ff2a
BAITC-Hacks/hack-362d211d-vodain,1d6e2f4772e7168f276f00712e53a6a909164eb8
BAITC-Hacks/hack-36367827-ai-test,53d04bf817a4d79373b52eb1bcc258e10fc9a6d8
BAITC-Hacks/hack-3652d91c-falcons,0606a4714c87612e3fbef19f3d94125846aa7f42
BAITC-Hacks/hack-3654a430-team-stack,6f2db7aa5d68b9367f169ac26e9bbef0b3564568
BAITC-Hacks/hack-366586cf-er1syll,f570c526d4fd38531dbda122e9fce02a00c3591f
BAITC-Hacks/hack-3667303b-batys-build,2503eff09fffc111997e070573a9c56935fe7af1
BAITC-Hacks/hack-368e1646-jiggle-eagles,f80e76a6f1f31a4db67740b3494d7ead652ab09d
BAITC-Hacks/hack-369773c6-maybe,06c73216529a0c650bac77f07b34cc9cd3b8e0fc
BAITC-Hacks/hack-36b54388-cs-solution,9beefff021370f0565ae3ff7eee3dba9a118fc8d
BAITC-Hacks/hack-36c515b2-coffee2code,035d953342555df73837979fcc5bc5e65d4dc774
BAITC-Hacks/hack-37044d42-iishka,806ee31f17e10ee121cd5896bf17dfbaabc078fe
BAITC-Hacks/hack-370df32f-bekenoff,5243cabd89465493f988efa5224ef5d4812ed33e
BAITC-Hacks/hack-37187286-stu-students,17cb8fdaa4b5bc0c7e58568be4d3a7b8f6e8a553
BAITC-Hacks/hack-37209323-dosherakxxx,df945048b354ad31c6d0b4e5fce985ef93ce7a7e
BAITC-Hacks/hack-3730ad84-amir00,b443274aa42f7be151bdf3c435873a468ce4e0b1
BAITC-Hacks/hack-374713ac-obolduyes-team,c5819b3a49a1a56d982fad868a7aafe4ec93efc9
BAITC-Hacks/hack-375b4737-allrounderai,84a529249e9818e3d1c4b091947ca5c1b2c0a68a
BAITC-Hacks/hack-3777f237-sync,4437c904787b4b6a3b329284f3799f6e0899d267
BAITC-Hacks/hack-3783942e-yegorfromneverland,856d574a41c13da357f5e6b08e47d0bf17547a36
BAITC-Hacks/hack-379133b9-khabat-tech,b405c1865f4187d41a9c4c773a0c1cc7a0a5c9f7
BAITC-Hacks/hack-37ae610f-kaz-ai,4fb942ac3a2a4f1cf7058f3f166a51143ad745be
BAITC-Hacks/hack-37b307d7-team,43b50c09d162164580ed93480189ceea21a8ad7b
BAITC-Hacks/hack-37d3e924-bbc,13d2271e846f6566219d8899ac7bf3085865debd
BAITC-Hacks/hack-37d4cf31-cyber-saqshy,0e4d97b8cd4fcc9a4157f961416b8fbce0739cb7
BAITC-Hacks/hack-37f886c8-qwerty123,be8e54de5acb0500577ba26428f263abd5056247
BAITC-Hacks/hack-38007ae8-jarvis,b5dc2e4fdbd35c1a208578431f5081b0049c01c9
BAITC-Hacks/hack-382cedc2-zhunisbeka-ai,a82566637c93d894d9c0f0970f769fa941308c11
BAITC-Hacks/hack-382e6651-kuanysh-baltagarayev,8f395d3851a97798b08693512417b1e8d4297b5f
BAITC-Hacks/hack-3842a67a-ruwbine,2ff46ee70c87643fd5ffffab00e528bc14c5dd00
BAITC-Hacks/hack-384fb56b-cs,e210d5ee150acca82235b285be5369780ed4addb
BAITC-Hacks/hack-38743673-chezaurodynahackathone,a59249d37a3b2647338427c50298a562c49388a8
BAITC-Hacks/hack-3881713c-muhashali,02b5620f57adf7c0613c6e8e96359302ef99497b
BAITC-Hacks/hack-38b41e3b-berik,9a500f42c005b09f29901c20ad8f2ef58369ac0d
BAITC-Hacks/hack-38ba2368-wjxbjz,58e3609eb25a9edc0c6dd465cea200be07ad7cae
BAITC-Hacks/hack-390f12b4-3-musketeers,71bac1048f5b01e4bd296a0348c903ea81fcb77e
BAITC-Hacks/hack-3916edde-mogg,4b6142f026e8643b1c66f3303e6a3640aff39cd4
BAITC-Hacks/hack-391e412f-arsen,9b514eaaac7ffab891c348cbb35c97ad3e02cbf9
BAITC-Hacks/hack-391f2714-alehandro1226,95bda4cb21fada94d097e9679429051d7d07ded9
BAITC-Hacks/hack-392ab0c0-fruktai,e7139374fb4015b5893e5684acdab809898296ec
BAITC-Hacks/hack-395e4fb2-ai4edu,c415e3731552edc1e00f618ef90ab53c1d3dc78e
BAITC-Hacks/hack-39ae602b-cortex,6f776141a637393308dca8d037aaa2da0d20bd4e
BAITC-Hacks/hack-39e87994-zanguard,3c3549e4dbbed4ad5fd53ebbfd0a45da9af3892d
BAITC-Hacks/hack-39f1b1eb-dd,13f072066f841f385e102421bb7135178e43f4ce
BAITC-Hacks/hack-3a090c13-gamechanger,3fa244b1ae15f28d5a9db7e74f613142f03f2f1c
BAITC-Hacks/hack-3a2de131-erasylmt0720-art,a23b0d31a8feab41202ad927feb17a2d8a35e89f
BAITC-Hacks/hack-3a2eebf3-alanurazbayev-byte,0133a195fc0e5c8108325e5e8acd058f9dff610e
BAITC-Hacks/hack-3a30acd2-jarvis-team,c282040fea81e997145fcef1454aeb2d17bcdd61
BAITC-Hacks/hack-3a4b8e8f-team,7341dcbea8172b24e8491199c5276792655143db
BAITC-Hacks/hack-3a5076f9-xx-fate-xx,6af67f0ddac5b0a68914224514a5a73e3429d6e5
BAITC-Hacks/hack-3a5b3597-farabbbek,862c83392e5e05a68cb861c896c181141ecee5d8
BAITC-Hacks/hack-3aa44c07-essencedev,8a6b6cc8d033cf6706567cc913f76be0746c733d
BAITC-Hacks/hack-3ab35da7-nurzhan-b,c30002939986924898d07ee9d924ae2b3e912390
BAITC-Hacks/hack-3abb041d-solid-digital-solutions-sds,ba56e71aa119c6d11f671d585f06f9df2c33c4c8
BAITC-Hacks/hack-3ac1029c-eldar,8712c67019f4addf4890650e1a514738e174eeeb
BAITC-Hacks/hack-3ac459d8-pdelicious,2367ebd2a833b83b60fa889c330b3b40d12858fd
BAITC-Hacks/hack-3acf7425-rayongold573-blip,e5776d461fe40827d417fb8ead9da5fc65442a2d
BAITC-Hacks/hack-3ad4294e-vibechillers,526bcee4a3be4ae2f6f6ba92f9d8155862f2424f
BAITC-Hacks/hack-3ad823b9-aaaneel,05a0b21f3b0aaf83b2ed6bc7d6a4b465e473ca9b
BAITC-Hacks/hack-3b47610b-blank,1a6c8f0811e781f37e6eee1b6659d6801fae2ccf
BAITC-Hacks/hack-3b4a7b41-creepers,5ae0a2d33f4e52c6d949512e4eb51cf4a92e9ed2
BAITC-Hacks/hack-3b528220-amangeldievadilnaz902-alt,69d656c61bb178197f3de7953bc3664814315e09
BAITC-Hacks/hack-3b5fc4c7-korgan,7880b9150cde93fed411f1c108e5a635515bb1fc
BAITC-Hacks/hack-3b719372-avengers,bc853ee1e17001f843d17075bb21c44a71593d1f
BAITC-Hacks/hack-3b88d98d-alban,230b82a37c385ec15c1884e60a12324efe4a8dfb
BAITC-Hacks/hack-3bab474a-steppe,af5d5f177b45e1ced0a22ad60077bcb505f77183
BAITC-Hacks/hack-3bb6f822-ghost-in-the-shell,7dc7841d11df5946a277c8f5dea330dc93325c7c
BAITC-Hacks/hack-3bd3fa8b-danik,89149954f03d887b26e7215f3a874951606dd0fa
BAITC-Hacks/hack-3be61cd6-akbotakadirkhan,e33dfd389bf610512e8e3e91cee0a4f54e8d257f
BAITC-Hacks/hack-3bec4069-lumen,00ad4e06e1d78b4a2d08d50c6929d5c4d2f20603
BAITC-Hacks/hack-3c08c0fa-fhusyy,1f07732cf1b68e0ba580dbc055a60883a79d3b2b
BAITC-Hacks/hack-3c0984f7-bakenski,8043943ab36c545c2627ec7ca28995287a62f32b
BAITC-Hacks/hack-3c1270de-imaginary-friend,78b55aae988bd3811f7a167fcd4432055ffd5357
BAITC-Hacks/hack-3c223900-jklson,ee0e841040e3d88dc561835691004e1f82b210f8
BAITC-Hacks/hack-3c305a41-z,eca185312be79227babfd419f23288015f881a8f
BAITC-Hacks/hack-3c47c506-ai-ana,6b1c419b1e929097d7abb6772f4c2d5acbf0eafb
BAITC-Hacks/hack-3c4bbe19-iotegen,2e07983e849a5fadce724a470d69503447c0e471
BAITC-Hacks/hack-3c4d924c-arnoki21,e2badad0fe707d34e0737f5c7c2159fa8fc4ba5e
BAITC-Hacks/hack-3c5e22be-team,4cb16593c972d82c583e146540d7a06bc606e307
BAITC-Hacks/hack-3c5fd53b-aviola,38cfba544cc7c7df79d078779c0827405b630bc7
BAITC-Hacks/hack-3c7106a5-musor,9a50504e5f1bd949612661228e2011615cc911ae
BAITC-Hacks/hack-3c772900-revenant,2ed5cd4592bc41c7c7b233abeb00f29ee257da40
BAITC-Hacks/hack-3c90fb35-fmjordan,8860f48dde416ec535dd7dac6123820e667dc822
BAITC-Hacks/hack-3cc2878c-offscript,0791548dd2a8c0a2e8eadcdfe886be7738ba823a
BAITC-Hacks/hack-3cd2281d-meta-juniors,499ce38b4b85ef293ec4ccf5c99e50365589763a
BAITC-Hacks/hack-3cde68bb-uitech,78b0c7d98b1b898bd2507e050bfcb11b38b0ec1e
BAITC-Hacks/hack-3cf19ef3-astrea,7b3e94cf2a6b00561e596b49391d9031eb359ae3
BAITC-Hacks/hack-3cf85088-stepx,a25942ecfed4b7de433e7d407ef104d9b981cb1d
BAITC-Hacks/hack-3cf911e6-team,053818e6b12318351a3db8d5c327ac5bcf5f604b
BAITC-Hacks/hack-3d045ec0-rymatick,958df6add8759a83352243d7ea2ba52ba0a40060
BAITC-Hacks/hack-3d048659-kmg,9934433f263acd526a4fea6ad9a040f46ba5ecb5
BAITC-Hacks/hack-3d2cc872-towra,ea6a82e3f0accfa38cf83854197707c82c1288da
BAITC-Hacks/hack-3d47c708-akzhol,55f396a4ec97ef0adb6c76de38862a3fa117db26
BAITC-Hacks/hack-3d558b7c-nine-lives,1e4e599d2a3c2c3735699e3c9456906c8cb227a1
BAITC-Hacks/hack-3d57eba1-forbes30under30,8d25e0a9c9890f8d020efbeffd17807f73ffada4
BAITC-Hacks/hack-3d6c1fd1-oneneuron,ff9ff7617737654985ffe12a957fb823c6fb488b
BAITC-Hacks/hack-3d8c1e6b-capybaras,6cde9f5872bcc8858068bdea619a3d33e1f2e27f
BAITC-Hacks/hack-3d8c8e1a-ers,81546d10d1ac9e9717d7f9c9c1e9313a1f3e1848
BAITC-Hacks/hack-3d922040-koke,7f79c4f19712c959667574846b4909571dc56025
BAITC-Hacks/hack-3db37360-ainurb,74c01ea7db8bda0437fc49a215e7c0087c8ed693
BAITC-Hacks/hack-3dbc6029-ace,82216f9a3c9d630a40f69870fa4c0fb8c0ec826d
BAITC-Hacks/hack-3dc8cc4f-q-tokbasy,7f5ecd49cccb894bab6af331662a87d92cb08bef
BAITC-Hacks/hack-3dd63046-dp,4b2d7b730a2b24b56d777fd48e8380490ac43ebd
BAITC-Hacks/hack-3dda91b6-legion-v2,48c9b3e95b41e65c687d2bf0cb713b8a01c746cc
BAITC-Hacks/hack-3df4ba32-hogartyonok,eba41d1ecc62719f76ea97ed55218a699bae483c
BAITC-Hacks/hack-3df8efc5-aulie-izum,1e8e101674eb21bf1f09fdd73cca680beb5641cc
BAITC-Hacks/hack-3e039a83-cybergentles,a07458644df97877aaed3d408a9d429ed5c0b8f1
BAITC-Hacks/hack-3e2e1c17-smart-auyl,3424d2eff97e910b9465eabdb931a700443706c8
BAITC-Hacks/hack-3e55f544-ann-horizon,c885c2abc84222034c5835c534c6d9987e6570a5
BAITC-Hacks/hack-3e828a49-ypciiiak-labs,cf55bda0bc4857075953261d03d83cad73c2e060
BAITC-Hacks/hack-3e883744-invincibles,e852105e5c427530e193729a2e033add61f64d5f
BAITC-Hacks/hack-3e9c02a1-aishasdfg520,7f33d1ebb66d868ea8572f79414debd46f212e8a
BAITC-Hacks/hack-3e9eddb6-ddai,0889e0e2465500a95f75a0b9f69a135453ae0df4
BAITC-Hacks/hack-3ec8171e-better-call-yolo,a737488fc81e078164949518bfb32a7e6d77797c
BAITC-Hacks/hack-3ed69be1-meirbeknysanbaev7-isk,fd111662a019f043aedb084cfad1615777938af2
BAITC-Hacks/hack-3ee3b28d-pseudojoker-1,4062a8a53280015c73530d5657bc182086b034be
BAITC-Hacks/hack-3efc1ae0-alpenchiiick,7bdf1dafed315e2a6b527d336c17620dfd724734
BAITC-Hacks/hack-3f0b6e53-dev2,7494414f67924ee38df03f596e9a561719f44bd7
BAITC-Hacks/hack-3f13c714-ayzerek,7ca1dbda6838723295195887660aae3d8c0f0e2e
BAITC-Hacks/hack-3f1d9e4f-404,83ab569e61dc6b258a447e7f4c7c9f1fcee45e17
BAITC-Hacks/hack-3f67c6ed-kak-to,8d7e62cf8bf663d7a2e73c3e64918e7940434f51
BAITC-Hacks/hack-3f734c2a-solo-9100bda6,97ea33b18912b0cdb529232e19c807a8fbe1c770
BAITC-Hacks/hack-3f7a638f-ai-solutio,f8a54c9ac0e6b5556a42241b9956201101521b58
BAITC-Hacks/hack-3f7f4dd8-kamilla-ilyassova,55d8cca4095f3dd69c052e0b39f2292815130d25
BAITC-Hacks/hack-3f85346f-stikerai,f5d5b9a4fda29eb55495517d1448819c2ecebab9
BAITC-Hacks/hack-3f85dbff-bsr,accb5cffed4924eb20c5b4faa370cd8972a2b26e
BAITC-Hacks/hack-3f9bf514-al1sa-dream,cac6dac3f7428a2514253fea7439b4d3d37d1224
BAITC-Hacks/hack-3fa15a7b-fact-check,61a7e5c667a898af93a79c39d056349b884d4e4a
BAITC-Hacks/hack-3fc076b6-eeeeesss,89f767620690dd86b049460c6cc657360276dfa6
BAITC-Hacks/hack-3fc0e65b-taymas-solutions,5d5de4879a4c97907ffb351c275030f2c12bb9ab
BAITC-Hacks/hack-3fc2bef7-conquest,75afd050b110f10038c3a7a127cc3c978cd9a194
BAITC-Hacks/hack-3fc9e5ad-bekbolatnurkasyn51-semei,cebdd7c8614226860faa662e92536e156e1540ef
BAITC-Hacks/hack-3fdda286-honourable,4df919982ab7025e8b07dae229634d456ec8fc0a
BAITC-Hacks/hack-3feb656b-yerk0w,a94dbcf4ea416b84964187b95740a2c7d8646821
BAITC-Hacks/hack-400d70df-donerka-house,d299e2a6982aafb2395022d375058df0304d6ce6
BAITC-Hacks/hack-403744fd-wedontdo996,70a26605e5f7c11f3f8ffe4a95d3490b899f3abe
BAITC-Hacks/hack-4054a8a1-ai-abramyans,18bc98aa8ee042c6465b543e73ec5511888a3507
BAITC-Hacks/hack-40633a61-phoenix,ffd8c6878496c007f416f1b7021b9564d9ad23ce
BAITC-Hacks/hack-406c9660-frxmthe17,0efa39543a6fd152d0c0474c52fce0cb5aed100f
BAITC-Hacks/hack-4078ad52-mama-papa-and-me,d3b94130f17deb62a8a77abfad41a91e94e14115
BAITC-Hacks/hack-40793dbe-wamigos,204e043b8a90c7c6ac8076a28a013a98ae256dbf
BAITC-Hacks/hack-40840ad2-lumivera-quantumseal,3c16a8fa9ad49b759a972e76d0660767c83a1b10
BAITC-Hacks/hack-409b5c46-g0d2o19,ad38849590efb7bcdca83342f44c80e3b76a3544
BAITC-Hacks/hack-40ac7a06-neit-kz,15ba0aca1feb72947a74986c294a5e4429012b7a
BAITC-Hacks/hack-40ba6e86-future-vision,e880e6ea576d619bdf3742d9385b41f5629a00e1
BAITC-Hacks/hack-40c312ea-solution,4b83d50f20b1ee8c9839d9327c4a7926e4a712ad
BAITC-Hacks/hack-4124a2d9-tesgalaf,c09f4dcba6117c2df1071865ca8f8d06064ddbee
BAITC-Hacks/hack-414276c9-rizz-agents,5ef3c5a688f86b652dd7d637a4b9c1a20cbbfa5b
BAITC-Hacks/hack-415c3411-timasfriends,70b5d29859d50fe7d39d1c11819b5bbd6bf581ed
BAITC-Hacks/hack-41635741-kair97o,f497c6a592ec76845bb5e259d2c1448d05d78a50
BAITC-Hacks/hack-4170ee63-ibrahim,b154a67e444ddd6bd0a1f84607d54b1ef2dff898
BAITC-Hacks/hack-417d8492-chinese-supreme,755db107314d2e8f7afb17a8465bd95ffdf4a91f
BAITC-Hacks/hack-418ab056-klapk1z,a4bb6cf913123336191fcbad810dff2c4d191cd6
BAITC-Hacks/hack-418ae9f6-steppe-overflow,f9ab8bbbf00be075051aea0624f6ec2a210474c4
BAITC-Hacks/hack-41aa2da9-seruen,3b44be627a4fb0b4dee49f00c6aad534c5fb2aa2
BAITC-Hacks/hack-41b9ab89-nurk3ldi,d6aa6bc25bf9972f639c3b59ab4140b286266de3
BAITC-Hacks/hack-41cbab61-ai-prime,2ab94b0b1152ae563a1aa4d933a609852c58bf0a
BAITC-Hacks/hack-41cd523f-meirbek,ddb7f19cb29fd450b100c5684f632260c9cdbff6
BAITC-Hacks/hack-41ec443a-team,f040752b5d15df5f752f64eb150ec1d368215a99
BAITC-Hacks/hack-420e0b65-unemployed,e0172fff1df77294709b806fa24e28edbb9c4226
BAITC-Hacks/hack-42126b10-smatgauhar10-del,d80978276c27d4e9893d741310cd9175b0d38322
BAITC-Hacks/hack-42255873-defender,c61a3f758270d6ac3164c0dbcb76055be9c3ea03
BAITC-Hacks/hack-422ba80d-sunnymc228,ae82e8ae134b7dc6c90656e9c97595de621b103d
BAITC-Hacks/hack-422c070c-orta,6a7cf2ca6ab5ae4ea930aa766a5bea228430e518
BAITC-Hacks/hack-423e0010-ai-house,25d8c175239e06a91f82220427af70e87d8d8212
BAITC-Hacks/hack-4245c57e-solo-5a586fc4,e7659aaaf206e1854a9796a3acf05510cb3fadfa
BAITC-Hacks/hack-424b0b2a-spielcrypto,45dfbfbba2b4ad7313fb1a99001809803a64ced6
BAITC-Hacks/hack-424c7cf5-play4bow,31c4b91dba57fdfe92a3e4927151553ebcef0dcd
BAITC-Hacks/hack-425c10c6-gophers,20f249fd53029c07a5366831ef6b00315dc01b06
BAITC-Hacks/hack-427ac9f6-nomad,e82080b4fcbdaf224a274ce70b531a8305d46558
BAITC-Hacks/hack-42852219-ordabasy,71b727132e079708fc16b5a7c821daeecf7e5440
BAITC-Hacks/hack-42921387-nirvana,fa65d61a0a91c72b91c117cb2a9424ff7312d4b5
BAITC-Hacks/hack-42c37f90-test,39db2af9d6cf4f0034b898be7c7ad1a3fdb28876
BAITC-Hacks/hack-42cf5332-preflight,059761af5ae5dc3c261c3c84f26e9c840751176d
BAITC-Hacks/hack-42ec2e0b-darhansila,66ba824216d1046e001c2a610f2620c1428d0cde
BAITC-Hacks/hack-430e5f5c-jipiti-rep,cd72c04e44f24b793ba239981ab4dae14c386754
BAITC-Hacks/hack-43196606-tamga,d99ddcf7cc057d975b0596c6de00e9387cac5476
BAITC-Hacks/hack-4334ae79-f1awles5,2370f902005a87abc528879ef29bb89c2c45ec6c
BAITC-Hacks/hack-4341ec06-paralax,1d0b6545d6526b1b0ea9708e054dacf87bd60e37
BAITC-Hacks/hack-4349459c-kemeldenai,160e5bfdc6102f59c8e82e726123a41b8888fcb6
BAITC-Hacks/hack-4360d050-xergsd,ee87bcd129cb4c0d400dd64181e3ec1d7783d474
BAITC-Hacks/hack-4363bfb0-yessimkhan-orynbay,083e58f2e7c571e31098e370791d9fd419ac86c8
BAITC-Hacks/hack-4367b363-ivaninbox,ff1e42752a84c73c82723a9690041977f94d8977
BAITC-Hacks/hack-43719839-aiym,3994ef3786bdf5b3c08be389ae03c650edb31130
BAITC-Hacks/hack-43756e84-baiganinnaza,8153dd6cdebfe611d2f3047eb3d2a29314105940
BAITC-Hacks/hack-438cc0d4-kazakh-alem-ai,6857dd9074031347fab692790c70a8d5b53a70cd
BAITC-Hacks/hack-4393a6c1-shakhzada,b17f24be26671f49c598bb87d91bad6ac5e7850f
BAITC-Hacks/hack-43967115-aldiyarzhartybek-source,130b6858489c2f5f811413268f367c0c9316bb38
BAITC-Hacks/hack-43a2bfc1-amida,1e5341309a725834fa588cc16a2ced9cec1d03d8
BAITC-Hacks/hack-43bd3489-ziza,e431fa9328f09ab189df078786b773d69d4dc201
BAITC-Hacks/hack-43bfd950-nomad-coders,c3e4b0e09ec4dd6884811a659a308c7953aa065a
BAITC-Hacks/hack-43d89dff-battery,d20734f90c56aff09457ee863751e5668293c97c
BAITC-Hacks/hack-43ead09a-gulim,09e87e9537d0b4d068385e237332307b89555f22
BAITC-Hacks/hack-43eb35b0-non-tech-bro-s,3624484c595fe43d9a2b4c28e8e7be5b1d1b37ac
BAITC-Hacks/hack-43ff7ffa-tokyo,c885392349ee3653c839d6e124dec8ef0967209a
BAITC-Hacks/hack-4411138e-freax,3af68f2d24cc6e51ad217615957db637dcde2a97
BAITC-Hacks/hack-443125ee-nurbak,2d05ba53058ac367a01ac8ff562f49c6e66c2504
BAITC-Hacks/hack-443872b9-qorgan,af2863f46b9302bf9e109fa0bc87f41330f03e16
BAITC-Hacks/hack-444e1ecb-iman-ai-labs,2d5fc1fb3a8d1f3d8a47cc8ea5d9c226cc3cbc75
BAITC-Hacks/hack-44575324-trix,3d52a5cb83ec37a9a424776539314e043b7a1472
BAITC-Hacks/hack-447b0200-erbatyr,5121214edd27570a0e7b7b61d3882155f71e9394
BAITC-Hacks/hack-4484d2b6-arc-team,9eda0ee94a7f5c9ec839976677c15c2b53bb8617
BAITC-Hacks/hack-44b625e0-rzanbatyr,b6158e2075afdee4da8db8af70b9456743a828e7
BAITC-Hacks/hack-44c4204a-kto-mi,8ffc6a76772893ba9abf80880d5cfe5754a81e56
BAITC-Hacks/hack-44e608d3-ibrakhim45,2c47c668a22db01e7a31543f6099da7339bf66b6
BAITC-Hacks/hack-44e658e5-dictator-s-lair,960ec35c28b9f35550888bcc8ef58a4a1b8c91c7
BAITC-Hacks/hack-44f7c567-hippos,816a53cc71d1b80e9feab2cb2109248d3647dbab
BAITC-Hacks/hack-4511178d-t-sting,aca40c445d78bdbd4eb33ddd5752b2fe6987b09a
BAITC-Hacks/hack-453de0e3-exodus,8c4303bb726e21d206549e7e8a88047bac4c4c13
BAITC-Hacks/hack-454bc7db-logisphere,9d338f1c9a4b3834187192e30f24a0363642c550
BAITC-Hacks/hack-455a571e-brogrammers,95b562b1d094f1780149f7888465cfc6d9658c29
BAITC-Hacks/hack-4565233c-yerassulnur,acbcd81113b34fc56e2b8462dea21925f38d8513
BAITC-Hacks/hack-45660dd6-auramed,c98dfabba45bdca31286d33f59fb270fbb5e4b59
BAITC-Hacks/hack-4572ced0-mi-bombo,559368e2d0568f2230cb7b295a2e2afb6d917364
BAITC-Hacks/hack-45b0ba04-team,c3e244795a60ec35f13cbdc95bed393c452517e6
BAITC-Hacks/hack-45c0c2c6-tiramisu0-3,171a4bec1a0a0ed835f724419f30a114503cb31f
BAITC-Hacks/hack-45e4204d-sst-tigers,86dd3e27ecb3f7f24bb14f5ff351ab9bcff2486c
BAITC-Hacks/hack-45f37d3b-prompt-pray,895e999c2b9bedb68dc1106d0112b868e88de719
BAITC-Hacks/hack-462c549c-aiva,f2a38e3bb71e3df120a10fbcef6a33d93a6f0d1c
BAITC-Hacks/hack-463a9525-500,127d36f3a40f84110a71bba1d36d6dc6cfde1f3f
BAITC-Hacks/hack-463da2da-gophers,53b08bf62474032285014f728520dfa9189d7cd1
BAITC-Hacks/hack-463fe33c-lomra,cd07a69f0c755f74ea0681239966334e695fd580
BAITC-Hacks/hack-4649b58f-flame,66a4b0824b9755db671cd25249b2c204ceee219e
BAITC-Hacks/hack-465d0595-lanren,128ad38bd897c68a8dda49fd852a3775623206b1
BAITC-Hacks/hack-46710f41-tulpar,b0c173c969038dd47785f28b21cb4a7a79e6f3e8
BAITC-Hacks/hack-4678e26f-teras,056dba1ebb51afe27056cfa3544a00886eb1ae90
BAITC-Hacks/hack-467d9aad-ai-solution,42470ff3084070ac939a43276adda2008c7ede19
BAITC-Hacks/hack-468efe9b-adam314dl-bit,203f2ff7fc74f67f2cf79dfd2edd27597b379459
BAITC-Hacks/hack-469457cb-ipaktech,2ab1a08aa4f61b2f95309ae3c1e748c8a245a9f6
BAITC-Hacks/hack-46aa131a-chrollo,4be31c601112fa29341b4c68a2a69e280cce35d9
BAITC-Hacks/hack-46bddff6-kddfcfg6gc-sys,3956cc2e6c665ab9608a6c4b47cbb98c7245a953
BAITC-Hacks/hack-46c4b86c-spectrum,7c90985a3a7ea6b04256ddcb9d88fcbc8976e70e
BAITC-Hacks/hack-46cf7464-daniikk1,f3dda56ef9792ec6b191c1195f1a68fd326a3d71
BAITC-Hacks/hack-46dd9809-kushkimbayev,f3dfb0b0ee18ac701f2ab7ba22ecce9b759c4987
BAITC-Hacks/hack-46e169e1-y,165247099023963c993c5ade104c6eec41b40102
BAITC-Hacks/hack-46e44fd3-melnik,69a0d31e6842b44552e1609a992d49249f99a194
BAITC-Hacks/hack-471b2109-aiarumyzamkhan178-sys,03a56cb37f688e19a69c1622d7b8a7e10d7d3fc8
BAITC-Hacks/hack-47277bdb-undefined,2554a481b84ddd1ad9359e6863a0ea053711e589
BAITC-Hacks/hack-472880c8-code-red,cff62a393276ffd64fa4f66937e8c6d045b384ae
BAITC-Hacks/hack-472c05c8-alibekgamer,03bd599338758f1d3ed228c03ecdb5af9deda8a0
BAITC-Hacks/hack-47334007-pakogay,ed3faf1c64e6ffdbd0a217302eb4f504036b76bd
BAITC-Hacks/hack-47680ca7-aiuonagpronapf-bit,3d7c142f31a9c0642bc54b199354316fa6e77a86
BAITC-Hacks/hack-476d5925-aitalent,e2ac2f1c704cb1173312da77452d183685de3ed8
BAITC-Hacks/hack-4770ef3b-ishowalem,ab0033e439e655028467f23eba15718f038124b1
BAITC-Hacks/hack-4771788e-mclovins,0c6ce1cbe455840dc90c67839a218bbdaea78785
BAITC-Hacks/hack-47794b43-aznatronx,fabba235932939481dcfa7f69b13ab93f7aa44ac
BAITC-Hacks/hack-47901d98-ms-dos,2d4101040fb5afbbfdd584b28882cfce94e09c46
BAITC-Hacks/hack-47aab80a-floglan,0fbc1e43c2567a64241721cf084903d8f9bc85bb
BAITC-Hacks/hack-47ae2386-asyl,9d542d71e819720c5d253658c31ff454946c1747
BAITC-Hacks/hack-47bd9c8d-dbk-team,05c9437a250cc66aae0f983e2570e27a71ef9f5b
BAITC-Hacks/hack-47c907b5-qw3rty228,5f8fe42a82120b3b4120a9d58231fbd087e8dd1b
BAITC-Hacks/hack-47cd29ee-repit-test,56fb3bdac00a00520f65182df5b8bc3f5e8804e0
BAITC-Hacks/hack-47db5dc6-alish-shin,21bf74af7a7ab13f063189a19299a68a79648aca
BAITC-Hacks/hack-47e30c13-qyran,6d2df601436248aec570f7b269b91c1c622fdd87
BAITC-Hacks/hack-47e77698-symbat,d5a486bbdbd726a532fc14ed69254ad57ad120e0
BAITC-Hacks/hack-4808fff1-cyberagents-ai,b6d687c205caad1c773d59e026beefffb020a9f3
BAITC-Hacks/hack-481839f6-13g,2b365408721d3614134b985613cf89d76b42039e
BAITC-Hacks/hack-4853e092-ban-ai,a0ec18bbbe2bbd76f2e8936f9f28bf0ebe2c71ed
BAITC-Hacks/hack-485587b9-shakhnur,5c77606cdeca35d58b2a5329510547e5b8b54284
BAITC-Hacks/hack-4858429d-knewit-number-2,91b6fa54119cd58e75aeb21ad62e94a4c341495e
BAITC-Hacks/hack-4869ca7f-test-test,fb372675169dd7009cdfdcc6425af9b89ef3e39b
BAITC-Hacks/hack-486f4ef8-aidia-tech,0d476966a8ddabf8530bd638e49d57e77a852b5d
BAITC-Hacks/hack-488285c1-baspaldaq,fa2a842507b3f3649c2f2e1f3b035cfda6089397
BAITC-Hacks/hack-48a05ebf-zhigitter,d5850c1dff0d20f59da946ac4b11fd0ecaf6809e
BAITC-Hacks/hack-48ddb768-trifecta-ai,e12decd716202cdc326bd14a0a0c316b8eb71b68
BAITC-Hacks/hack-49030f8c-apexflow,5e3d6ac5266bb20d3c65c9c96506a946c7682b81
BAITC-Hacks/hack-491e4186-hack,fe99baa332728b6ba9ad88fa1c5ef28d1873db99
BAITC-Hacks/hack-4978675e-sons-of-attractor,f016d64e718d718c7fe43b8f7f616002bb0c0356
BAITC-Hacks/hack-497ca5e1-datalicious,3fbdaae30094d442959e6b87b37b06e22c9fc96e
BAITC-Hacks/hack-49a59521-sad-pinocchio-with-a-hat,229638eda03da634d3a5f4349437c9ffd764fd08
BAITC-Hacks/hack-49b04242-sabinochkaaa,6d528bdde4a6104171e0daee2bf8b78f0c19ffef
BAITC-Hacks/hack-49f4b8b6-shoppers,535e8519f5bd40ce03439bb0e6cfd409584a1e12
BAITC-Hacks/hack-49fb3930-spark-studio,ff15886a411f86fd65eb97e81eae117ad6b698c2
BAITC-Hacks/hack-4a00bb4b-kazymoveldos4-cloud,93d5c7f4e5fe9a9451e0014c41a6e794efe9604e
BAITC-Hacks/hack-4a0456f7-sam,582015640055c4ebba1eb1c4c7d8dd8160ec126a
BAITC-Hacks/hack-4a084a2a-omarovamariyam,717840661ec0f3c3978527a390af5776893a91f7
BAITC-Hacks/hack-4a297634-moot---cultmoot-online,5f9884d059d6a10bf029676df543da15849034f8
BAITC-Hacks/hack-4a368ff6-rbek,69b6eecfa71612753184f7fbf328af46c77866e0
BAITC-Hacks/hack-4a3a9b1c-vibeops,0ad6efa906cb2e4efc384a80d987c03b9bc50fea
BAITC-Hacks/hack-4a540189-new10,d35d991c3f7e065e56523f1380e7d70cfa161178
BAITC-Hacks/hack-4a6c9257-ziyat20,835ed913a7572279b784365d658d55024896d3f7
BAITC-Hacks/hack-4a724051-hahathon-devs,26b9981669319295d91a64903c797e1f677769e9
BAITC-Hacks/hack-4a8260d6-gumar12,2649053dbe1d5a9df428e7b4d7de39954b850e68
BAITC-Hacks/hack-4a8499ce-shusauro,dd7837dd2f3b7e9e570cc5e87a97f7d86b182ff4
BAITC-Hacks/hack-4a84a5e5-taymas-systems,1a42d40d145b4adf75ec4faa69b08b99b5db180a
BAITC-Hacks/hack-4a88bab6-l,551aa1c7bafcb07c64c92406a81b06f20183f9ca
BAITC-Hacks/hack-4a8e4b81-qaratop,b238d41a627543181193659c2a3335a4b6591bd9
BAITC-Hacks/hack-4a947dc4-radivaiba,e319c91057bed4ac1b70a5f2f8f64cc7fcd21f34
BAITC-Hacks/hack-4a96e466-dala-intelligence,6b472e578b6c61c36c55cdcd42478937a63777f1
BAITC-Hacks/hack-4ac40f9f-wamigos,7e669b7a0f23b1c253041ed4b6ae19d86dd47e37
BAITC-Hacks/hack-4af4f6bc-ktlvibes,eb32a93dd37af9887d6613666f83517b33f68222
BAITC-Hacks/hack-4afe776d-syrym1924,65adbc984db3a8f2b493f6c2a793f717473d8a38
BAITC-Hacks/hack-4b0b8d4d-nazira,9a7878590b961dfe40312e80521fad7b7662e8e3
BAITC-Hacks/hack-4b0f89b9-lanik69606,4991b2d5f27c49355daba87f183d9a4df6bc757e
BAITC-Hacks/hack-4b1d9f46-sazmak,943895ee584e908b9470bf036f63f23e6f5a299d
BAITC-Hacks/hack-4b361c78-pts,b39dcec3197494922e01a0ce5746b8ef71fd374b
BAITC-Hacks/hack-4b362af0-kosta-team,99dc0714ec4c5be5491f3b7bebad070a72a5267c
BAITC-Hacks/hack-4b6756fe-ktt1,ade2b24fdef807bf2c20baeb7134634ba7819b61
BAITC-Hacks/hack-4b695b60-ai-just,ddd548d24717a7f3166fc01550c5d5b9d4b5af38
BAITC-Hacks/hack-4b88a9d4-monte,140853f226829032c2ac23ce2ac2fa76491cff87
BAITC-Hacks/hack-4b8f7014-team,4716f05de816c173f12ed9ea1c95801572a5a7a3
BAITC-Hacks/hack-4badfa22-y-e-r-a-ai,06cf5dba3cc88ab7686988865237c5af84b4d526
BAITC-Hacks/hack-4bb3095c-resource,7e7b35fb06f1d04893d6d92338f038c34e19202c
BAITC-Hacks/hack-4be241d5-team,cac1bae239135cb4a1ca97b75f60f1016c2cf26d
BAITC-Hacks/hack-4beb04d7-aimax-ye,a16fbf893ccbe9742bb50e99007fec390b06fd79
BAITC-Hacks/hack-4bf2964a-qzenixx-test,724f6e775e1c2cc691c1940eefbd80c8063ecd97
BAITC-Hacks/hack-4c0311c4-niopica,1039519b49a08a1491956d8ac8e50332b7d68271
BAITC-Hacks/hack-4c17786c-adil,3ce79418fa9aecb8607e3be0d8a5eb66ffdd0e76
BAITC-Hacks/hack-4c31675c-dari,5abd786efdb4908a3c40ce0721f686986bf333da
BAITC-Hacks/hack-4c401bd7-pied-piper,9e4277c83fe75b88acc0139b6582e13157acc145
BAITC-Hacks/hack-4c452bbc-the-beatles,9c8e1be1d09d0df0a1741fb86307bbecaae4fb2f
BAITC-Hacks/hack-4c618c88-poedolfj,3eacb6c040b81a680417277bf3b163ee7c1b07ab
BAITC-Hacks/hack-4c652225-pocahontasabi,058bc77558b5463048304ada9a490c81390daed0
BAITC-Hacks/hack-4c816c70-team,6b25b4d8efb3cae6f64e5abdb94028407360fa30
BAITC-Hacks/hack-4c8f8a52-curx,a09e941c143830ae18bb00e338b7375d657726d2
BAITC-Hacks/hack-4cc0e4be-dr1mt1am,d9b79b1869338791814d75c4123a4e0b4bdc624b
BAITC-Hacks/hack-4cc6920f-dilyaraakhmetova,949a3e962c19b5cc62c7590cc9751c8d5dee0b5b
BAITC-Hacks/hack-4ccbaf28-lpv-startup,5e93e5c7c7e5e16846d4b66586a8550536652e4b
BAITC-Hacks/hack-4cd942ec-bakhytzhanjzz,c8527f3fc8d3ff58b4e614aa538aa0fa61ba4666
BAITC-Hacks/hack-4cda3db2-ctrl-she,5df1f7787d1fffcd373e0638545191f84a737cba
BAITC-Hacks/hack-4cea2b8e-team,54dcae06aee89ebd90c5c6c6c1bbbc42a2b2e161
BAITC-Hacks/hack-4cfb0407-space-bell-studio,53012307fadd0fe039cc6735ca00d3147826b5b2
BAITC-Hacks/hack-4cfe9779-k14,a612b9f4f3d1011aea2f129b8b702a98591d532c
BAITC-Hacks/hack-4d0a6560-maksummagzhan,56db99f5785927a8ad792f7c88eb27c161ea5a4a
BAITC-Hacks/hack-4d1bb40a-code-302,27422162f3caaab8f224859845f8d98331452e24
BAITC-Hacks/hack-4d225948-mellisoul,3696a16f7bc23137fcc2d8b2f12f20e1ae4293f8
BAITC-Hacks/hack-4d243613-three-biys,695b9382ca45efbd2492766916cd24824cbddab6
BAITC-Hacks/hack-4d3d6773-al-manas,672a39d0d22e7d03db32966b92f1c2a2dec26515
BAITC-Hacks/hack-4d491ae1-pineapple,f990816ac642a4a670c6766a6296be5a91718fb1
BAITC-Hacks/hack-4d63cc53-team,dca835c3e4b19fde20fdb0c79fe6e4f97cf11ef6
BAITC-Hacks/hack-4d800add-tenge-agents,08b7290153eb630fd1f799bcebedbd4eba5e9ef5
BAITC-Hacks/hack-4d80b8af-unity,e75aea71c37db1877ddc0926948a86a44bc9d9bb
BAITC-Hacks/hack-4da6a357-f-one,c6adefdbe756db950bdc7a00cc7f1b61b44afb48
BAITC-Hacks/hack-4da6c382-team,3d487cd05ed53c716bdcc7ac77ad4d06eee61c54
BAITC-Hacks/hack-4db729d3-sco-alasha,67b94e6d7b25cd97e78e7e702fc2b1fdb3e59218
BAITC-Hacks/hack-4dce58d3-serikkalieverdaulet-web,5e49b6742de78a77ecef81c9511f82e84e1b3bc3
BAITC-Hacks/hack-4dd899ae-aidana559,5210dc3c010f70f4de815df66814ba640e42f11c
BAITC-Hacks/hack-4ddfbd63-team,10a26ce603923f4a103105ebb8612ffa27e26021
BAITC-Hacks/hack-4e01c468-holy-project,9cc5a9b8817a83a744439e7f942f7ec2e3082c39
BAITC-Hacks/hack-4e1afa62-tima-kh-97,3b99ea6c129e951d833dfa1a6b48bf7e44a7847a
BAITC-Hacks/hack-4e1d725e-magzhan99505-hub,aa3a17b4b58ee85076c6ccd7bb15c02e70053a9c
BAITC-Hacks/hack-4e85fbc3-team,d70aba8a39e61e5f899de1507ef80701abdb766b
BAITC-Hacks/hack-4e8c4863-tooledu,795adcbca07d3badd95a7c07f6c4ce49ea6817ce
BAITC-Hacks/hack-4ebde272-hell-mode-the-hardcore-gamer-dominates-in-another-world-with-garbage-balancing,92ef5204deb7e3831ed1de4aecfca146c9a0071b
BAITC-Hacks/hack-4ed2ed7f-asyltassa,05c039cbcc74d8f76e2b936830d723fc2655ebf7
BAITC-Hacks/hack-4ee291da-adiletb,90b379ab560418ef96c619f460d13580c5630232
BAITC-Hacks/hack-4eed1086-for-trun,6a7477b3b225f1454b89fffcb063d1f628653675
BAITC-Hacks/hack-4ef8dd83-meron9,86e1bb11fd71468fff901da5f906d36520e03753
BAITC-Hacks/hack-4f16c25a-supercluster,207e6d55c29397b8efdbf57180970b7631bae304
BAITC-Hacks/hack-4f18269b-asai77,b2e35191e76df6a8ea681835e152e2363fe3ceaf
BAITC-Hacks/hack-4f1e5c1f-namangeldiev86,be79facfbd8551c77dc6c23793b725dc69cdfda9
BAITC-Hacks/hack-4f30594d-luckydarra,e4a32f5989ea98e2d3b8c3c9d4ff1bfbd5492daf
BAITC-Hacks/hack-4f7b4401-techmind,f7dd2ffaf111f5abb01b9ab55d1827f315b9b44c
BAITC-Hacks/hack-4fa785fd-r2c,a4280ccb20ddea5ef347c8d97ee9fe977cc62f62
BAITC-Hacks/hack-4fbaf6fd-hahatun,9d5b5fa67cbbf1f0c8d73a7fb2d746286e2ede33
BAITC-Hacks/hack-4fddc4e5-richards,69225678b969f8da0d37f5edd6f7573beb9d0282
BAITC-Hacks/hack-4ff31b88-palantir,d5bb377fc6badfa26914581429b5d937259c2aaa
BAITC-Hacks/hack-500190b4-eralash,a29cab1dddef69b42ca14aeff98c25b6b71eed8d
BAITC-Hacks/hack-5010fe37-team,831d44e3c329827415cfc9d72104de4e4b6ed6b8
BAITC-Hacks/hack-50369127-build-your-dream,f2fa02ca49a2104f66a692d38836f59fc2dbd12b
BAITC-Hacks/hack-504eba82-mirakbar20,6f7f651b54684f95b924db5438ed49d730ddd559
BAITC-Hacks/hack-506e711f-erasylaiu2007,2b987b85629d06f7afbf84c5e6fc4f5fe4b2117e
BAITC-Hacks/hack-50802de0-idkteam,46ec51587919c327e5acaeae670c4cfd626992e8
BAITC-Hacks/hack-50874584-security,0d2b6d498a87f2fbdc2c4a7ff8c48af9c257abff
BAITC-Hacks/hack-509d7f64-latex,b597b1fb1e4f1a4951a21a399ec51bc81291766a
BAITC-Hacks/hack-50afc849-merch,f00d8f2a79cec6a04d218ccb12b6174cabbb360a
BAITC-Hacks/hack-50bab300-404---brain-not-found,d54e2e76000b35f56041f512c28bf7c82faaa938
BAITC-Hacks/hack-50d7d5d5-meysqosai,160d08113781643933eea940fb541db8615cbcc6
BAITC-Hacks/hack-50f8fc9c-neurocall-ai,80847856ba2626acf4afe33e12d3bfa1f52091c0
BAITC-Hacks/hack-50fcb8d1-orleu,f3686cb097d372b116f3ab19e49467f9c75738c6
BAITC-Hacks/hack-5107032b-bmw-techrally,6e9f7f172b65a28584775bffa62550189331d0d6
BAITC-Hacks/hack-510e990a-requiem,e5769de0473b587ef4e2ba1fbe2203492eb492ec
BAITC-Hacks/hack-5117dfb8-de-groid,1c5165bb49e2586a776a5a690816056d6f9b4cd7
BAITC-Hacks/hack-51250d67-abzx12206,fd2e37477a7011ddf2b92a3bf7185efbc83075ac
BAITC-Hacks/hack-51566949-jasik,61478c566bd9401a5fb3a8edf70f4f920da870b2
BAITC-Hacks/hack-515a48b6-kuker-tech,e3e882cd83cf6d555afaa045d18d530e9451e14f
BAITC-Hacks/hack-515c3298-sumomega-nexus137,e16aeb866ca08aac3edd7e96eef264bc576474bf
BAITC-Hacks/hack-516020f0-pogancy,64a71bb84eb7f4c9c46a2d6252d6ec16dd5ad396
BAITC-Hacks/hack-51622b1e-mas,04cd7a684fc6677c9577a238f946bba527516991
BAITC-Hacks/hack-51660f45-b3zn3ga7iva,d8a67bf5d5e3ca6b0c79612b5dae7cc48e20e342
BAITC-Hacks/hack-51683437-paix,5e13d10a3885a58cbd37f040aec064a396600006
BAITC-Hacks/hack-517f7af7-raspberrypi,9dfa0cd32fab3efb9dbe6ad9b5de3b9e9e887df1
BAITC-Hacks/hack-518b6a53-bom,6886ab0f44fe546826bdc877720d44c1bad53029
BAITC-Hacks/hack-518e1079-esensats,8d9d8bfa56a6bd431e73ada993459bc0f16b83e6
BAITC-Hacks/hack-51c60d38-soloai,9bd433166a041624a21acdeacad79d7f65b39f2c
BAITC-Hacks/hack-51d4ed6d-abekemyn,d27583a851649a1d4390e761650f6d2e70e6f7aa
BAITC-Hacks/hack-51e4073a-team-name,227d6f38d7c527f55326a227e70a86d16e12f483
BAITC-Hacks/hack-51f6c0eb-it-works-on-my-pc,546528ee944306f87f0ac49ea717ba6378796421
BAITC-Hacks/hack-51fbdbff-jts,e020511576ff11411af341fd70af4424f241583f
BAITC-Hacks/hack-52366822-egile-kz,44d9a3f4e28f025f3c2325bdb13865c3627868ab
BAITC-Hacks/hack-523cd102-glados,83cd57a2107cbc9755a3c2577c75f85923062211
BAITC-Hacks/hack-52479b65-tubi,4e708da5e1644c2d6e7a9989523e50df992c3362
BAITC-Hacks/hack-52587a32-asam-ai,ffe425b4a6cc9dc33617167f82cb6da1e0067f14
BAITC-Hacks/hack-525dd3ce-untitled-team,209abaeae87addda5f66045a7aad5f52ae3117a7
BAITC-Hacks/hack-5263c4cc-webspace,eb880bc61b22408a3cf89f4194075ab641afde42
BAITC-Hacks/hack-5271660c-tiramisu,295b1fb0ccdb792f4632cbfe2c1d0ac9c438823f
BAITC-Hacks/hack-5273bcd8-papanda,dc1746a18608fdde86d6884a8a23ff7bb27baed4
BAITC-Hacks/hack-527545d8-divide,fc5156ac2af21cbdee49910edad93fdddaca2593
BAITC-Hacks/hack-527f488b-louzenp,e7bdff63093a355a3d98d1f893b969da0d1922c6
BAITC-Hacks/hack-527fcd8e-cybershin,afb5d5f2e75d542767e4c9abb4ed784c365b23b8
BAITC-Hacks/hack-52883c74-arasaka,f29e46fafb011fb3ecfa315d5fd632502cbfb899
BAITC-Hacks/hack-528e4c67-sixsevensquad,1380b21085c5f62d1084133e21aebe8fabf381ae
BAITC-Hacks/hack-52943cf2-cybercrazy,6cac83aedbd2d16de396cfb43980dfec7ca9b353
BAITC-Hacks/hack-529b2d17-trauma-team,f82827e96733ea40fd003603dbe473bf447d475b
BAITC-Hacks/hack-52fe5ec3-overfit,6ea6d39a8eaa782d1e9bba5bb1515e213468224a
BAITC-Hacks/hack-53150672-sk-ai,91b50435289494e7e7b88e5830965843efd628a2
BAITC-Hacks/hack-534039b4-dara-vision,23200c2ffc91bee3203771e536049085141326d8
BAITC-Hacks/hack-534e2b3b-cv,41436eadc3f63ab157dec81da774691b11f631a2
BAITC-Hacks/hack-5351b533-deteam,e5d6de1353ac0ee6ccbf98ff8087f40c370c1b83
BAITC-Hacks/hack-53584999-nanta-ai,7f99e90fcacba303ab9305d4d8688b3b3819c8bb
BAITC-Hacks/hack-53600ae1-team,91a9cbd37b093cde0eb7ce31d06e9e29e452b4ba
BAITC-Hacks/hack-5385b9f9-acidfog,c56f8b41ecd902ebb87761e09d8eb078e965b56e
BAITC-Hacks/hack-53880c34-msn-b,7e553e10e1e1e1e60687d6f4d5e21bc04b99d457
BAITC-Hacks/hack-53941d5e-triple-a-solutions,fa8a6f0b914c35c58c52ae5cdba4ce54cada10b0
BAITC-Hacks/hack-53976dc5-maranello,adea43eac287214b4fee01fe3750c36a7d91152e
BAITC-Hacks/hack-539ca005-asik,61db310190c92cff4f936bd8d47bbb2600618469
BAITC-Hacks/hack-53ab849e-neboltww,6947c2b0134d3ceb3a9b5f4e3966ae647f7c8f08
BAITC-Hacks/hack-53afffc3-bibamansbaha,390d3dbf7713fcb388dd9dbad2f0593510d09714
BAITC-Hacks/hack-53d6003c-arqau,222e05598eea8eb208646661428a77d4673faf49
BAITC-Hacks/hack-53e610eb-oleksandrteam,90d3bf61e4d8669e60c0ed8859445cefcc35f6e6
BAITC-Hacks/hack-53eee944-sln1,3e43eb3d0a1d486d555a3f2ce66741d0c943fa3a
BAITC-Hacks/hack-53ef61ca-jiggaz,bdaa49584929513ee0b6ddb929c88a94ab7942db
BAITC-Hacks/hack-541211ec-madagascar,d7aed93c80edb5d41b07574cf413c2cccfbae25a
BAITC-Hacks/hack-5423d706-all-ai-solution,82c0fd17995656c6f3425caa2b059bbdd6c0fd21
BAITC-Hacks/hack-54278eb5-bilionaires,6940240986230df5c4960371c47b29e2cdbfe80d
BAITC-Hacks/hack-5429f1c4-duriandr123123,b700396a561b0e5d155f223d2626c2c3a262f5ec
BAITC-Hacks/hack-543c276d-jarvis-team,d41250dcefd86ac16418cd2a050c2fef243f2494
BAITC-Hacks/hack-544c8958-alma-solutions,99c7c6b53494b80f6f9e9d83d704b079fe256ede
BAITC-Hacks/hack-5468cc32-nur,f0904da616b32fab1dc97a0bab488206f8c4e756
BAITC-Hacks/hack-548e2095-retry,ac33c04c06cc2ea75a60fca346b723486dbfafb7
BAITC-Hacks/hack-5497cd7c-ddos-diki,c0dc044bc65ed0b9e17b0b2cd07f025d2ed27cd9
BAITC-Hacks/hack-54a50d6c-taldauai,038a8c640c475b778a643a103f7b1cf1e0e07748
BAITC-Hacks/hack-54d538a6-omarkalmurza,4e5ba53b6cf6d249e668eb3a2f3b2183b5a3a279
BAITC-Hacks/hack-54df0935-ngs,9072a245343fab1405ff4e3edf9bd64da002baef
BAITC-Hacks/hack-54e6ca53-ixi,1786cd1ca143282e9beb030966314e66c4e7cdad
BAITC-Hacks/hack-54f1ae1b-astana-hackers,36fb5154e3d845821c9accbfcfb927f9a5e772ff
BAITC-Hacks/hack-54febda9-signbridge,8cb90481f398c507bc1febcdd3b1f642d8cfd787
BAITC-Hacks/hack-5504e8fe-osloebs,3db694cd78be1ae327bd822ff609869fb0a5a226
BAITC-Hacks/hack-550f3b10-turkestan,03258cf7883189c9b3682933f5df908b7d9d88f5
BAITC-Hacks/hack-5518cf1a-milanese,fdbf316b6bd31324424687a4a7ca49efab02f9a7
BAITC-Hacks/hack-55197c77-newbie,7b351e8dd7ee9388f6f2a999a753e4ad1baf0805
BAITC-Hacks/hack-551c4611-myadventure,37f835f7e67799409a833fb1b34872b8b285ed2f
BAITC-Hacks/hack-55232f74-projectzero-team,31c88ec1cea6a3bfa6464bdd01a65703affca9d7
BAITC-Hacks/hack-553dde6d-almatjuvashev,06e48a3ae114ca124b3850a1c009d8b7bd66978a
BAITC-Hacks/hack-554371cb-prompt-chaos,98dae1ef2d7af849a6c9f1a43b0c885f81221def
BAITC-Hacks/hack-555a5bc0-edumind,55e7895f72bf7c2c3b50f31594c289ccc708ca41
BAITC-Hacks/hack-55693f06-inzhunurlan,fd697d67de90c22a476c2c329fb3a534818337d7
BAITC-Hacks/hack-556ac538-yerayal,bb18cd120c646712b6ecc8ac387de07e26f28853
BAITC-Hacks/hack-557bd04d-first-time,3bede4053dbbbc6cb6634fcbfc28011787f36315
BAITC-Hacks/hack-557c764d-z,e50bc38fdd6e3f72b034756adad8ccc39da37b4f
BAITC-Hacks/hack-55e98d47-tttu-py,122d3edb9c922fee10433d60e2a56d2f8d3c5850
BAITC-Hacks/hack-55f5f2e5-halal-hack,59d677994763cc8bdb6d37c1c1c444b06fa613fd
BAITC-Hacks/hack-560bf3e9-recore,ec3697c809291550e1f28df9b18a1c21c3dfb327
BAITC-Hacks/hack-560ccbc7-esen,ed03c006f1f54ecf5c280469dad4db13bb40334a
BAITC-Hacks/hack-56123d30-ulank,0e84d7bcb72c8b881b9869b5cb65f6d92fc7c229
BAITC-Hacks/hack-5619f72f-adlet29,56b98696bcdf387c6083a827dbbd629101851dc1
BAITC-Hacks/hack-5686c2bf-falcon,81bec8d0040ce457125462d53f95726af0e95e2d
BAITC-Hacks/hack-56892541-out-of-tokens,b9f535186a271bf8376a6eef705d38b67b993dd9
BAITC-Hacks/hack-56a178d3-logic3,2de41c0672cadebcdd6e6e4eb8c816fa14f997fa
BAITC-Hacks/hack-56c90761-adilomarhani4,6eda56b9603153bd3590bc488f5f10e2d04325b8
BAITC-Hacks/hack-56cf3a8a-cbi,bbcd430edb23f98f62f71f426b60555b798bd57a
BAITC-Hacks/hack-56f0d6f7-jeti,df11f8366748b1b5a7b7df655f3dcb6dbeec8f79
BAITC-Hacks/hack-56ff144a-saulez,1227e14a907c6866eefc849a4378e2237e9e88f9
BAITC-Hacks/hack-57125816-works-somehow,1062f1a263cdce871053f0a01eecd5fe723bab84
BAITC-Hacks/hack-572f131e-amirestekbaev6-art,387255994cf02ab31b9d0bdf95c7434b99f3ae51
BAITC-Hacks/hack-573aa7a4-pallipalli,3ae1e6d8ec990d7eb384a53414bfe92d8c3b16b9
BAITC-Hacks/hack-5749e175-mamir,1bfe70f52f527e9a90e2a8422b691f5380aa574d
BAITC-Hacks/hack-575875e7-rentbox,289f6e8ec348c1749e9ddf89805246399e08d4cc
BAITC-Hacks/hack-5758b527-aibarrr,3c15101ab9b5518f4c3d0a2104292b15c72f0b9a
BAITC-Hacks/hack-575ea89d-team,2136a44b48f1b33445632ac8a0db94bfec707c01
BAITC-Hacks/hack-5767cc29-team,e948ea642f88ddabb965dd56656fd9b4398652e8
BAITC-Hacks/hack-5775792c-dotcomma,c8404e65d5e939a254075de7b3e35133f4766a1c
BAITC-Hacks/hack-579e102e-na-meste-prdumaem,e84a15e6068c25d335d87881c604b9da9552412c
BAITC-Hacks/hack-57ce7a11-prompt-raiders,d52a01db3317d590e22ca95d9a7601135167f1af
BAITC-Hacks/hack-57e4962d-num1hub,90c175b87d480a9706fea65ed0628d7d9a62588c
BAITC-Hacks/hack-57eabd4f-zeyneshzholdasova,da84f5e8cefecb61ebe0330ec2acc3e95661e069
BAITC-Hacks/hack-57ec179f-nurseitai,de88e2bf36370cca1ac0aba435ee2d8fa3a3e720
BAITC-Hacks/hack-57f6bd32-sabrsabr,5f083fc78b916e270cf317ff0412cad528daaa39
BAITC-Hacks/hack-580d0e7f-anthropic,6e04d10395867c28fc0d314d79ba59c51abbc1f8
BAITC-Hacks/hack-580da459-aituboysband,d1ef3f52c147931bba81c62415a0657b8e3407bd
BAITC-Hacks/hack-58157c17-zeunsik,9e6a2b2394711f924c7f599f24abfd42569c66cc
BAITC-Hacks/hack-5844ba02-dna,ad04e0c83282e576209f4f7ca31359e9b0efc61c
BAITC-Hacks/hack-5855b967-constteam,770ff5fa2c9927dbbb8443a456aed06576516ef4
BAITC-Hacks/hack-585f599d-022ali02,7a82b66ee959033638690aceab25e28756c8fb6f
BAITC-Hacks/hack-5884137f-2p,eaa99dd5fa1ed424ed9bb7de822d726a9638ceaa
BAITC-Hacks/hack-5885e9dd-azamatowq,8ea5910a3d434e05c612b5e0fd3906d93b9a8980
BAITC-Hacks/hack-5886f2d6-talents,67db1496649f0a2fa20dfec330af43a8e1faea9c
BAITC-Hacks/hack-589422e5-otanbek,bd6612228f335cbb1e6d0ca7fbb104e53d2c6be7
BAITC-Hacks/hack-589697ef-minjy,13a2f4d879481491905cfd65599278856b551aa9
BAITC-Hacks/hack-58a6f55f-ratisho,ff34f7c0fbd8c2a6a7d7636f530f65558e8bc1bc
BAITC-Hacks/hack-58e0c143-adios,f1a22e1cefb342b2bfd79523aa2ee317fc9a771f
BAITC-Hacks/hack-58ee0d93-siqyr-ai,1a9bf739992f48a605132122a5b28f7df7efd998
BAITC-Hacks/hack-5906f518-mirasdavletaly,6c1bbdd7ee37464f3d195122bb42d2575989cd13
BAITC-Hacks/hack-592320d4-light-ai,352ab0da428a8cc8ec20d4271aee3bf5cea79682
BAITC-Hacks/hack-5924a4db-ayanami,fa2da5ac5092c549dd5d341c700e017accccf87d
BAITC-Hacks/hack-593151e5-zhasulann-20,96eb7af80878a3c12aa30ede799e5e01f42171e6
BAITC-Hacks/hack-59614fbf-laplace-ai,b0e315fff1a5c788c3c3fb969b259d75db15baee
BAITC-Hacks/hack-596cde86-soda-team,f49012f2bedca313a0e5999a657787fceb029c34
BAITC-Hacks/hack-59728f4f-zhagypartolkyn,729c04eca2d6967a1636c76e61a6a75c4ee0e134
BAITC-Hacks/hack-59902d1f-t,df649dbc73de0377d63f422a662c9c908f54bcba
BAITC-Hacks/hack-5992af05-freak-club,47a5cbd36dd9c001ae43619f2e87b4ec69a14d45
BAITC-Hacks/hack-59bd21ec-ayamainstream,9ff676345b218d1b8d90ab447ec6f26120aea210
BAITC-Hacks/hack-59cf2d97-j2jrv,df496d530e1aaccc732bb17d323d3a04ee523841
BAITC-Hacks/hack-59e0729b-ecohunter,6569d3103cc43c09bc3e49c3a4197678c9dfab10
BAITC-Hacks/hack-59e287ef-baken17,386103be2bc0fd43292a44628f73b038be30fe5e
BAITC-Hacks/hack-59e3f91b-data-hungry,f580940a4248956d6c7bac1644335f3e5000c4ab
BAITC-Hacks/hack-59fc03ca-abylaikhan1234,924f0910f1a87f2daf572b38a4f0049806cc5b08
BAITC-Hacks/hack-59ffde2d-ushqn-aitu,5bea3ac970494e808e454e760527c7a6a208f73b
BAITC-Hacks/hack-5a092f69-nurbekov007,03bff59558508b1fe25a864a8d18662ba624b347
BAITC-Hacks/hack-5a093d78-nask0123,aec2de47344c9ab1ba05a665eda12caaeac23129
BAITC-Hacks/hack-5a0b98cb-team,5f6144f1b3ae9b0425b43e3ffa78d9089208d8b6
BAITC-Hacks/hack-5a4a9c56-team,498ab04949685080ddd83e41289ae1d3affc2671
BAITC-Hacks/hack-5a5a6cf1-ai-kaznu,a151b20133ecbcd01f773607912ae9337dda2114
BAITC-Hacks/hack-5a6b499e-nomad-code,d7094ddc1018850a06d92a30fa1e1afff8cd425b
BAITC-Hacks/hack-5a6e2058-embeddedai,45ddb1536f27468b98c019781824cbff204da643
BAITC-Hacks/hack-5a75f2ac-beles,b4dfaef232bebedb5d3b3aa37255406e39735b8b
BAITC-Hacks/hack-5a8cbc2b-nbrzhan,855ab46850a6b9afa0f70793de745edb74dc97cb
BAITC-Hacks/hack-5ab9a461-larda,e4c4e1881f63a1f61d5e0669003e12591aae8c47
BAITC-Hacks/hack-5abba766-orbit-jr,239862b1c842501b1751de088a6c0f9e2b21a733
BAITC-Hacks/hack-5ae1f393-qalau,165aa9bd84719dffea536fee6a9d9f6deccd4b22
BAITC-Hacks/hack-5ae25e66-shzanya,48fa29dd6107f21a7f15a0d15c7133ab62f11b1f
BAITC-Hacks/hack-5aef10fd-g0ldenkai,573a14b32759dfbf4b24aa7f345aa4c1fb9dfb6a
BAITC-Hacks/hack-5af32d0f-aloneen,3dc24f430eccac75b298171c767ed47312d6bc82
BAITC-Hacks/hack-5af719f3-yembergena,49fdcb3f661dd3e2069a588cb33c0b049faef2f9
BAITC-Hacks/hack-5afee5f0-orynbassarovaaizere,857a922b5df2e0fc93bb7c1018e3eb3ff186f7b1
BAITC-Hacks/hack-5b2f861d-sagyngali567,b92620c26ecc37ae9826f2ad16c439f116fd2520
BAITC-Hacks/hack-5b2fd688-ultima,5fca8e003ae5873f4d4f7170ee5c48cbd9a3e1d4
BAITC-Hacks/hack-5b3a74f4-qbrick,3d02ecd2e2e6991ddf0f5f55a6434b71195b94e1
BAITC-Hacks/hack-5b78ee2e-neznayushie-pobed,0dff9b582187bcf5901887e0d02ae8803e2c23fc
BAITC-Hacks/hack-5b984587-erdaliahmet30-source,deb61bbd1fc75b87e600badf80d1a59946bc43f8
BAITC-Hacks/hack-5bbce048-podorozhnik,edf39f539f0924f743292b796260d4d400d63672
BAITC-Hacks/hack-5bcf801b-1,96f8f74b5d87a35fde93c13795d0fe9cf38bcc92
BAITC-Hacks/hack-5bd8445b-talgat,8859029e9c91f972a5217e0acadf5261895788d3
BAITC-Hacks/hack-5bea9cec-revenant,a5f301ac743f692bfe6e8023c82311c7edfcdf61
BAITC-Hacks/hack-5bf2da40-lingot,47c2e8629583524c19966c912c076f3e6b91dc82
BAITC-Hacks/hack-5bfa768a-margulan,faf4258185046aec67c6e6d3f7730a15ad78f37b
BAITC-Hacks/hack-5c17be16-askakov,c7fc0d4e0533d43d22f5265bc0d3f84f5ac8572b
BAITC-Hacks/hack-5c17db41-bluelens,6f51031f937aec530c09d0318f786c9c70d24eb6
BAITC-Hacks/hack-5c1f45b6-chygys,4a6420a479c4a9d294647ee196cfbc74281c62e1
BAITC-Hacks/hack-5c2118d3-sergeek,6dd9c6180012fd66a57fd22794fb8995f15ff35c
BAITC-Hacks/hack-5c54c0a5-selea,af95297aeaab5dc362b41bfb8a5df889fddfd9cd
BAITC-Hacks/hack-5c60a040-terricon,32b8fccc9ecd8b9c6a33c4305216cfb5c8e2c7b7
BAITC-Hacks/hack-5c8d80fd-aizada5,3e925291771eb843c4975862e2f717de658afca8
BAITC-Hacks/hack-5caf5332-stroit-ai,f8d772fb1c0b2b0f41527ae67b041db105ca2d9f
BAITC-Hacks/hack-5cdb988b-sln1,9a8ab796163f696e2683ca95424525f3402e3b26
BAITC-Hacks/hack-5ce9b0a5-ad,717615a057baa1a7142ac4384c2372a0b784dc8e
BAITC-Hacks/hack-5cf6b49a-hustle,3e27f48f654b60375539c1cd76cff147ee41f82a
BAITC-Hacks/hack-5d164b2a-vozduhani,ebe0f7e5abfc31b3d5f0b2497ff519a5597cd0ab
BAITC-Hacks/hack-5d19020d-nur-sultan-teamai,39447abb78053cdc6e02c6f08db1e92da7a06878
BAITC-Hacks/hack-5d5b2a30-dan-ae,6a13016bd5bac13c04464f117cca5995ff7cdf6c
BAITC-Hacks/hack-5d770eaf-neuronova,cf207314d2e1d9508cfe36108523e6b6db9502d8
BAITC-Hacks/hack-5d85f3f7-rakh1mbayev,7cd2ba25f50942f85add47c8dd14e6414ff2d2d1
BAITC-Hacks/hack-5d9019e2-galam,e7f4b57885452b15131dfd6a34ff9630b5cf2a17
BAITC-Hacks/hack-5da21429-kakaka,7415276e0e3f819e9252b413035aef08e5c63297
BAITC-Hacks/hack-5db21a28-astra-the-best,c5d29a22391cecc57bce69f67b6354e56d793d42
BAITC-Hacks/hack-5dd681f6-gronto,e369b004eacebc6d839dda54502afbe76cf49d0c
BAITC-Hacks/hack-5dd6d5d3-mountain-view,1edff2818b8c56e4078a75fd14407ff8d1d9762b
BAITC-Hacks/hack-5ddfd007-qadam,6b3991e0547729de1d128905a53b6e755df92efd
BAITC-Hacks/hack-5def685e-ai-solution7,4cb92cc2a8dcdb6877223c7f75f7810526d72d35
BAITC-Hacks/hack-5e17e480-ebunova,f2d892ce9f2b198b3ee11366a2acbc6c70234836
BAITC-Hacks/hack-5e211807-innova,18670c9fbd09362eaae46930874ac8b9ced6d17a
BAITC-Hacks/hack-5e425d26-mindx,12eddd37004dc96e670f1c6602ef43132bb11b9f
BAITC-Hacks/hack-5e4631a9-pop-eyes-team,a26e8243ebc5ce4285833709e94dcbd64f309f98
BAITC-Hacks/hack-5e5a1903-mg-ai,ca5acea12a4a8e2520025bd89e750f08333189b6
BAITC-Hacks/hack-5e6af0ff-nova,0589a66e1489f5d5133a4f6620d5d0d4d589a0dc
BAITC-Hacks/hack-5e784e60-mr-robot,8aec51590c87bc6774467a2b903d33bd6ad57e3c
BAITC-Hacks/hack-5e7d6e3c-winchesters,7738c9db15aa8ed343c90668e2a34a5885ed0310
BAITC-Hacks/hack-5e8919bb-aikyn-sun,5bf1e53ccd32131a34cf2e67241365b203371b3e
BAITC-Hacks/hack-5ec2c171-ahjin,2187b04b617f0279fc9489bf163da4c3ad563b62
BAITC-Hacks/hack-5ecaf9a6-jolmarat,ee03865f1128224b570547cf1b8443ebc39cda78
BAITC-Hacks/hack-5f2518e2-temirzhanovalisher46,f1806a0c2443d95783dc6395237fb8ebeeaee41c
BAITC-Hacks/hack-5f51c84c-veltarq,826a2c21cb28b9855185fdcdcbac35bab02e0a1b
BAITC-Hacks/hack-5f6a1c38-agv-solutions,edbbcf60b4ac47a49e10593e1f77f469af2f3262
BAITC-Hacks/hack-5f7fa4b5-arys,6514f5c732542022cbab911fc79371cdaebdf217
BAITC-Hacks/hack-5f811d8e-oaiu,28eee98e78bc77fb3fec25a26da8e4e937dd1368
BAITC-Hacks/hack-5f84cc63-vector,259182781fdad1f5b26eb39fd4b1a61f2657dfca
BAITC-Hacks/hack-5f8abe41-tulgalyq,5aec2cf8e173504fa5861fcaa03ec75572272ed4
BAITC-Hacks/hack-5f92a165-beles,70f2143d85dc964643459f2210a5f71c182f27dc
BAITC-Hacks/hack-5f94f782-abylaisekerbek7,7ad58cb204903e5f38ad72abf8fb8fd88c2a060d
BAITC-Hacks/hack-5f99b070-quantum,cd5aaf30bdc071636ebe683703ba3446339db44b
BAITC-Hacks/hack-5f9a1408-solo-db74e3e0,5401090f1a06594be011c1c60ebe6e8a734a5de2
BAITC-Hacks/hack-5f9d9d0b-team,c0135b91e4fcfb6d6fd463d9934ba72d06588cbe
BAITC-Hacks/hack-5faea1a6-arzo1m,b01a209a516afb04034879a34a9d3c2381c9d409
BAITC-Hacks/hack-5fc9e139-tovarish-sanechka,bc113873751d1e9059b304b80cf1610ab89541f2
BAITC-Hacks/hack-5fcca360-farmers,b68cf7edd1905521fd7f15c84212cd381e2fb4b4
BAITC-Hacks/hack-5fd1526e-nuni7292,04b251a0936b6ebab8dc1797996a21bd899257c1
BAITC-Hacks/hack-5fe3ca84-baursaq,2327ac6ac1a1ad9e8b89b3cd971dafabf0b5a719
BAITC-Hacks/hack-5fefe2e0-iitu-spartans,7eb9bfda322d6358db1ee5f7e3d12eeb61387649
BAITC-Hacks/hack-5ff597e9-anelmukhatova,a2960e294959b31d10c614d230c068a8add47d6d
BAITC-Hacks/hack-5ff72a66-trinity1315,112d8a01049abfe184a8af8bcc19562c4650fac8
BAITC-Hacks/hack-60158f0e-plancton,99495b83ab688497d202a48b78ec22e1c9ab8e72
BAITC-Hacks/hack-6025d3c7-shaharex,080af882af1e54cb15e3150d20d568359df658da
BAITC-Hacks/hack-602d9678-adil54521,c673eca4bfd76e23d5387fc2d1edc3d07ddbf4c4
BAITC-Hacks/hack-60389de1-temasagan,dafe14e858698788ec2f9781d2656572a13690f1
BAITC-Hacks/hack-603ad0ff-drifters,71840b94ba07f0cdb1a684938853a125d4482920
BAITC-Hacks/hack-604531bc-pitchers,e46f0e25e42ebfb23de5d10120ff2da155291a98
BAITC-Hacks/hack-607d71aa-ascension,07df44dc6fbe494764db7b0fba00f0ae409e38ed
BAITC-Hacks/hack-6087f724-azm,d5905368f0f0361289076b8f817126d8104ecef6
BAITC-Hacks/hack-60a85dae-team-ping,d9254e9bf24f6d6838703a6740307ddbfcdf5cc5
BAITC-Hacks/hack-60afd97f-abu-abu-abu,986283656741f224937317b4bf5072fb87e7c73f
BAITC-Hacks/hack-60cea3df-nefarious,5eaf6b525d3e6cb8b4d96e11eced0acd681e652f
BAITC-Hacks/hack-610ccf8d-elementarywatson111,eb618cc4804ed5894fc5d9ddf5d6a1f97521f8bf
BAITC-Hacks/hack-61198756-ive,6d0786b3f8aad1d03bd4c559ff924a39bd4561a1
BAITC-Hacks/hack-61391193-team,b5fd62339c2a92fc3cf385e94b7a15cf108a1f67
BAITC-Hacks/hack-613e797d-rush-hour,9882c2d336c6a4b2a1b31caa6ba17750d7927712
BAITC-Hacks/hack-614786e3-bolme,99f11cf6d411b58034adea4ca1a5908340f00e95
BAITC-Hacks/hack-6147a893-mysyqtar,a5d8370e5d066d5f902ec5125e03233f43e3e44a
BAITC-Hacks/hack-614da102-araibek,3cd83ceac2ef3e6ccb2c0fc59ce366ee3b01e20c
BAITC-Hacks/hack-6151e3a0-dominatorfeed,f1a5181306b936052a29cc6b1dead728c6013236
BAITC-Hacks/hack-615e4e31-cyber-shield,551895d857cc52c96c50783c7bbd94360e684e04
BAITC-Hacks/hack-615f50d9-darai,485065f706e0701b6bbada216fdf3018466fd994
BAITC-Hacks/hack-617d5a6a-dai,038376caeae8529bebb005d55ef79d253d39a82a
BAITC-Hacks/hack-618902fe-alabala---tou,b3180d027ae5b48b204a90478033c47707b66dae
BAITC-Hacks/hack-619704cc-dvd,0e45a68d903c9ae7410c1fd4bacbb40bd2b2502f
BAITC-Hacks/hack-619b6386-naomiu66,546aa26f0aaa86c9a0c90851f255ea0061674c25
BAITC-Hacks/hack-61bb6bed-sudo-ai,3eff4555addc0e31a0a65e0d13e58b70953890f9
BAITC-Hacks/hack-61c5ca4c-orbit-digital-ako,61f6a7410a0e4f417f337a5fb8228b3b7efdfeb7
BAITC-Hacks/hack-61d298c3-hexa,3af8e128f38cf6a7c139d327bd2cae3703761bab
BAITC-Hacks/hack-61e6e45d-kikoriki,ef9e4a7c951722e7a66605359fc9cba6515057f8
BAITC-Hacks/hack-61f2e832-onemind,8c9804a26ffe0bdb2dcb024764bcedd25896131b
BAITC-Hacks/hack-621175e5-untitled-team,db97539567cf130919063bef89acb255f8067927
BAITC-Hacks/hack-6219fb5e-legends-of-larp,8cca4bddcc925f148c0e98c9ba7ffc8e25b8f652
BAITC-Hacks/hack-624e61fd-cs2602-kuma,8bd2a1fab29a6febb7ead90869f9ca7dae82b988
BAITC-Hacks/hack-62578d2c-bigazinilias06-oss,bc20f49f3cd9983165d4e2201bd76d78176b2cd6
BAITC-Hacks/hack-625852d0-annasarina1-maker,2557ef5be38c17c93804b896106466e9023ce996
BAITC-Hacks/hack-62600a66-kazdev,9c09f0ebb2e136fa8004d9500dc43cd72d445ee7
BAITC-Hacks/hack-626c00fe-qzenix,85db5304adf7dbbbfbe6edd5ada9218fa34360f7
BAITC-Hacks/hack-62786300-the-clique,43555807f535992bbada0b0f8851d26a16ad3130
BAITC-Hacks/hack-627b67cd-ibilim,ea0549f71e5da01b3d9d243dab06f73930b16fbf
BAITC-Hacks/hack-62902277-aceforce,1eaf24c9fd931a81436dd5b8045967e994a0bd84
BAITC-Hacks/hack-629b990b-bilge,d1bab767e02490ff825ab087eb712b362dc4f309
BAITC-Hacks/hack-629bb278-kazdigitalprod-cloud,323fd26c122287a39af06875abf0f64377ec80ea
BAITC-Hacks/hack-62c5ff38-morqiat,568b0d29bb1c4b99e1c19eb730ca5a8e51f2aa81
BAITC-Hacks/hack-62cf6345-nurazkhan,a0288ad97ebd070f2f7c832bf96f726a9321a4fe
BAITC-Hacks/hack-62dcba3a-badarabazarov,ff125b1786c3e88f599459939c31f49a14b634d5
BAITC-Hacks/hack-62ea3073-enchantix,8db6c36617b42a8ee539b8f789be0d94c9663aa6
BAITC-Hacks/hack-62f1eafd-bulldozerov,ba4d240bd9a953e9832517da2f91034db80700a8
BAITC-Hacks/hack-63060b44-team,7d92732bfea6bbde8fd492e87fe407268a8a6c7d
BAITC-Hacks/hack-632e3813-bateman26d,75141707ab4972520b388b1ff8ac5213764df6cc
BAITC-Hacks/hack-63321983-ureslam,2d958b737730a50dd71431dcc923349323f15e5b
BAITC-Hacks/hack-63357990-gooseteam,eeca6d40986fbb87653ac5017fa68d9addaf671c
BAITC-Hacks/hack-633bc01f-nomad,89b7d565de1b5a48684aafb49820292a715a8892
BAITC-Hacks/hack-6342f28c-yerkinzhan,feb0d35d3c0d2532033958a764bf6efeb59a0c27
BAITC-Hacks/hack-634cc5eb-erka,04cc4236b4d0613c9c4334a33aa4de2ccbfce969
BAITC-Hacks/hack-63569893-ml-empire,136b77f92e157b6e87217d177f3fa48586fe89bc
BAITC-Hacks/hack-6356e860-team,cc1c9f531ee7010b731cd90ff8bd6fb1b184556b
BAITC-Hacks/hack-635dcf99-smart-and-single,6a85c72d6911378eae39dc5ae9ac82b14033c94b
BAITC-Hacks/hack-637a0039-dan1k990,bf12754ed0860342ab7ad18df900ecbff42c9cf8
BAITC-Hacks/hack-637c4365-galymkn,7ed89dceb34fb2f09014d0dd1ccf5e89117418f0
BAITC-Hacks/hack-638f1949-deathstrokedarksky,a29f6ff4009a6c345719364facf3c815ef7de8c2
BAITC-Hacks/hack-639d13fe-bakoni-ai,ae8c2c3a98e302ae21ee32cfc53c901ceb9743d6
BAITC-Hacks/hack-63a0da97-just-student,fd7be1bc8909b38274814bb10e2e8830b54f53c5
BAITC-Hacks/hack-63e62cb7-redred,0da5fa9bfdd363e80fec428e82d18441df56cba9
BAITC-Hacks/hack-63f0c02f-bisalya7,1cd818b77437a48b11fbb894761a89eb6eb5e955
BAITC-Hacks/hack-63fe612a-rhythmus,9595d7d12eac7fa59b308f3fbaaea1d1ba385070
BAITC-Hacks/hack-6413edd1-amanzholov-team,2bda9dada925ffab77067d4b73003c30bf9cbf7c
BAITC-Hacks/hack-6438383d-woulthahe,d385fa5971ebe64232cf0b51ea6d59aee2acb962
BAITC-Hacks/hack-643dff08-makha,e2c986b488c187e941b0a74ffdc34b5cde3bb4e2
BAITC-Hacks/hack-64669e4c-dam1r-dev,cc6e943caeb90710080b4e11489d6665b9e86a92
BAITC-Hacks/hack-6480017d-fusion,0af60ed2a908ee96191d116aae45a6578354a7e1
BAITC-Hacks/hack-64a7eb6b-km,7a523080784b6ec76a8cd7d6d68470bdd3738e39
BAITC-Hacks/hack-64c90ded-alinurym,8e4da16bae25d977c16fb2e92bb5597e977e5547
BAITC-Hacks/hack-64cc2b8c-superpupernovaid,35026df90be7ffff5e52a3d9d7ff4bfaa4e1be41
BAITC-Hacks/hack-64deed8a-0817-team,4102ed88a38e5ebce8d941c6c0db952db20d96a3
BAITC-Hacks/hack-64e4ff4f-lullnil,b0721388fd6756bc57b717f288ba0df8f1eba341
BAITC-Hacks/hack-64e68e32-ctrl-c,c2e08db8b0fbb823eeed29a09a0d7ebb2462cc45
BAITC-Hacks/hack-6509643d-aidanaa,0b1d79968a6bb5d8d537b94d6d50fc056226c8c5
BAITC-Hacks/hack-651064ae-zheltoqsan,986eff58feb2e82a7eab09ccb559da3d6ea6b22c
BAITC-Hacks/hack-651671e7-alpamys,7e7e154d0c808c28f17e25735c031e96a1851fc7
BAITC-Hacks/hack-654ce2ce-ashyngys,ac566cb620d9862ff9d1bcfefcb06994daf9d738
BAITC-Hacks/hack-654d40a5-lexus,de32cb2968e5d5e80577f0ea1479a1e8781d05dd
BAITC-Hacks/hack-654eb90e-idea,d0aa501a000394f004fc7f62aa89a5307f11d779
BAITC-Hacks/hack-6551e7f8-sayat666,07d2efd75a9fc6abd01f344480d669284b7221b7
BAITC-Hacks/hack-6554d21c-alt-tab,e63eeb26b8cb1baffd3ec3124531063bf46fd4db
BAITC-Hacks/hack-6562e101-big-3ree,a54b69fa7195497507b25e8b956ecbef14087a68
BAITC-Hacks/hack-6569884b-aspan,7eee0e8c846426ff52be2069d9257a4d5db7e9d3
BAITC-Hacks/hack-65761fd7-404excusesnotfound,891b1823b3e09e93c67b8433eef53f09011b08ee
BAITC-Hacks/hack-65832770-zhanell,98b1cc730438ad2113a33741293ebe36a6563980
BAITC-Hacks/hack-6585ff0b-patrik,2cb11ac76926e1677a464a9cc8701dbc84b15b40
BAITC-Hacks/hack-65a85e4d-altynaya,869df813850a416d832a81dc1bfca9bdbca86e2a
BAITC-Hacks/hack-65aa3756-igorlevin49-blip,849210a907d4ab087020642cfe183cc96369403d
BAITC-Hacks/hack-65ae6a60-nurkenkyzynaz,c8de812fbd3e16f5b333f37b02a6dce77cbe7be2
BAITC-Hacks/hack-65c14aea-usb,7bb6435311a91187c340116dfe2dbc8de40af829
BAITC-Hacks/hack-65c23030-zhpon,cf41eea278789ca8274af1e15e2cf5d8184239bc
BAITC-Hacks/hack-65d0c11b-asiq,c3ad2a4fde3da97864c804561fe820481b58108c
BAITC-Hacks/hack-6611a300-mnfetch,11cc0218f89e79f4ea040324abfdad63b5cb3b74
BAITC-Hacks/hack-66156615-ai-07,632151390ba8169af3006d039144d12d98c0c775
BAITC-Hacks/hack-6619948f-aiwibe,775f5cfa48ffb0df23458818223d52713cd3460c
BAITC-Hacks/hack-661e3ac6-b0tn3tt,dbe5ac496ba0315e6c002db02d7fc978238031fa
BAITC-Hacks/hack-66205551-ship-happens,64595727b311b4f3f7d283df9782d61a047b361b
BAITC-Hacks/hack-663681f4-youngcybercowboy,08357c4e8571e4962da99f84ec399fa012a12181
BAITC-Hacks/hack-663ac963-amina,5e362d839015a9af54e1df0f1d1f604b88fcfba8
BAITC-Hacks/hack-6669e5b1-nomadex,32bf95d5c93223d0b1487cca8e1c7f54d0570fe4
BAITC-Hacks/hack-6676cb26-nmxviii,cb8a81122532338c807913a025139fc91cfd596e
BAITC-Hacks/hack-668e93ac-davdev,5db0e1513b3d75cd62ade3c7521c6454412756f0
BAITC-Hacks/hack-668ee5b7-rakiteam,4d7da75bd04911a0fa6edf7a2d09c808f631f66a
BAITC-Hacks/hack-66a66292-kalipython747-create,02da12a6218aafa795abb581f72ab9edc65b7f4b
BAITC-Hacks/hack-66a76b60-51,bf0a42bf6c9159bca5e580571b770388eef41fad
BAITC-Hacks/hack-66a8613c-overfitting,446addb03863cc7b95c407b8852446e40c44b04e
BAITC-Hacks/hack-66aef322-aziz,2eed958e0981ddab24c4452b6ede8fec3d40853f
BAITC-Hacks/hack-66bc5b7b-ctrl-z,d4ac6832ac200db84347afb21128491dfacf3747
BAITC-Hacks/hack-66c21739-unerr,074d4e1368149a8948ef3e0cae80b31ae651bdce
BAITC-Hacks/hack-66c60f5c-koshakanchiki,434c0af50a1be4a8d804b0685567e805896e4e5d
BAITC-Hacks/hack-66c85e8f-01husky,23406bbf7c79705b361708ab797c0f2399a669d3
BAITC-Hacks/hack-66e42336-0l-qvtcx0lxqtnc40ylqtdc70lg,3537ba0c448d0e18fd60fa2d586fb397cba26c06
BAITC-Hacks/hack-66e72e5b-vibecodevolki-vcv,8bf5841867584b46b3fd55971709969aa7d3a203
BAITC-Hacks/hack-6712142d-east-vision,3b3b24cf56240ebd895067a7d18723f79e481a58
BAITC-Hacks/hack-672f7d10-blc,87980551f224b962ecbf695e30c406db569230c5
BAITC-Hacks/hack-6744d423-xarabis,e659f4347608dafd014e68d2f8cf221a79b88581
BAITC-Hacks/hack-6753a9ef-erkhanum,ee4930bc801505a193fd8d62ea18229e1d38fb78
BAITC-Hacks/hack-676719dc-bebrus,7577a249797f835053c2455a03e84a35684fe927
BAITC-Hacks/hack-6775166e-lossless,c893547c1bca53188f04f4abda1dc2e0871f9ed6
BAITC-Hacks/hack-6776da01-qwerty,17e096fba47b1656076c71b873baaad8b21bd1d0
BAITC-Hacks/hack-6786e96b-ai-master,78e7e6ba7b8a110eccb8325ab734cd3e8db5414c
BAITC-Hacks/hack-67979f3c-50-tenge,66409f822ee8508aa8ca161d0f720fab72527444
BAITC-Hacks/hack-679866bf-stuxnet,5ebc35b8edc62930c865f81f0bae2f48fe63141a
BAITC-Hacks/hack-67993b43-ai-huibo,1c03254ab5e6be2e58c77ea90d041b1b1e0c1741
BAITC-Hacks/hack-67ac0f25-beginore,c7b42ce9ac2ebf4aeaaf6e786775f557cf3e73f9
BAITC-Hacks/hack-67f2bb71-progulshik-ii,b78a825a5379e68e50eeac4c3425b3bdc1b5c65d
BAITC-Hacks/hack-67f41614-stagovnikita30-hash,e9cdcceeb86af0aa22063c9f4d33c84f1d5a4103
BAITC-Hacks/hack-682bab9a-til-3am,fc2fdd9099165c750ce9b221eca8e0bdef2c8064
BAITC-Hacks/hack-683202a2-nur-ai,eb820ef13deb89c640258c5c2264a87f73e0d857
BAITC-Hacks/hack-68326f6e-bay-area-kids,da022373f59898fde723b5411e2a18bf1f5b5498
BAITC-Hacks/hack-6847c19e-nur-ai,c5886546ffbaa4baa30a5c2de2324b071687b222
BAITC-Hacks/hack-684b88ac-whynot,c8749459a187fa56293863e18d5a0cce4e12b221
BAITC-Hacks/hack-686c5f69-binary-brains,a02cbfa90c464065dfa12e73600802dbd86c2bdd
BAITC-Hacks/hack-686ce1df-id,f280a855045f65e67d373eea5fd4ac5947530c1d
BAITC-Hacks/hack-688f6ca0-404-not-found,9caeb4c543e218cb39f3bf2c2b2b6db8e10f77be
BAITC-Hacks/hack-68c072c4-caiu-tech,b6a050c820fade30b159e38abf2dc41f428acd7b
BAITC-Hacks/hack-69318526-applied-ai,95863d69d0b086da190ab56670a4b6a633cd9ba2
BAITC-Hacks/hack-693d4dae-surka,f91a3451732c7a181b2bf7109d2ded0771d8aac1
BAITC-Hacks/hack-694c6f39-beatteamtriplexzxc,8c6f2578d4520419011f9050844757c0ad993784
BAITC-Hacks/hack-69586575-adlmks,b09b9c85b303bdc6ccb20c1b1ade72ddea86a993
BAITC-Hacks/hack-695a9ba2-link-start,5524109ec1bae26f40ef7f2debc5b5bd3fd3f383
BAITC-Hacks/hack-696ba367-kazast-ai,9f8ff54fe2c969f6eb597659b9c6a1167d814b16
BAITC-Hacks/hack-698575cf-vtk,3a79e2fdebe76a6c5463f7dc11a48ac71706ee77
BAITC-Hacks/hack-69877357-ttankurai,37f480b788573e7746fc38e3aff4ff0181427542
BAITC-Hacks/hack-698e3710-aza9908,93fc0ab863628acf5bef66b0c9826ed0c3bb2ade
BAITC-Hacks/hack-69ab7e6d-team,17c6c22799a069fc29e392c4a6aa90e85e28ff6c
BAITC-Hacks/hack-69b0d761-john-pork,0d3dc55b514fac3297de1db9e7d15df4c31a8641
BAITC-Hacks/hack-69b6e42b-team,fa9cc15265aa07221c956f5c429c94c70f31137b
BAITC-Hacks/hack-69d13496-ontogyz-team,f147aa808c4674c2b0ab180fb60a518d4592a0b9
BAITC-Hacks/hack-69e35190-team,bf4864ffdfc775ffe1977de78799bdb2f36df950
BAITC-Hacks/hack-69ec16f0-ai-virtuoso,6a02fcd717bcb58e80a5547ed2d5866ef5075d02
BAITC-Hacks/hack-6a0e416e-adlabs,9422f265efa7b35c7ec5b0e73adb24a0bbe6842b
BAITC-Hacks/hack-6a16025e-brilliants,5f1ecee0ecd6be167b6512c1b33a1326644da8c8
BAITC-Hacks/hack-6a377f40-yernice,65927a27611d3ebc1b83e37eecac5a026f79c884
BAITC-Hacks/hack-6a782559-bigb76869-dotcom,19d492e646bfdf91eed5f0e211b0bae112f28220
BAITC-Hacks/hack-6a9bd774-medx,873b5ce1662f1909644c6cf1a41fb65b47b3a727
BAITC-Hacks/hack-6ab119b0-it-1-1,28cba8690dd81e8c588d3d84a39c916e077a3471
BAITC-Hacks/hack-6ad98f4c-ainterns,d352331d5154fe2c029c0672a8129516ecf27853
BAITC-Hacks/hack-6afbf9d9-seniors,95ff1f5c3cd05b18b64ecfaa794e86a26d08053f
BAITC-Hacks/hack-6b013ba2-karrambaaaa,9c81669dd953fda941a831320e1a28ed5783bac4
BAITC-Hacks/hack-6b0e2e4e-samexx,6f881733436f3f2364c6af717d3376f0e3933e1b
BAITC-Hacks/hack-6b3754fc-oyan-ai,c7dfafd680f0e74a30c167868d6f8000980e7444
BAITC-Hacks/hack-6b387581-neurax,5b0bf1cbb04ef55ad7a8c4e3bfa7d291b214c3a4
BAITC-Hacks/hack-6b43b87e-nepozitif13-svg,8d730ba91e6812ce6a0bb5996315474069e067fd
BAITC-Hacks/hack-6b518c43-dogs,79415230bb5c9dca0cd892d5e56b3ecffbdc54fb
BAITC-Hacks/hack-6b970593-ping999,ad2718a0d72f3921a9a3ba2c41cbcf776b96a1e7
BAITC-Hacks/hack-6bc36319-mogg,7eb36f19a9f37fbf954989142d89f43b69337af7
BAITC-Hacks/hack-6bd29a3e-2qwants,66324614d175d21003ccd463e6cf5e670026380c
BAITC-Hacks/hack-6c146f27-test,a4c16999d0bbf88dee33b74437f8b9d81cc05649
BAITC-Hacks/hack-6c1cc162-qwertl06ang,a77d4778b50d78c6a34e1edaf9a13c6037929e6e
BAITC-Hacks/hack-6c2f55f4-7182,af673da3198d6562563bbcd2131562b36b231541
BAITC-Hacks/hack-6c327545-arnur-raim,9e7f7bc222e6ea43a1e65b8712f95fcc17334a1e
BAITC-Hacks/hack-6c43f963-nxt,9ada64ca4936bd63367b4b85e90c6645862a2d75
BAITC-Hacks/hack-6c526967-h3aven,d744c5b4146733aefe79cdf07ae5022de51583f2
BAITC-Hacks/hack-6c566308-keshemir,31d2a2afb27843d19a392e26d393066c3dcf790c
BAITC-Hacks/hack-6c584183-sprint,1479da2076351eb7c34c7eca30b59034d5ee2927
BAITC-Hacks/hack-6c59da96-aqurmetbek-creator,97677b883470ebcbb9cd067acfc4968a902c397e
BAITC-Hacks/hack-6c5a4add-kerbez77,9849713c6a246c8840e1d3c665db6d56b7462200
BAITC-Hacks/hack-6c5efe14-dana008kz,8ffe16086603df78a5fdb00fa1748d105778c5b4
BAITC-Hacks/hack-6c68ff11-solol,5e247c6c4a4f40c8c3823b2514d664f021d81dd7
BAITC-Hacks/hack-6caab82a-nether,c43f02968444db236302313f538a66e116463d04
BAITC-Hacks/hack-6cca0277-cyb3rgirls,7cb8c63f6d3f9b0bba9cca934187e436fe30bf22
BAITC-Hacks/hack-6ce3f5c9-visiontest,877de84d000eb89c4493ee93de434d7ba406fe7d
BAITC-Hacks/hack-6cefa479-madishka,3cd26c0e5e8b0ca2f69d14138d74dba68764ade4
BAITC-Hacks/hack-6cf2e85f-shekerbeq,e5acb46979e3136a5187b5186891249e86af9e3a
BAITC-Hacks/hack-6cf54719-the-best,d4ff7c0cdca757497712463c11a661bf28eaa672
BAITC-Hacks/hack-6cfe7a0f-ram-network,4de51559f809a89173ff24db5cfbd9e5da0e70dc
BAITC-Hacks/hack-6d059eb2-murzabek958-cloud,d1cff718510c118bf186a66637e848583bbf488d
BAITC-Hacks/hack-6d0b8f9a-dofp,6b1e80f540470895ed35fde28b9aaaa826eb20e2
BAITC-Hacks/hack-6d18e88e-30-mmr,662c6fa89e8bba4dd6fb637e86f2500b023c8187
BAITC-Hacks/hack-6d253846-dir-echoes,ade286271a24a1e27e605198121d426d4e4fe2a6
BAITC-Hacks/hack-6d3a9d14-wezeso,15b8bbf41ddf3878e3591877601a125edf460c33
BAITC-Hacks/hack-6d4719b0-i-got-love,8c7b19a25fcb640c87c0345b43d4b0c93973de15
BAITC-Hacks/hack-6d4bdeef-lytsites,16b2799fcbf99670bb26ef9b0043f9819a3f286a
BAITC-Hacks/hack-6d5f06e9-halalboys,60ab88eb28beefc0e8e6095e1d2e1f61642e292a
BAITC-Hacks/hack-6d673d9a-the-goys,21cbd637aeddf7b51aad3019ea351b892ac31f46
BAITC-Hacks/hack-6d864097-suliazharylkas-spec,c122e5227b5f3e0b794b583ea1c470a1287a2ae2
BAITC-Hacks/hack-6db30a64-kaekhara,b6c788a703609a45229c7bc537d1c45dad516837
BAITC-Hacks/hack-6db9903f-rianor,26daea57a1d114a66cbf60e07a717dac1c02e192
BAITC-Hacks/hack-6dd0de7d-iamyerden,c779457ec8462484695c99651ea7d09792b18e00
BAITC-Hacks/hack-6dd70654-1hrz,d7cee8684bc73d4e429f482e65291d038b64318a
BAITC-Hacks/hack-6df86416-syngysturybekov-hue,facc83230a03daea8681691e0f1ee9e461ffc2fa
BAITC-Hacks/hack-6e0eead6-lei-alt,c8c77fdd6b042c2f0ddd9cd530331b7161189d76
BAITC-Hacks/hack-6e184a90-aqyl-ai,d36819f25f159ceaaf73052cbed5f665c51af07d
BAITC-Hacks/hack-6e1d5b2d-verstappen-com,11d9605ce96952ebbb54528582abc3f0620968e0
BAITC-Hacks/hack-6e2a466f-vision,11b08651986cc0e56362cda0744ada93028a2371
BAITC-Hacks/hack-6e2e5c8b-sapatech,aa10969340625e669cd387fe891552162ddd36f5
BAITC-Hacks/hack-6e421c7a-k-house,a34f7a5af41860022d61ea2bc329dd635b6d6c2e
BAITC-Hacks/hack-6e46e387-nomadai,e10b743cb19ad01ae81dbac056204a26e2fe9650
BAITC-Hacks/hack-6e4b26e9-mai,b9d13db7c7d517cd3ce44e9ad539779756abc1d2
BAITC-Hacks/hack-6e8de9fb-onureit,c30e2300f6788f31a63d2c1dd53a767d7b21d5a5
BAITC-Hacks/hack-6eaef586-shabytskie,01696af054ff03176f1c5c939e942d90653ba40e
BAITC-Hacks/hack-6ee0248f-aiviom,cb0fcaa1770bc55a3b212958713005bfbf4720fb
BAITC-Hacks/hack-6ef5b315-sparta,c21a8cc5eb5d88929b970920d6b087d9a2fd6c7a
BAITC-Hacks/hack-6f134998-jr-vickers,d91ab13039168384faf0f3f14623cd2ffb9b1605
BAITC-Hacks/hack-6f3b351a-zh1enbaev,1b9fcae3f96f9dc7d1c598b8f4bc5afab66dd42b
BAITC-Hacks/hack-6f631c98-baitau,bf507b1a67eb4d6f8eddfd942b5c15f17615831c
BAITC-Hacks/hack-6f91304a-the-creatores,c81fd69e56da42c137dcddeb9b705417dfe32ff9
BAITC-Hacks/hack-6f9c6e6e-the-copy-pasters,09e2a762866d86b47955088801eec0821367bc84
BAITC-Hacks/hack-6fb56930-nakesaga,8080fbcbfddfd8e25fe5aa6043dab4e57a7674a4
BAITC-Hacks/hack-6fb5c5d3-team,2818e7cd2e2e1161dbfb641704ab443a78a27bbd
BAITC-Hacks/hack-6fbd4f78-lem-ai,dc420a80b6611f3723cfb0452116bd221704f34c
BAITC-Hacks/hack-6fc52e4d-zhanibekkushbassov-glitch,e2169b153181f74a7e2d0593717e3bb111eeafcb
BAITC-Hacks/hack-6fc77c04-qnt,2a58e60caf574398520946be8ea4e2e18401773c
BAITC-Hacks/hack-6fcd7f48-agentforge,0846d682ed2adab993b2b73097fc643ef1fc87bc
BAITC-Hacks/hack-6fe8700a-healmind,974baefe2dcf212e58df5df2ee9f4b99f512d091
BAITC-Hacks/hack-6fec9f63-andreysolo,889832d28da4b5c403dce8e7a3222c47f1c6dd53
BAITC-Hacks/hack-701167c5-stratton-oakmont,a3f246ddb87acba567752aec5faf00eed8bea26d
BAITC-Hacks/hack-70275441-nexus,1e3937f817f8473c6844721965b063cb6e8eef5b
BAITC-Hacks/hack-703cbb8f-keiki-mergen,1fcac3e0010087e33861accf8704a9a968dd3be2
BAITC-Hacks/hack-704a3afe-fininki-kstu,209f3f770a98f8016f46ba7488491145d862ae5d
BAITC-Hacks/hack-707450dc-nuruddinjr,687298363a4cca60cf7ed07bc0fad3291ee9c68e
BAITC-Hacks/hack-708a66ce-s-z,12aef91a027a67dd155b45c2bde144b4d07e0e53
BAITC-Hacks/hack-70cbe048-bar-code-scanner,22b5def98b03b3a5be5f8ee1d27ac40abd4976e1
BAITC-Hacks/hack-7109c5d4-aiymmm,48ec5a8b97eca2ed77d1e38744a1c9fbeddedb15
BAITC-Hacks/hack-711945eb-rofpearl,aff59aeba9915594348699d1c638c3a172625e5e
BAITC-Hacks/hack-7129ed35-tapochek227,7586f38f87a9d0d792625389f38119791d15abcb
BAITC-Hacks/hack-712b4bf8-madishotykbayev,c4dd30cc9341b6021f2fceec0b2c7fa8b7240567
BAITC-Hacks/hack-713854fc-team,fb94b0655f688e0b58ad40bc03c31313a185f7ef
BAITC-Hacks/hack-713f67ec-rmt,4e9522ded98d92766708f1e892905304780650f6
BAITC-Hacks/hack-71503cda-mikowsxi,e7d82d088967ca607f3808b47b0658854d3f2ed0
BAITC-Hacks/hack-7168a80e-nuvexa,be0f39b83f13f69a14cbae6dd38b0eadf0b640dc
BAITC-Hacks/hack-716efeb3-toak,58a21e38b7526069d9c7867d98099bd5f561473d
BAITC-Hacks/hack-71834b72-crazy-ai,cb81565dcc2dffae0ccfdcd2faa0b28e48090bca
BAITC-Hacks/hack-71881218-stndz-main,5066329bcb994eb9dd3d5508fbc6d681a7f63b9d
BAITC-Hacks/hack-719017bc-donerka-house,2372c7ee00c3884265b6ea506ad15ab4e2ee45dd
BAITC-Hacks/hack-71a0bb7a-drop-database,a72e4b644e0ef1bf8d6021fb5787b9479189a803
BAITC-Hacks/hack-71ba6328-ddagar,6f19c8109a1634804e942d1d87e889a30aac4117
BAITC-Hacks/hack-71c752c1-neuroshield,d3b7a58b24ca75950d35dbf570d63a6882de090d
BAITC-Hacks/hack-71eb5d0f-nurbo,56903bd9b9b70eebaffe87619399e170d367c784
BAITC-Hacks/hack-71f6ba34-ah-shit-here-we-code-again,160a3e3784689f13a0705268bf665b5572e8c11c
BAITC-Hacks/hack-7203e55d-syndaly1,bf90e337f26f69b2b1c66b401101cb17fd193d08
BAITC-Hacks/hack-7223e144-mzhumaga,0860ec85283add77a77125ceafcad512a438c1d4
BAITC-Hacks/hack-72262f37-fromzerotohero,cda15a381b2a5f4c26d7c3f7ef72f0cd403bd913
BAITC-Hacks/hack-72316ba4-qber123,93639a5240e115fe8153703c758aede6a51268bf
BAITC-Hacks/hack-72346efa-chill-dev,8d1b2252f749bca5ef9874bb99f37eee2b42e51a
BAITC-Hacks/hack-7243bf44-yelumio-ai,5f2c3c11bc5098e6b1a722d0e9e5a4023a83a30a
BAITC-Hacks/hack-72462b27-innerdecay,e02bfdb998e610069ceed7ec65725c19d405e51b
BAITC-Hacks/hack-728d5982-tryhackme,73c36c7e2ca60d6b4ac501c4a83d59ed204ec07a
BAITC-Hacks/hack-7295b5fa-metahack,f1d5b4c80aa93e1a9a3ac9298e212ea427b155a1
BAITC-Hacks/hack-729a77a0-qarjy,34137e60ad718a035e5f55a6e92ffe66f1b5a720
BAITC-Hacks/hack-7305523c-abyl-ai,6d9b7b30da05332a936cfe1a48d2f03abe15fcb5
BAITC-Hacks/hack-731680a8-aruuuuuuuu,4537c0cbc3ce665ca4c81645d20d97361a8dd940
BAITC-Hacks/hack-738ddcc2-ace,1670114a1bd935efc6dd765e2cc656e747228a19
BAITC-Hacks/hack-7391d9fb-0303ayerke-prog,08848ecf876bb73fd86cde27fad1a142809899ca
BAITC-Hacks/hack-739c1422-mishka-logitech,93d48a5a37f2ff6b2ead50adf77c0f8b3eb6263b
BAITC-Hacks/hack-73a02bbe-lions,f8fa9e80711657c58dd75c9b4d539eebc152c518
BAITC-Hacks/hack-73b14c4f-abay,731df5fe09f799b0b95a2943c1e873da98bbe2b5
BAITC-Hacks/hack-73db92ff-damilakhamitova,2e033d129a573c389efff2a4e05a928c2fd32878
BAITC-Hacks/hack-73dbb242-sagalan,c4d94643ea5d6aac237813cace64b1ba19960b81
BAITC-Hacks/hack-7402418f-dtarkh,f6e0c2b76dcc61cbd6ce04630cb222288fdc2462
BAITC-Hacks/hack-746f3d4a-linguacap,9564f0f820b84df9305b5044fd87804b2a41f630
BAITC-Hacks/hack-748e4337-nurkeldikyzyzh-dev,8d298896f0cbfe31c3d1064c6c3a477a6ea340fa
BAITC-Hacks/hack-749c6a34-shoqanai,c078fa9a0fa20fd3f6c7312a5177cbb8e752e833
BAITC-Hacks/hack-74a0463d-vision2026,55efba9b4d0fe3c29e5adc36d1995838cbbd1b94
BAITC-Hacks/hack-74b0d694-promptagents,174134cbd25d9540b9dbba99d3a26cffadc2e3f6
BAITC-Hacks/hack-74bc529e-nullptr,b5bca4e6e59768cc7a64c893b8a72e184364b660
BAITC-Hacks/hack-74df682d-team,71d862dcd0d65774a87b525013d87ecf012aa003
BAITC-Hacks/hack-74ed287c-tikhaya-sosna,ecf301952faca08ab5d57d8f4f6ee7bc59ee54d6
BAITC-Hacks/hack-75094d68-temirjohn,f9bcb7d0ef993afdad41541965e944065e4f6201
BAITC-Hacks/hack-7511029a-kak-to-tak,8dca87509252bf90339b2d65392d1284472f5702
BAITC-Hacks/hack-75167a48-robotic-industries,7d91e3631c0339c986209d9e9fb0cb1eb8cf384f
BAITC-Hacks/hack-753c5182-meyrambekordabayev-create,477000cffd672a512c0ac562441239b13e62ea4b
BAITC-Hacks/hack-7554b3ea-ai-ns,aa0380387fb81d10f6657196f467d57beffa0b6d
BAITC-Hacks/hack-75766fed-localhosters,c4f77e0f98f68a24f0bb4e773cd61393d62da36a
BAITC-Hacks/hack-7578ff3d-zhalpakov-repa,ed927b5df7c5cfea9d16bcea708bf15c9638db32
BAITC-Hacks/hack-757b0f9b-veelink,d78abe444dea0a5159b3014b1b9c300a41117cd7
BAITC-Hacks/hack-75934820-rassengannn,5a9ef8a14f8399e7e021536b7cb0f9bbb9beec38
BAITC-Hacks/hack-75a10e12-with-hackathon,c48dd29205f62491a707398e4c46cb4ebffa0fdf
BAITC-Hacks/hack-75b67c9a-meruyertta,14b6d5a7f4922961906b0ceab524eeb99ea461f9
BAITC-Hacks/hack-75cb4e39-moderndc,ec76db672a68f058740d8a55cf92bbbac615c395
BAITC-Hacks/hack-75d1a752-nurka667,e9e7a5381252be0055a58d6135b440c77b578f4a
BAITC-Hacks/hack-75e46952-03,ed2e247eaba4f039784fcd09eac4113894d6f895
BAITC-Hacks/hack-75f1e6a5-quark,c225ca168805a5e906a7732f6e08beb889a38191
BAITC-Hacks/hack-75f5aedc-bihan1,0c3fdaf83e6309f8e046428b7d7e5be91d37a75a
BAITC-Hacks/hack-75fd1028-sgl,3f14e3b498148a972aa8014a89eb33c01fb13994
BAITC-Hacks/hack-764a3f4b-rkt96,0687903122b63612d5010154020dfad2aaa605da
BAITC-Hacks/hack-765f2643-artificial-intelligence-x-natural-stupidity,86b0cb15433fe19367d18b79df4c44f43f01b7e7
BAITC-Hacks/hack-76645a5d-philadelphia,f0c856d6acc3f5f2c9ddf10d23fdfb5d3eaea28e
BAITC-Hacks/hack-7670b911-baspaldaq,daf12ffcd97a2eddbecbac56735801ba8e735d0a
BAITC-Hacks/hack-76762abb-koontu,4fe3b1d2f73fa3b77971a19e24c1a29e1e3c1019
BAITC-Hacks/hack-769bc54e-and,4a3e0ac32ee6cdc62109d178bd5b7eaea48ea5d5
BAITC-Hacks/hack-76a1b85c-mindforge,a04aa80340e406f759c623aedc6af8c5b0f73656
BAITC-Hacks/hack-76a84f85-kuroo0230,135c1794bf3666ecee3302930fb56cc753e0775f
BAITC-Hacks/hack-76d4c0ec-malikaa-create,39b91e9cb0a020070891fe083d022c32f3beeb69
BAITC-Hacks/hack-76e371cc-aspanebo,e9a05a35ea55af695c3271a5549bd4d935e97f58
BAITC-Hacks/hack-772e712d-pull-request,3013d44a5c187618a8e9bb48c3349678767ff396
BAITC-Hacks/hack-774a573a-ai-connect,e3394f427eabaa4b5f1844218e817d02d8466d6b
BAITC-Hacks/hack-774a9321-beyonder,8c4e7ae2739679cec415f897a48e2fc10e267284
BAITC-Hacks/hack-77644574-rassengan,3c093f62320a73914adf257847b02d73961acb7a
BAITC-Hacks/hack-776e1952-golden-goose-egg-team,6200f5edc2d409b6f328e9d3ac044f38c1273ee4
BAITC-Hacks/hack-77a093e1-siqyr-ai,3a31eedd4f440ad11f8a44fdbb7c929e9a33712f
BAITC-Hacks/hack-77a36db7-arystan-s-team,257bc83a8bb45dd019280de21034a752865fd733
BAITC-Hacks/hack-77c52576-ai-solution,6cba80cb4eb5ddbfcf63ff7eedab04e003187d8f
BAITC-Hacks/hack-77d23d03-borisova0,900eab82304e3fc28686c2a5863eb87a2852b5d8
BAITC-Hacks/hack-77e81b8d-itai-gang-1,026a96e05264634ade39e07383ddc0ddc679c8bc
BAITC-Hacks/hack-77eb93e2-akzhoro,9da0ca86e0f7949fa718d2c96580c17da2f08a14
BAITC-Hacks/hack-7840be72-novaai,26ed19972e0a319515114c7bde2d40c1f8def044
BAITC-Hacks/hack-7859a9cd-aigaalac,dc68f5243402e3a5079b0c1f2d15792286dc2a81
BAITC-Hacks/hack-78afec8c-se-g-ys,7a0e25a79994812421915b28f391eb8e004dab7b
BAITC-Hacks/hack-78bfe445-kudai-kalasa,e28cd9b7d74d8ee6594828f31d79532d5f85783d
BAITC-Hacks/hack-78e8e63e-pixie,3ded5dca440f760c715f56724d9932c708ff5d0d
BAITC-Hacks/hack-78f040f5-ragovstan,bd922761ad4ecb450039cecaccdbbf0d77d3073d
BAITC-Hacks/hack-79053522-nap20192,75a290fa510623c231f8dbd020e843ca79a02068
BAITC-Hacks/hack-791a9e3b-mnsrbalgabaev,6ccf1116a43b9a32a3c6f00ab4e06e8ef7f2795b
BAITC-Hacks/hack-791becbf-team,5568747d5ad1b14108427fb581f8e9fab2eb5987
BAITC-Hacks/hack-7933d146-pulse,5305cd756b35ee3013b81f7bb99762f638c90da5
BAITC-Hacks/hack-7935895c-shift,889852e9949fe344b78ddabf9f3dc27f1b8592ce
BAITC-Hacks/hack-7953961d-shyraq,e3b6d2b8329adc52ca71894f64bad31de423d4a7
BAITC-Hacks/hack-79630a6d-material-extraction-ai,464d2e4e7a93fd535da1c8aeac506a5e4e983a0b
BAITC-Hacks/hack-79847f33-aidadoc,46235f97e3bd8d95768c1a04efa820fefc00c54e
BAITC-Hacks/hack-798d3eac-team,d7f76e28e49361bc5a484cc3b174798a9ce51c7a
BAITC-Hacks/hack-799cdcba-science-is-elegant,3341e573b61e7821ebf0d8e6c2b899a77acee167
BAITC-Hacks/hack-79a09323-sk8,cde3314e988d0814213bc2dcde744fb6eea01be8
BAITC-Hacks/hack-79a3383c-team,d2998e90dd30fbad2ea214bf27bcde4537d5a7e4
BAITC-Hacks/hack-79a39f16-imokazakhstan,0104773e7fb47f3d85542dd577dc62b5ab14aab8
BAITC-Hacks/hack-79eae7a9-gloninlesa5-source,29e70e63a47bb778e61feae1c1aa4bc88f439cb4
BAITC-Hacks/hack-7a019b2e-llm-solo,862a8c76870fba999e1e92af3fec5a681dfb153a
BAITC-Hacks/hack-7a1d9647-saryarqa,2cc598de2765154b82d97b3b350c52d40d93d389
BAITC-Hacks/hack-7a398449-fortuna,f355de61d8fd01515571743201d8c64dd729f086
BAITC-Hacks/hack-7a44cf25-altailabs,91d7c20d03f197a3ebd9f975d07a6c26680c8701
BAITC-Hacks/hack-7a4b5a89-berdikulajdos1,1ff33ecb66721a13b5b237cdd1825826e5969fe8
BAITC-Hacks/hack-7a68547c-kn0wk,4436cef4b763875de92455e70b48e17c322287ec
BAITC-Hacks/hack-7a78e7f7-sinabon-ops,0d64fd3afb380f33eb43c049faa7dffee6b6100f
BAITC-Hacks/hack-7a870e4c-sparks,b69aa883049a33f19c5927ebea2549f713a8d53f
BAITC-Hacks/hack-7ab49ed7-a-ln,d1a7112f91b813ea64b9a28415392a77cac93072
BAITC-Hacks/hack-7ab8042b-alibek,3ad2c0e9fa6e20773aee4153f76342f786049701
BAITC-Hacks/hack-7abc9233-gamedev,80e32b636c4bc3abb81be1d9fb4f9135657005ef
BAITC-Hacks/hack-7acecb36-master-cmd-tech,11aa29adda48d5a7a51227b0cc250d95a5eedd40
BAITC-Hacks/hack-7ad93f28-saryarqa,1f1eda2e96e65e4ae164606bc77093ef5cb9671b
BAITC-Hacks/hack-7b100a71-garden,a1cb4698a0ce90c98aaaf3d9b56b6f106479ab0a
BAITC-Hacks/hack-7b1f41c4-actuaryx,56fd807f1a5bbee64fc1b37ffee503abc7644045
BAITC-Hacks/hack-7b3828fb-ai-dala,6a9ec39a89839e01017f63a548396f2be5a325f2
BAITC-Hacks/hack-7b57ed03-invalid-syntax,36b32f234e7d68edebc9af90c8c760bc2270ba2d
BAITC-Hacks/hack-7b631668-yerlennx,719580b283f22338a3b71315572d5a7eaad65944
BAITC-Hacks/hack-7b6c77ea-mdinaramed,f9a63e91c9e946d3580e1bf30daceb63b2188fd2
BAITC-Hacks/hack-7b806d9a-nurzhol-1,dddbe55d37d12b76d63efb6f9cb2cc4b80ce0334
BAITC-Hacks/hack-7b8795ad-koshkinbayeva,0b0df792eea32feb102da5cfd2e62351a6776e68
BAITC-Hacks/hack-7b9005a5-those-dudes,5cd371c990da4dfa3f847087d98218edc30f1d05
BAITC-Hacks/hack-7b90b090-qosqanat,a10229541b29979d9d430d79d7d22cb74ab61957
BAITC-Hacks/hack-7b9518a1-slavdad,58d3fe059fc0159bf20252a0221ce706d445e16c
BAITC-Hacks/hack-7b9843ee-hehe,fbb38c18a264bdfbede2ddf60546165e90336fc0
BAITC-Hacks/hack-7baa8eb4-stasik-web,a43142b8f282f5390cbe211ca6e8b4141f50b72a
BAITC-Hacks/hack-7bb3c2d4-vantage-ai,577955132c12d52821094067c6c5030af4f569eb
BAITC-Hacks/hack-7bc108f9-barni,2648eea9f443a1c2f60889862619817df09b757c
BAITC-Hacks/hack-7bee4b72-botakozizbasar816-gif,0f5a920cdfb322fb99ed9d6d839ca95135f8cf2c
BAITC-Hacks/hack-7bfcf7c2-scoundrels,1dbc3152f42cc65cb0da9727eec7305642ebef5c
BAITC-Hacks/hack-7c0507c8-vilis-ai,4323167afbb67727b00bfabba6fba86da27b08d3
BAITC-Hacks/hack-7c0a290a-skywhywalker,eaaed1f91bec0a8f40fc08232b5d7e025870614d
BAITC-Hacks/hack-7c10da7b-zhantok,f1b9960c26a576ab5903efd2ec4c070d998709a1
BAITC-Hacks/hack-7c203c27-sansyzbaevsultan0510-cyber,6730a2f81bb4c4c2759029c6d713f3ec31e80e14
BAITC-Hacks/hack-7c212347-rianor,2cf0b34e560b63b0f67470a81c551fe31c2fc3d8
BAITC-Hacks/hack-7c377216-d0oman,131c42497011064d829b5b33b5c448f005d60b8c
BAITC-Hacks/hack-7c4211c3-kilc,c392533075499ad298816195c4316d8cf9489cf7
BAITC-Hacks/hack-7c6720cb-steppe-tech,34f3b0bd8a2dfe8a2618bb077dab48a5a8569823
BAITC-Hacks/hack-7c7beccf-california-gurls,8599d133b17198404eabeba9937439ea907f7366
BAITC-Hacks/hack-7c95a80f-paraplan,48e9901609b7bd47b1de5879d168ab8acc4f8975
BAITC-Hacks/hack-7c96e04e-ai-batyr,eab43bb8553df7ba54918da2155dae8b4223cc5f
BAITC-Hacks/hack-7c9c0671-neoforge,3577d271d6abd88bded0bb2acc5f055d97da4434
BAITC-Hacks/hack-7ca33986-aru537,881870d12569b70c0d6ec531a8e567f5f80c7b7d
BAITC-Hacks/hack-7ccada8c-samgau,1cf899f8b98a5b9d0b04393ccd6ef9d62803c651
BAITC-Hacks/hack-7cf34f56-aman-ai,2f6f316ee4f1a8f0c16ccd21f87cacf589aed212
BAITC-Hacks/hack-7d0be9f5-toktamysalua07,a1198ddcd789983e67358e7da0d6306b2c8043bc
BAITC-Hacks/hack-7d3c4888-30-98,a2dd1add743fdb9318479d999f5ef1701e503202
BAITC-Hacks/hack-7d473f98-aizhuli,914f77d1f4ff4cfc9d9c36ef5500621cd0de3980
BAITC-Hacks/hack-7d81d142-the-hateful-three,49263e03f61c59d4b8747ba4feed42f0bace1ba5
BAITC-Hacks/hack-7d825e42-maksi,62f6f3e9235ce532d32ee9c9e9c2102568edf75b
BAITC-Hacks/hack-7d83393e-beaver,e8beb75ab0156e6d702cf35b7503f091dce356e4
BAITC-Hacks/hack-7d8fe71c-ghfhhfh,9bc7aad0571278af60dc398616f008aa7a9d3b87
BAITC-Hacks/hack-7d91ac57-ads-tech,c3a0e5fdd6c4e9b0a5502bd22f7f36cd0bae7f35
BAITC-Hacks/hack-7d988aa1-doiwannalarp,87d01aa5f74a203a2ed3a048bb8486a45fa0e513
BAITC-Hacks/hack-7d9b66c3-qazaqstan-investment-corporation,54ec98a708e9e0d48e7d9dd60f5558d17f5f3ca7
BAITC-Hacks/hack-7da619ab-onebyte,de97d4765fe884c5b5b25d37d5e62432704ab1eb
BAITC-Hacks/hack-7dac0e5e-aknur111,8b9eb3b5749977edae1a1dec5f846db48a600bda
BAITC-Hacks/hack-7de27e4a-ai-solutions,cbab9c988c7b715d7f0e1a64e59e0053ea99889c
BAITC-Hacks/hack-7de9ebf2-magnesium,13cf4d35332346e682b86e2d18bb7fdc0caa23df
BAITC-Hacks/hack-7df2d49b-oneagent,9daa138832451071067a9e750bdfb58542d9abcb
BAITC-Hacks/hack-7df5f51f-kung-fu-kazakhs,080887db1159f66e6f3ea0d4bdee7167eb5ffe85
BAITC-Hacks/hack-7dfc64c5-is23sila,d1fcbe70326f5ec2a4eafd63a8261ce77d7f3fc7
BAITC-Hacks/hack-7e0fecbd-timursaurus,40bf59f35f333d6c5079e88d2f218c54492274ab
BAITC-Hacks/hack-7e132a35-nerds,4b890ad9b84ea07a455760f5340bebee28832a8f
BAITC-Hacks/hack-7e21a1a9-wpower,ae2c7b66b038f4623949977d715924cba45f8824
BAITC-Hacks/hack-7e2ba0bc-nx-sentinel,a70e8430573e763f1ed9282e6af87498bac32c23
BAITC-Hacks/hack-7e3a6538-arc-team,4e32ef60f4d9e68f948786ed1d0c0c7fe8bbf5bf
BAITC-Hacks/hack-7e4788ab-evomind,ab4b244f10140123e6ed34ea4c739f48e2129715
BAITC-Hacks/hack-7e4bd9ac-codewave,9b92f62f8962e2aa5bb2705cc0d05961f1d83854
BAITC-Hacks/hack-7e6de9e2-bekhruz,a8ea32c10178ed5286fc5cc3300d09d98147bdbc
BAITC-Hacks/hack-7e8bc7dd-gymshark,dfa203cc008b290a4ee76f755727a133555f1f71
BAITC-Hacks/hack-7e9cc853-aidana-zhanadilkyzy,498e10a894b692f1fcc99f178d957c3d59f3cd1a
BAITC-Hacks/hack-7ea5e17b-edubridge,02bef00820548ebcb01cc665edd02833a21a9f6a
BAITC-Hacks/hack-7eaa6368-q-team,fe8c75b4517149706a41d30b7baeddff1586d9be
BAITC-Hacks/hack-7edf5ab9-abda,394dbaa17e633fdc8a453a4a5896403d4699de30
BAITC-Hacks/hack-7ee104a1-luminify,8e4f3438bce0687b34b72495c2578ad02241adf5
BAITC-Hacks/hack-7eecf2d8-gigabyte,e991909b515954fe704ae651aef87e1d67c6bbaa
BAITC-Hacks/hack-7ef98ec0-ajarcheg2007-crypto,3c8fe32d8a3abfa1c67b54ebdb95aab906ad95a0
BAITC-Hacks/hack-7efea5a5-yluto4ka-team,e03aeaeafee630efbb274463d96de56416b5adaf
BAITC-Hacks/hack-7f07418d-toxic,6ad5779466ccbd81cc589e5269958c4338079e7b
BAITC-Hacks/hack-7f0e94b8-mystart,eb60dc40865538526de8d04d022c925b80dcdff1
BAITC-Hacks/hack-7f3075b1-nazhmdt,faa9a7f90517d891769f31526d2843ba782b8459
BAITC-Hacks/hack-7f42fe0e-amonorei666,647ae2a1b611efdcf37535238777d821d4669ebc
BAITC-Hacks/hack-7f60cc50-digital-nomads,452dce757ff72eb883c90eb2837a2e6ca5090902
BAITC-Hacks/hack-7f67d212-rd-vibe,d5087be0a017d381817b8749138523c5ef9be606
BAITC-Hacks/hack-7f69b75d-dayanast,2eef30996778f2ee5a97bca3c6a675669c7b8993
BAITC-Hacks/hack-7f82e1f7-nudge,58b680f43060a654236e85d02639ee432e4ea30f
BAITC-Hacks/hack-7f85cb98-ai-rehub,5d907ee71634038c8ba421cd9b3804d62c2b1a3e
BAITC-Hacks/hack-7f8897fb-qazaqqyzzz,3fcde472ede30eb037c437fc64b60761f196b244
BAITC-Hacks/hack-7f923fe4-dorikonisai2006-hub,45540cb2f5df50c0efc6a1dcac6c0bc629d741b3
BAITC-Hacks/hack-80002a76-defender-solution,e0c46ddb8a6438c4ff948004f37c9bcca14d43f7
BAITC-Hacks/hack-801b451b-atlas,9718f04e84299f0f5ac76a026d89fcaab7f1f5dd
BAITC-Hacks/hack-80299a21-nexis,e44238290bd6d131746377afe7a5945115470c72
BAITC-Hacks/hack-802e33c8-said-ai,47ea3de652a096fce4b9793b898df1c15d731c6a
BAITC-Hacks/hack-803a65ad-unity,9c0cdda32d0c27ba8c90e502ebc84024152aa7b6
BAITC-Hacks/hack-80534b2a-0x-ai,b45924828ada68fa5c80b80746ab53cacc55c3d5
BAITC-Hacks/hack-80582884-hydromind-ai,d3cb1e3322ed6c7f31e9fbfe989c3e2e9e63b040
BAITC-Hacks/hack-806b0367-amir,96e5445aab7cee56ec8a60f9c025cdbe6f7b2054
BAITC-Hacks/hack-8076cec9-team,5a4ba5c1f3396e66257c52da12460f193422afa8
BAITC-Hacks/hack-80a12f6d-serikfv,3cf8d1df1569d64ea57fb24b418f2af8be00a2c1
BAITC-Hacks/hack-80a436bf-qsheker,984f3c4973c4f16b9167ec9f11d9668e47353d7a
BAITC-Hacks/hack-80ae372c-amand1ko7aas-dotcom,d8bc050f288bc0486e0ed5bd6d966d41df8ea072
BAITC-Hacks/hack-80c3dec9-sakenai,672407eaba1d2c0e5dd27a869d822a9cfb0dce42
BAITC-Hacks/hack-80d7035f-biograph,8628e15eab761bd9b535416cb685bc3ceb8e39fe
BAITC-Hacks/hack-810705c9-bgk-team,2cbf7351d360d8fd5140cefab8c651948927dd4d
BAITC-Hacks/hack-8153b212-cyb3rgirls,bbc9fef1d5c48d535f04212512adbef5151d0f52
BAITC-Hacks/hack-81684134-team,beac8a6e1e7ee72ba4623037e4d1cbc68e73b5d5
BAITC-Hacks/hack-81a682a7-pied-piper,69ddf687c01f866301f537c93864f41656b0c539
BAITC-Hacks/hack-81bab1e9-wh473v3r,c275d4a46d12a40d1f63e7f0d5db9275f7ba2ab6
BAITC-Hacks/hack-81bd6858-three-reasons-to-decline,57b6b957677a1aad657aa6f25b153b6bff7e090f
BAITC-Hacks/hack-81bf8167-isisisis,e773695625defae8892b930ea328a9c523beb274
BAITC-Hacks/hack-81ca1a83-vtiposhniki,7766720778c2051415c37e0f1879f02950be5341
BAITC-Hacks/hack-81d41d6e-new-test-9999,f82455efbe3d818d67ae1a5e64a9b3aedc58bb21
BAITC-Hacks/hack-81f437ae-3-da-gang,3e541e2cf5990f1a8086f70b994c06a500d36d7c
BAITC-Hacks/hack-820efa2d-damirrinatuly-eng,19afc55dd963a9a83b930cdacbc036054bc25f1c
BAITC-Hacks/hack-822d41eb-bay-area-kids,a09db104f6a9b49090e12f175c68bd3782fa7092
BAITC-Hacks/hack-8231d684-dauletulyaidyn,dd2bb83085575e84e94be8006fef7c0f6d721c19
BAITC-Hacks/hack-82404745-nexon,588176a069a8df74d8cd8221063f8cce00c163dc
BAITC-Hacks/hack-824f7b1e-specialz,e5aac5fe834727342e9ec8e0b998763511860437
BAITC-Hacks/hack-8255f9c4-tari,eb18a94d23de3d254d921330c227e1476aa875df
BAITC-Hacks/hack-825c99b9-qalqan,c44bd7bf0407740887833a544e24b92a40b2243f
BAITC-Hacks/hack-82710d4f-raim5,da4ab5e6d76ec9a620b1853a1f291e776714e1ca
BAITC-Hacks/hack-827386af-steppemind,d5cc2a7606823fd55457f6bdae74005dfc17129e
BAITC-Hacks/hack-827c2f9f-sevinch,4072a4733ec7d7dfd505ddc367a8b17934ab46d9
BAITC-Hacks/hack-8296da71-stanford-boiz,8517b9a0a671a047164a250c36cc2b545501fa80
BAITC-Hacks/hack-829e7e8a-abundio-ai,315a65799059459e811a6e605d8ff87c3d9ef0ce
BAITC-Hacks/hack-82e6beb1-proof-by-intimidation,4e9b09295b12d01faa0760d627a0fe973fbffb3c
BAITC-Hacks/hack-82e6ec29-acing,91c674b6b9fd41d29ba79842ed7cb8df0c472005
BAITC-Hacks/hack-82eade86-96-bit,ddcc3dd74833cb2ba3762fbf2112ef6b87589ac8
BAITC-Hacks/hack-830980ca-team,aeb4c0ee986b7e72d95977f29eb539f8f7f06fe2
BAITC-Hacks/hack-83108e9d-the-power-of-dreams,4d5be50f98d666fd681c27a997c098f3146e4e7f
BAITC-Hacks/hack-831b2f80-cyberagents,6fb89abd9f874c3fb66d215d89a0d1a864e656d5
BAITC-Hacks/hack-83328da5-sam-co,70b5a3986a7f1d86f5861bfa475ee82d5ff51cc3
BAITC-Hacks/hack-83524d0d-trio,b146b8d8d4ba46a69069780d977b3690f4608baf
BAITC-Hacks/hack-836a36ca-a-yermanov,1cbd02d19a6ca7b3b7abeeef2ee3834b24df3571
BAITC-Hacks/hack-836cc3bf-vector-field,1bc7cfee69424c81442aefb942eb6f3d0705ffe8
BAITC-Hacks/hack-8385c555-kunnurs,dc454a19bea12f968a86589e1290beffcaccc891
BAITC-Hacks/hack-838aba83-orbit-jr,04145e0afaa8e490ac81efbdbd0052779ca653c9
BAITC-Hacks/hack-83952c60-ner,2cb9a64b4050ed2b929d2f680c34286730f66cd8
BAITC-Hacks/hack-83b117c5-agadinova,f51b3e2ff9d7056e43267bc061bc81342a8b32c0
BAITC-Hacks/hack-83c972ba-tests,3091767f88071fc4bcec2b1e3be51448ee68ab09
BAITC-Hacks/hack-83cb807d-dnrvin,2fe7c59a626b6904962a5ee227d47e3933c687e6
BAITC-Hacks/hack-83d2f75e-alikshal,265e330c0807f5640aef317a05a4a183168d8314
BAITC-Hacks/hack-83ecb7ef-kyronix,b69cf35309d06d0db7daf751de4eb3b5bac21029
BAITC-Hacks/hack-840067a1-easouthpaw,f70b75926bac6c734da96d927fe1c70baa87f8cc
BAITC-Hacks/hack-8401108b-maisoncreo-test,a2c0a16bcbbdf109b926465204ff735603874e16
BAITC-Hacks/hack-84050a93-tandem,8ba6dd5e63a781474501caf251e2a58453bf231a
BAITC-Hacks/hack-8408bc24-sdutia,f8aa2334dbe4fc03318654ff953208ba06a9768f
BAITC-Hacks/hack-841fc4ae-shine,8ecd29f35202b62dabf66081aaaefda131e7bc45
BAITC-Hacks/hack-842214e4-killer-r,24f2e9e2a2ec12a4234b713ee02d9c0a19de875e
BAITC-Hacks/hack-842f0aa9-ki-ai,b88abb60d8ba11a775b5a868fb13a74bf85fb077
BAITC-Hacks/hack-8471edc3-something,3e08370d68f3056fdf25aec0d8df85a17dc1c63e
BAITC-Hacks/hack-8486c8c7-f1,68bb64814c6c7a930169aa80dd967816bba39cb9
BAITC-Hacks/hack-849af6d9-warspaceman,c2c3663c898b40d149df26c519acbbbd3887c166
BAITC-Hacks/hack-84a84feb-healthai,19516b88935464acc5cda32266161c8498746a5f
BAITC-Hacks/hack-84b88621-rashido3i2jo23i,bfc56c3cf3e2d173ce0daf7959e22b898d52f687
BAITC-Hacks/hack-84b910da-iamdiasbilalov,f02deb498ec8ccfd2d3dd8ca68a261f9e6b6b087
BAITC-Hacks/hack-84d3de81-warspaceman,f534513d8dff542294db75558df06fbaba1427df
BAITC-Hacks/hack-84dbe8eb-sherkhandev,b2044b6ecd6cee693f63fdabadb29bb6e58be225
BAITC-Hacks/hack-84eefdc9-cr7-mentality,39d1581398e5443a11eea1a0c27a8ffd64ea7dc7
BAITC-Hacks/hack-85308494-gk-expert,44a8f46f9fc6a0434b9eddbf16b54954e61022ef
BAITC-Hacks/hack-8535a93d-wandenreich,72a2c419ac16757b11c42451acd57a2d2dde0b5d
BAITC-Hacks/hack-85a43815-verissimus,ca04e0a91809c35ea499775569e24a6f8ba8258e
BAITC-Hacks/hack-85aebd11-larpsec,7af2e5bb089f76cfba99f6c315491af9dd95b5bf
BAITC-Hacks/hack-85b5a829-che-guevara,8ddbe2d5a3441f38441e6302f07af0352e2afeed
BAITC-Hacks/hack-85c1f835-talgataruzhan2008-hub,727f2374c6a3a563f06565b6a2f0248382c41662
BAITC-Hacks/hack-85c9eff3-stratmath,7caf6938adfc988640003696498162a2aee454dc
BAITC-Hacks/hack-85e9208f-code-418,39b5691775673d22a043e67bfe0b1067a476f434
BAITC-Hacks/hack-85ee2568-meirbekr,73c81ff3f3716c17631cd905d7a51f026e3dc1ef
BAITC-Hacks/hack-86169f09-nebula,1825ba23d17c3ce3b2fbfb0b462d304e4cce87d0
BAITC-Hacks/hack-861ce405-eaglez,c8aae957771cc26fea7ded2cb6477df41aaefea3
BAITC-Hacks/hack-864ae639-team,9b0b488e5bb75818eb1c27a489195c16ed8457c7
BAITC-Hacks/hack-866564aa-pairadox,477f849f6f9b3251516f3ed1d6703ba8548d4e15
BAITC-Hacks/hack-8682265b-gocker,090df9975a6befdd460f8dddadb39c48274ee8e3
BAITC-Hacks/hack-8692987e-404not-found,06331d4acbf6955e8fa1b406d5b2104619573315
BAITC-Hacks/hack-86aecb7f-aitolkyn,ca4fcad7131122b028faf6f99f118e0fb5f31471
BAITC-Hacks/hack-86b55869-aura,174bef2385bd66cedb211d73f1570a28e76afaca
BAITC-Hacks/hack-86c1d8f0-mrxtrz,e5d029c90b2cf20d2ee2cabc7e94f81a48279604
BAITC-Hacks/hack-86e14e1d-nuraiuki,8846eba6dfcd6c6c27a63d4ce5c221340c98f258
BAITC-Hacks/hack-86eb72c7-tessera,967258071396a08e353219720ac7df2c42990b0e
BAITC-Hacks/hack-8709e5f4-k1m1don,fdf038e10fb079b921204d2c63586d0ca446fbe1
BAITC-Hacks/hack-87205d24-apex-software,e98a60315382381f81e7278dfd5a13df1f1cd429
BAITC-Hacks/hack-8732ded2-egin-ai,d9e823da2d4193d849ef8f09d1e660e9f9cc564c
BAITC-Hacks/hack-873d221c-bimteam,1167bffaeb237d4336befb6e21315458cc88ed21
BAITC-Hacks/hack-873e22cc-o-leg,c20004176eeb509d415506af3a4a2faf87a9136f
BAITC-Hacks/hack-875e970e-volga-production,4e4419c5b6f917ce0569381454479f44e4d602e9
BAITC-Hacks/hack-87651c39-ksiwn,04d9664f9fcff0bfacef79a048a8f16af3285edd
BAITC-Hacks/hack-87882dff-atks,98f40c57a3082638ac4fa4c379cc0f7ab31a2d62
BAITC-Hacks/hack-87977973-aizak-test,2cba2ac0121fe61d7dd0a59303b584279ae59b5f
BAITC-Hacks/hack-87aa82da-nepridumali-ai,aef6dbb66bf796fec91b7c9f62e24484bf2dc66b
BAITC-Hacks/hack-87ab3776-dodo-na-abay,27f3dd45e992f9e2eab03ac1ef9bad63fb2498de
BAITC-Hacks/hack-87ac8556-alspjdpasj,24e49500f67dc407a3406c86bf4f73c47c61397a
BAITC-Hacks/hack-87adf701-plij1,bff456de1971ebd2fe9700944a459ebbe9b0d6a8
BAITC-Hacks/hack-87cc3918-no-shutdown,c8651aef8646cf1c7a1ad1166e3c14638e188017
BAITC-Hacks/hack-87cd7fa7-alimkhann,412a361c7f6988cbf7b4e0083427cd4ed58d872b
BAITC-Hacks/hack-87ee1851-z-r-mentality,cabe2ba0d1a28218300ff9799a9d5692562dcaa7
BAITC-Hacks/hack-87f5840f-valochka19,32983a1a4998bffafb1692dd284388edd9c936e4
BAITC-Hacks/hack-87fade6d-4-0-4,1cff44c7138355d181d2c1c5fc2787977608bc58
BAITC-Hacks/hack-8801c8e6-saber,246948f359ee7f9154d266576918688fee5cb448
BAITC-Hacks/hack-88051224-aiworld,a2596e322b49f47f188f02caac076577c909ae0c
BAITC-Hacks/hack-88197554-uniqs,66e1c1debfb27d5cfedb5152245574c61dc36ab1
BAITC-Hacks/hack-881cd515-monolab,d6fc7914bae06cffccf919a7ed678005fe1740e0
BAITC-Hacks/hack-884a6310-eliteward,e7d24ee5d533838136d1faecc1f49aa6aeb2fc20
BAITC-Hacks/hack-884aa5c8-sky,a80b8d5f1075316c5ed1685141f6fd986e6022f0
BAITC-Hacks/hack-884f9a27-samsa,89d07b5590019cd8787839259bc35c050698c726
BAITC-Hacks/hack-88545613-arthub,81865e51359790c8cf0b5d9a378b0dfa7fe89ae8
BAITC-Hacks/hack-888124c3-say-collab,7efd75641dc8201fa448f4d6df11f8533f9a9f32
BAITC-Hacks/hack-88a39031-ai-first,f1c89dfc9c7200de808dec13776d881e17a5c4cb
BAITC-Hacks/hack-88b9fecd-nato,9bd821afe08b3daf80d40d004dd8c068488255e1
BAITC-Hacks/hack-88c29660-tomiris-zh,1fc5b3af044272c229fe5bd81815269c62d1374b
BAITC-Hacks/hack-88dd34c5-k-on,95bb3dd4879d1bac9526e7e114c2fd8584a412da
BAITC-Hacks/hack-88e8c80f-mem,08b59163bace898305fb46c75468e14e753fee33
BAITC-Hacks/hack-890ebfb3-orbit-digital-icarus,b3aa1155ff0aff9c65848a712f70f6e744a98422
BAITC-Hacks/hack-8912e59f-beaverdell,b31bc0dfd59621628faa1cd3a53d99e59c855e33
BAITC-Hacks/hack-891477f4-dht,85cf8f3bcd76a72aca854b3abc955912882afe7a
BAITC-Hacks/hack-891a2861-nan,fb8cc48c89fde207bab820d43ff0d817fd7ace7f
BAITC-Hacks/hack-8920fc77-qwerty,efb60752ec015754bab502aecc5ebaa2f263b052
BAITC-Hacks/hack-8921f218-catfromussr,ab3113def3483bcf0b714f29638a57bebde2fe88
BAITC-Hacks/hack-89226c30-yasawi-lab,c347d0034d10f79bacb632440834d7103f07490a
BAITC-Hacks/hack-89355007-linar,03e2715855883b89b3124b039c763e0952a7d48f
BAITC-Hacks/hack-893d46fc-add,d34051267b17005b1572ee03c6b2dbc2487b412e
BAITC-Hacks/hack-899436f0-tazart,7218d776639def6e2e2965520b1dd334707b8b3f
BAITC-Hacks/hack-89a1ad55-the-good-the-bad-and-the-ugly,b8f3dbd266b152ef3ec03e9bc32234ba764293c0
BAITC-Hacks/hack-89af3dd3-ai-products-kz,243dad77b776fdc6795b7b1ef5b4c101e495e530
BAITC-Hacks/hack-89be9a1c-nexoran,33775d321388ad2445723c3527d1f7fd9b656c34
BAITC-Hacks/hack-89e4c9a4-azeroth,ba805555f308ba4d398b448af5c488b8e0a52530
BAITC-Hacks/hack-89e5ab06-tsayat06,8475595f2836f604c121665e43f7707ea1a952ed
BAITC-Hacks/hack-8a047829-aidin,ab67d313edccd5272f1350ffafbe313f1324ee60
BAITC-Hacks/hack-8a0a56fc-gabrieljaegerde,5a970ac161594901f8d74bea62148a75ea7e5be1
BAITC-Hacks/hack-8a0acd38-adamovasteam,474c4f5d60af54598ee1450e148ed5065effbf19
BAITC-Hacks/hack-8a2b1338-alibisultangali000-sudo,2a8e867a7527abd74e3a7380d83ec038e2eba571
BAITC-Hacks/hack-8a4ed672-ub,d4395a441239bad0c6f67db719adeb2647c7ed68
BAITC-Hacks/hack-8a624d39-abaymukhtaruly,8975dade256192a948c2c887d23c20eebb000980
BAITC-Hacks/hack-8a891df9-lengway,9adbcb63e48a877c6b4499ffae63d29e516968e0
BAITC-Hacks/hack-8a956652-4steps,c85f89cb06ddb5f6cdf951383b9fa42219317030
BAITC-Hacks/hack-8a991122-howl,6942a1d75d9260d8fa4ed069931cbfa29c9676b9
BAITC-Hacks/hack-8aa2aaa2-salem,9821ff4604ee6f84936a1f95b5784f0f72c0467d
BAITC-Hacks/hack-8ab514f2-team,5f82ebdef37fb5ca73d3dec6aef472df046591f4
BAITC-Hacks/hack-8ac6c83c-nomad-agents,76fad9934a67917ba4c53e0811288e78bd39d9f1
BAITC-Hacks/hack-8ace121a-mussagali,e1db40fa9f5d78905163913a798cbe1cd18f859e
BAITC-Hacks/hack-8b028a15-axioma,28cef2606898f5970f5d62ffc1ba9afa7a7c8190
BAITC-Hacks/hack-8b05e04a-justar,f60e7dfd30f5c627e5828b2791b9c775055e5802
BAITC-Hacks/hack-8b2c3569-nvidia-ceo,f4c6d61efaa150285b9d0312d2216f34845699dd
BAITC-Hacks/hack-8b40fd1a-assetzhan2024-ui,7f43cfed27cdbd837117d2b0c162b96e64784aa0
BAITC-Hacks/hack-8b62ba58-ai-dh,fed5865299816401ef875efd9ba5ad7650acb3da
BAITC-Hacks/hack-8b6eaa99-veltarq,2d4c8fdf3a5fe5aaa5daafde511d85d9624b7896
BAITC-Hacks/hack-8b95fad0-yosys,c16da3f5ccaf3afae9bb974187d63f1e3db7aed3
BAITC-Hacks/hack-8b9e93b8-sigma-boys-mnu,9c692fa41843983cfb9fef8ef5a8327e73c4939f
BAITC-Hacks/hack-8ba70b88-coding,5d0973c07b0b165c452436254d0edfe63117033a
BAITC-Hacks/hack-8bb389d6-kaelowz,84fe5110760eed38cb88a0c433003da08952e248
BAITC-Hacks/hack-8bdd75f5-smooozy01,3b3236418d7d46da4004781545b2958074032ae8
BAITC-Hacks/hack-8bdd78db-wewe,342256ab4f0bc7e6f816965e987846f093001547
BAITC-Hacks/hack-8bfb93dd-slivkiman,7cefa794cb359028ae8672f3eac74dd96c0816db
BAITC-Hacks/hack-8c2d1c68-san-ai,59582bb5bdb628293ff67676d93d59c0623484f8
BAITC-Hacks/hack-8c2ebcfc-stone,264152a7633c29d0d7198f5609daa38aac92dc17
BAITC-Hacks/hack-8c7ed18a-duocode,9d1a8dfd2c75e6e435b4791aaa467cd7b728f03d
BAITC-Hacks/hack-8c85e77a-n0chance,d7af037ff788e1df0f3b2aefb616f264ae8b2294
BAITC-Hacks/hack-8c8febe4-pogancy,01ba8fd13e43a9c579535fe94053f0d8aab360b4
BAITC-Hacks/hack-8c9be0b9-zumar-ship-it,1ef1f14fe537fbef3ec229805686fe669cf3eb4b
BAITC-Hacks/hack-8cb43e3f-ai-nam,1a28527d3b971bee929932a44a4ba65eb2223c01
BAITC-Hacks/hack-8cda500b-caicada,1282433777edecd55f2c201cba2e1a3b3dcdc3ff
BAITC-Hacks/hack-8cf29c0a-skma---medmind,118464503079a4afc04ec91b6240fbd9a1c52088
BAITC-Hacks/hack-8cfaecc5-810,85f9835987a1e3bb3cccb026736670b609f179ae
BAITC-Hacks/hack-8d01819f-team,7c031c2057ea3b397a8b47ff822be647d1c80649
BAITC-Hacks/hack-8d1507ba-vencera,0cd9a8971cf633b56dd764d445dc30ccf0ae9dfa
BAITC-Hacks/hack-8d2e7299-majus,9e416248a8ca21703bbb802b3a878bbc52cba14b
BAITC-Hacks/hack-8d347697-team,a896e392b9b11f4d48204669410c5b53a4dea4f6
BAITC-Hacks/hack-8d3cbade-n3rd,80424ba68d15a37f89f8319f838da5e5214673c9
BAITC-Hacks/hack-8d5054cd-builders,a63adf5694e7722d28971637a40ad3c14f853f51
BAITC-Hacks/hack-8d572864-thedark,3e85549512c736afdeb9095e4eda7fdc9e3010af
BAITC-Hacks/hack-8d6786f2-prime,4895cd56f81d2d39c72c00f3c575df2f0cd9f9be
BAITC-Hacks/hack-8d696db3-simple,6ebc68be8951b2a5c941bd8ceac24c7ccdfb7440
BAITC-Hacks/hack-8d69742e-net,3ecc63e81124a00e107b89afa0a8b53d15ea23c9
BAITC-Hacks/hack-8d7ba894-heyxera666,1ef194e2aa5a558f1353b5f585db40b9d2a7263c
BAITC-Hacks/hack-8d88351c-eam-trinity,34b8f355192ad0eed5fd1f7ab96420756012ba9f
BAITC-Hacks/hack-8d8abb05-1,7fbb849761344b67974a0ad3dd6fbaa50e83050d
BAITC-Hacks/hack-8dd2609f-yourt-tech,8e4dec52a84f61f651d91c2fc34da992d2b7ecf0
BAITC-Hacks/hack-8de246a5-zenith,457bc5915d5f5885c7ef9b671abef9a11f0fcf00
BAITC-Hacks/hack-8dec28f9-ai-true-seekers,d598f34b5b417162890563f72dda1de07cc0cd9e
BAITC-Hacks/hack-8defbb85-brukuy,92046bd6fd98d85ec5e0642017ec6d7f527a2845
BAITC-Hacks/hack-8df1dc64-inc,7ee027d4da41bbc3e4dfe0b680b82a9e74643aae
BAITC-Hacks/hack-8e13bfd6-baysangur095,0c2fafee8256260942d14668c67a0f45398501fa
BAITC-Hacks/hack-8e1ae678-architects-of-the-future,f868f5a00650ec80dcaf9cab8de5804fac7a694d
BAITC-Hacks/hack-8e37d5cc-demdes,22d03ce079b5057a0c21a40a5b7e66ba2c223eb5
BAITC-Hacks/hack-8e42af59-rdm-code,694d1d008bd796fb63ff99eb7b3f1fa9073020d8
BAITC-Hacks/hack-8e497648-sanat-and-nurkeldi,2d36eaf70f7bad9f4f42aebf55b8cba489e06927
BAITC-Hacks/hack-8e4ccf84-terra,a41da75fb6db6c7d538f73ad48994046c198e018
BAITC-Hacks/hack-8e676a69-team,81a13cde066762e6b9319902a1c2bdbc45fdee06
BAITC-Hacks/hack-8e6bdd31-zhanerke,cdc90bb3711e9161db2b40fe5099c9ac59438a48
BAITC-Hacks/hack-8e87b897-2a,b2ad1374e4af911ae27fb91f4974bd1b01329904
BAITC-Hacks/hack-8e8c27a3-onkei-tech,a24ec257fd1cec267e4d1d1d701b6faaa689dc50
BAITC-Hacks/hack-8e9bf9c9-danlusman,16c31fde1437159dd784160ab30d0cb5b4d34a06
BAITC-Hacks/hack-8ea320e9-mirasmazhit,d34bca79a640de605ff9651792ee37f2acc4141b
BAITC-Hacks/hack-8ea9863c-solovibe,84cb7e4911cdab5f1da98aacc6a276607b905dca
BAITC-Hacks/hack-8eaf72da-team,5448b63de34d1ecd0d195eebbb82e061d463a2b8
BAITC-Hacks/hack-8edf0850-athens,628d8bcfb1985aa31ce6a0d988a46f72f046ce62
BAITC-Hacks/hack-8f02188b-nktwn,cd111b8d98c5c897797cd6134eb12140a8f6d55e
BAITC-Hacks/hack-8f048736-team,45103f10a7963c214b145bc767d1c90f6df190e3
BAITC-Hacks/hack-8f1178af-team,bdea99bc2604b8a837fd2ba672d0c8cc0e163bea
BAITC-Hacks/hack-8f1bcef2-unanimous,b124c31ef811171caa15187de9a30201a81b4f45
BAITC-Hacks/hack-8f2bca5b-zhvnsyrym,383a5e6ed9ca8f56f0e1d0325379483f0ede8788
BAITC-Hacks/hack-8f409c84-neurox,c10207426dcd697ada66ef1a4fa1729e55ad5cd4
BAITC-Hacks/hack-8f45cc0a-beisenbekabai,fd38b4be20e8d40b830065cde7d32acdc8f1e454
BAITC-Hacks/hack-8f5368cd-gyper-group,3b9044c6e9196094005e91bdd575319cacf6d87b
BAITC-Hacks/hack-8f53fbd1-olzhas,d09f16b59f10029e52ea6e53be94d6dd832c4626
BAITC-Hacks/hack-8f5c55c2-bekaa6,4e8500272f82ab2af3f805571c82662ec67e3f7b
BAITC-Hacks/hack-8f6b9cae-merey-art,40e7d5c9b63dcd6807ddf4afe732bda9c3948c5c
BAITC-Hacks/hack-8f7db8c1-polytech-team,6954e569e70322dca632f578e55e9864ea221008
BAITC-Hacks/hack-8f831550-coffeecode,87cd79bea433c466b4c53dab2bc320917cb06e47
BAITC-Hacks/hack-8fa76ac5-aul-ai,cd223977725370fce55eddeab215fa7c22eb9bab
BAITC-Hacks/hack-8fd6fbe3-kiritoficat,f2e8678c46778c77e6b9fc24ce2237303f526dd2
BAITC-Hacks/hack-8ffdfbfa-zhetysutech,c0976014d40edbf896d82e235fcb138afe7864be
BAITC-Hacks/hack-90090faf-kooper,10641026f7cbc377bc85eccd3142481ed5c04b20
BAITC-Hacks/hack-900988fe-default-team,ff55e5fc5960759ebdc0d1dbfdca6a4783c8e52d
BAITC-Hacks/hack-9013145c-opentowork,c74b6c6635b96d3d6eff2cf15dad06d4e8b349fd
BAITC-Hacks/hack-9016755f-official-nanakai,2a346c1295bdae9f0ed22b25ec16d4d9c0546046
BAITC-Hacks/hack-902325c9-digital-yakuza,fcaeb316486751ce91f1ba99adae75ff169b54fc
BAITC-Hacks/hack-90265507-aegis,00d8b8b94d92cbfe3af0f6393429e5ac4bc87cdc
BAITC-Hacks/hack-903024d0-steppedev,cd34b523165140e539ecbc196b21a16e7586bba2
BAITC-Hacks/hack-90387371-korkyt1994-ux,4857f4c914f32d9f61aea2f80aa276032835365b
BAITC-Hacks/hack-9044e9ce-nka-team,d42eca2d1f18c569b03041b70ac98331a564e257
BAITC-Hacks/hack-905c9611-bulan,77c91941887d4049cd9a090e0c864a879fbcd3e3
BAITC-Hacks/hack-905e2f7a-mergentlegen,aaade665a31df3cbecb62ae2e76285a3ac6aa2dc
BAITC-Hacks/hack-90668ffa-meduzamermaid,e63b4d2dd41f7e35a5f892bf8ceeaa2b9b759cd0
BAITC-Hacks/hack-90a72f9e-daniyarserik078-bot,3617a4e4b531b3546ec3988782b4dcc799282250
BAITC-Hacks/hack-90ad54e2-mazhit,80b35072fb8f9de18715d1ef147a42d0a7afc436
BAITC-Hacks/hack-90c6575b-team,01eb28e6bbcfcadca39d8b28fa6d7fb25a97a269
BAITC-Hacks/hack-90e1c66b-bauka0602,7c1e5589a848c198dced975c14fd76922086673e
BAITC-Hacks/hack-91181d6a-girl,f3871503b3360952091feeddaf08165cfce70ef2
BAITC-Hacks/hack-911e81ca-rumba-2,3460141c9742fad259cff8bcedfc7249c758d89d
BAITC-Hacks/hack-9124439e-jyrn,f63bb2566bc7453f1e6794a63644b1c165505e94
BAITC-Hacks/hack-912ce0e6-aitushka,0f774486a45a5ecf8ed51f7f656dd71ce0a5662b
BAITC-Hacks/hack-9138d05d-samma,f873611aab442e63001dec43e5d043831820f6e7
BAITC-Hacks/hack-913ef4da-amigo,fe71941a02b0608e061c1d3f5a0808f68a321167
BAITC-Hacks/hack-9145a5b1-matrrixxxxx,bfea56cddb21b9e468dd224257599a031d0fa015
BAITC-Hacks/hack-914f701b-serpentes,097320c74d6bc58b0b4919f917840223d0ddb93c
BAITC-Hacks/hack-9156fc02-zhanelkins,cdc205a9176e512c8e7d017f513ce1f65567f23d
BAITC-Hacks/hack-915c23dd-megaminds,b0b53d7a7ef5c97f541db96bd0dcfd9e9971e34a
BAITC-Hacks/hack-916ce78d-aluadosb,23f939584580689643f453d887cadfdd6e6d35e7
BAITC-Hacks/hack-918c710b-talghatovich,d87254c58df5448ea4c27038f635e56102bb0c13
BAITC-Hacks/hack-9191654b-matai,d0b318364e63879a25512eaecf97b450cc6a11bb
BAITC-Hacks/hack-9199ebad-aetherixa,73bb830fa14655ab21d14df3fd29cc4e259c3b74
BAITC-Hacks/hack-919bd932-elzhanseidaly08-dot,d6100300841ecc7d8df3e40bafec98087d1df8ed
BAITC-Hacks/hack-91a0d028-haiyrlysy,9a2ee7035456e56fa3113021ae298a601d84b810
BAITC-Hacks/hack-91b593d7-ilon,b53945041fc6711126771664310d7a24645dabed
BAITC-Hacks/hack-91ba2982-nsj-team,c63da6f6ebc82a369aef747cb1ceeff55cd37414
BAITC-Hacks/hack-91d6f2bb-ezlyam,3440c5389b88d6c3faaf2f9016a34f4483238181
BAITC-Hacks/hack-91da6326-temirqazyq,5c3245fa89d54ed3247d80d93d813c2ecef6a154
BAITC-Hacks/hack-91eb491c-sub-ports,faaee3dd53075c7cac0cb495e40bb9a0873b1b39
BAITC-Hacks/hack-91f7601a-goofy-goobers,44412b5db15c079e1ca4e84f7a81c72f6ca58b74
BAITC-Hacks/hack-921839cc-lodz-polska,7344eb4d2224e517b1c4df108c458777b18865ba
BAITC-Hacks/hack-92322e94-sigma-terminator67,08accb8061e7d89241c12dce287f2489229b4d91
BAITC-Hacks/hack-924314bd-akmaralsarsengali-oss,a67575473e4747bdcb012f4ab09a9726ac57386e
BAITC-Hacks/hack-924a4a07-h4ckerb4cks,8c9dbd538fe73d827c10f7ca7843ec665811f002
BAITC-Hacks/hack-92669032-ai-team,88c96532007f815809996475721e5aae40268221
BAITC-Hacks/hack-92673534-akhatimhack,d09e3dd03c732d5fe65c76a87ba3898ffcb7328d
BAITC-Hacks/hack-92937d71-ayoso,e06e45482278a409925541417d351ab461db1a95
BAITC-Hacks/hack-92a11647-hackmonsters,fdb5cea35ecc3ae5519eebdbb84eb5d4752b25c3
BAITC-Hacks/hack-92c4ac11-bombastic001,90a1e5a4cce1293ffb0fb219a900180219f96134
BAITC-Hacks/hack-92d1ae18-aibergen74-create,411fb81030d0e1903fa86e7bbba5c223673017ba
BAITC-Hacks/hack-92db515e-paper-rest-ssl,614e59dfcd8f8c72dfb9f932d43c00877663ca69
BAITC-Hacks/hack-92dfcfb6-aitu-sila,6a0176dac551875c3713df0af6e8198d15b02f18
BAITC-Hacks/hack-92f67f3d-ai---bolashaq-sanatil-w,5e1570615c57aa35f8cd85b4ee5e1a66420759f7
BAITC-Hacks/hack-92fdaf7f-ushqn-aitu,acd939a6322933fcb8db9f7d508140ecd13a39f0
BAITC-Hacks/hack-9305ee23-nullptr,296955b42ceee01b419aedf31392eef5b08ba737
BAITC-Hacks/hack-936d098d-trion-team,f119c0f59e6c03c815812aa7012f5a23d909339f
BAITC-Hacks/hack-938e08c5-birkaliito,90eae3b3b3ea1ea35902e5386d0836b7d5fc4d59
BAITC-Hacks/hack-9395e054-sudoers,803af08132929053e076fe9609d3bfe6962449de
BAITC-Hacks/hack-93a4bb59-f3,8fdb76a5397054b204b9420c4c617ed6ef063f7c
BAITC-Hacks/hack-93b60efd-404,2bdedd9aef0fa8760d4dc0739ac3e43aa5260219
BAITC-Hacks/hack-93cdcb19-k-k-jiek,715e23ddd5cea8456028af4d8605fc2e10ca9dc6
BAITC-Hacks/hack-93d62454-edil0105,7af9d862fbd0fbd3683c48e51670126f1441cdcd
BAITC-Hacks/hack-93d9343e-deflillusion,c4fce7afa9fb4fbf66a8fef8047ea854bc44cda4
BAITC-Hacks/hack-93e9bc94-stantti,91c66dd3ed7de6a32a2c43daf1973ff17a64b799
BAITC-Hacks/hack-93f1605f-sbs-tech,bd3a84bc814f4f8ef27ec3664db820901228944f
BAITC-Hacks/hack-93fae131-s,779c9bcae0fc592b617451ce027bc51ea861e8d2
BAITC-Hacks/hack-94011e95-onionmerey,f20fba6b2f4e7b44804a2f4e01f07aae42b398a2
BAITC-Hacks/hack-942670f0-bond,a2f29ca1821f0cbc3734a9be5cbbf8e54bdfea9b
BAITC-Hacks/hack-944601b5-umay-terratech,ffa0390c235ec803142f27fc8098685574592500
BAITC-Hacks/hack-944a7852-specialz,36725575d35d9d557bdc914e109a8fe0e4110671
BAITC-Hacks/hack-946e8149-team,96e59f7616ea58f7cdbfeb51bfbf2de061cdb45f
BAITC-Hacks/hack-9483ccc2-a-i-j-o-b-a,6b074de0c98d0df5015e0285bb6d749da34e3930
BAITC-Hacks/hack-949b1df0-megaslime-2407,7ca47fa5ac5b359ff18ed7272e8d5aa3128aa7f8
BAITC-Hacks/hack-949b5db0-westcoder,69fca31cabb62cc1e4e437d7714767bcc9a31211
BAITC-Hacks/hack-94cfdc5b-chiikawa,92208e49a77ececa3ed84fbc5a92f1dc4a72b1ac
BAITC-Hacks/hack-94d7a088-akulmanov,e7ab4c323871bb7ab1ae3a4f655302fd2a5f251c
BAITC-Hacks/hack-94df935e-ulacoder,3d81269fde713d8d3c2ea4110f1bb137726f6549
BAITC-Hacks/hack-950c8898-z1taru,34dfe5e902eca809b395dee5c789d75cbf6095a9
BAITC-Hacks/hack-9526f52b-mag,22ffc85b0b9bc895a3bbee1488e4f9bd2e604201
BAITC-Hacks/hack-953a333f-anel,aaed7cf840ae403ce60f71c6f5547fd6a4fd91c7
BAITC-Hacks/hack-9562e898-aruzhanmu,b3ca997e335a5dd33034a6690cd70c76d23b4a76
BAITC-Hacks/hack-95734c90-franche,d747f6e52ae5af66d3c10590490162d95b4775b1
BAITC-Hacks/hack-95a1b8c8-that-s-la-peace,ba36125d56d6fc94972c1d170d687900ecd9458f
BAITC-Hacks/hack-95a8f87b-lya77s,9ddf823417d522835863ffc49a2f07c6876f46fb
BAITC-Hacks/hack-95b44e2e-luminai,31e5e928877f4538067b3d83fc48446856b36933
BAITC-Hacks/hack-95b86b43-team,9ae8d52fdd83a0541165d309b5e04128448ea9bb
BAITC-Hacks/hack-95e9f1ef-all-vibes-no-code,1e9bd79f508e764be7080c192c2d62ceb80f9f3a
BAITC-Hacks/hack-95f74784-soile,9808a86f5f554132ae8c8ca94361462e3b800436
BAITC-Hacks/hack-95fadc9d-tctcyv,ac2117381bf53167052923d3388c324437e1f7dc
BAITC-Hacks/hack-95fc7cab-ai-saas,486836e4242be62d73915d25b7b4c051c4714629
BAITC-Hacks/hack-960fa07c-hypeioi,68bfd42aae2828b232f91353cbefcc208e943471
BAITC-Hacks/hack-96209346-finova,a897ad7412b955433165bc8ba4c7e749d0b3a6f7
BAITC-Hacks/hack-962c6ea9-binaryhood,8cc8b7a88a0e0997b5021948d24c25b9982b5f95
BAITC-Hacks/hack-96363301-ab-ai,78d77b1b2deeb22fad6d43f0f9195d29058bbb24
BAITC-Hacks/hack-9658fc18-unecom,f88b4801f2d40221c4e4f1c74f47a22000ff2514
BAITC-Hacks/hack-96701961-mmind-ai,9869c110a8988f09209cab8fa9b012cbd252205c
BAITC-Hacks/hack-96839d9e-hustlers,79d1883a4e9176090ccc368b24fe817976d321d7
BAITC-Hacks/hack-968fc493-senior-team,788187a992f5cb9962d88ae1e8801055394843fd
BAITC-Hacks/hack-969c67c3-ulyqpan,e803982b0c3fb4b3ee86365409d923c91d5e3d6e
BAITC-Hacks/hack-96a3bc9c-tutorix,91af410198501a2a39d72a61bcdecfedb7b358a0
BAITC-Hacks/hack-96a7c982-syla,be1aaa7a88b9f7f39548ff0fd2cb51bea9610456
BAITC-Hacks/hack-96ac4fd9-7-s-ai,3646c1febc13eac359fb2bbee81063ffe4fb1258
BAITC-Hacks/hack-96c2791a-bezdarri,6bd96dec6b85806a832e3a3826b3d8c8c4f37d82
BAITC-Hacks/hack-96c40b2f-ai-pavlodar,5a3b181b9a37663e71d3c6c21a208b9711e9ef4e
BAITC-Hacks/hack-96c9edab-albion,6f190234bcf1cec5d1d77428eb1e1446ea1f7a04
BAITC-Hacks/hack-96d94a29-zetpisbaevdarhan1-stack,82d3ad4dafae6dc218ce16f3638bd454e68f15de
BAITC-Hacks/hack-96e02258-electrojk,d0b2a689e9b5f10e636d2845bdf291d80340c4b8
BAITC-Hacks/hack-96f31891-ai-uom-test,6101a308bb87956536e571a830bd83b9eec7c47a
BAITC-Hacks/hack-96fb8df3-yerslx,41487ffd704af0fb1094481198ebb51b52227c34
BAITC-Hacks/hack-9711a9ba-d,fbf3a5883bcba707a79d8745374247dbe5165e31
BAITC-Hacks/hack-97280b7c-zhubanov-team,e08422ab9b152b3841eeee32c1a66642cf30a761
BAITC-Hacks/hack-9757e094-steppex,69dbf906b0ffc10252cc20a6f6961714112ce2f1
BAITC-Hacks/hack-9760174d-quasaruins,095cf45c452a920514224e6fa41391f3948009df
BAITC-Hacks/hack-9765e6ac-qalam-ai,d13e1a334c64432fe9a15bcfd2d29330777b344f
BAITC-Hacks/hack-9768f084-yelkhanyelzhanuly,b92de899b624a6d4d7ad241e255d4852eb903ba4
BAITC-Hacks/hack-977e5070-la-rp--peace,76b90e65ebdfc77ce755781e57070425746968bf
BAITC-Hacks/hack-97847113-mnurik,6bc464694197966766d82106efe8f59eedeaa249
BAITC-Hacks/hack-979cfda5-nuraitokanovas-web,1676322c38e7b206c78ccdc9406ca06aec1cef67
BAITC-Hacks/hack-97a5ae48-almazterminator,71eb307e62497762dc2af5cc2f20fccceb298be2
BAITC-Hacks/hack-97baf0d2-beg1sjr,af733de1ad0170cfcc0fd04c66b2bc3d5104f46e
BAITC-Hacks/hack-97c8e654-yerassylkm,90f582a520dc15752aef104ddbbc64d651580f3c
BAITC-Hacks/hack-97e25780-bears,d39045ec89a4001094183dacefb19698916346d6
BAITC-Hacks/hack-98226c5b-find,d41c810c07078d7a8a1e9f114eb5a1659452361d
BAITC-Hacks/hack-98279fa4-anxiouscheese,d74070a8e80003ecfd078485af4268be8b489d30
BAITC-Hacks/hack-983b90ca-overfitters,8794ea2d83715e3082822a40cb1a8b1394c5d997
BAITC-Hacks/hack-984a086d-no-shutdown,18bf12bfe7dd96ca2b8835bd492bb9198b86af16
BAITC-Hacks/hack-984e6efb-auezia,5f641f99c96c4a6a5e64ba4cee72cb0ed981ce9e
BAITC-Hacks/hack-984eef08-cancer-solution,beba08671ff24c956d3e3031f38458f3f4e0e542
BAITC-Hacks/hack-987a4cbd-tksbaev,f831217223b23414b074763c42e9861bfd074e11
BAITC-Hacks/hack-987b5a03-c-3po,c9253e04cf3ed0aef554d275946d034137ece99c
BAITC-Hacks/hack-98bfa127-orda,7065116ad66af44de43ad4267364519a6624f709
BAITC-Hacks/hack-98c02f6e-akbota-prog,6fb06c3a28db32186ed62c9d71c40c7ae6b1de5f
BAITC-Hacks/hack-98e048a9-anhalt-students,9c71e61ecf37d0a9a732bf6ada665f3acb36994e
BAITC-Hacks/hack-990515b5-zentaiva,e7ced90fe98366451a5ef98e94facdf442010040
BAITC-Hacks/hack-990d28f6-bytebrains,9c927633a5268d342fb4048bccc22edfaa861ef4
BAITC-Hacks/hack-990dab07-the-king-cannot-be-killed,4e2e965d049f0d3fbc4542894134fc4889aa56f8
BAITC-Hacks/hack-9913a3c9-masterart-netizens,00e49dcbaf8ec57bd78cb38b0f10df4e37fb9a0c
BAITC-Hacks/hack-991a66ed-themilan1337,3e680c592e437b798cb9e6c6417f9d03a16ecfa8
BAITC-Hacks/hack-9923a583-ctrl-c,76103208bd5d2eaeb8b705042dc05371d886075d
BAITC-Hacks/hack-992b6b76-6nywbndfzh-sketch,0adbbbd17deb569c53a97ef9f7db96fb5e57b0ba
BAITC-Hacks/hack-99630a12-sansay411,e1f332b508225cc3105877d05bb5d8f9bcf7e993
BAITC-Hacks/hack-99690795-spectra,8c8efe2b99c811f28817226de6b6933f360c4181
BAITC-Hacks/hack-996c7b66-sigmalar,4918532f609a61947c409ad72a255bebed376aeb
BAITC-Hacks/hack-99796d94-timurkafed,e0175b4106e4318aba65aec6168974259e74c653
BAITC-Hacks/hack-9983edb9-www-ai,684ff3b3b5a1f413ad9589825b36daf9e64c6750
BAITC-Hacks/hack-9985829f-nomad-creators,55b358860c2fd3415dfbd9e0b536f85727d0f759
BAITC-Hacks/hack-999c8fff-team13,f495ab8a0f55e5aec88d40bda34af4112f7b4d32
BAITC-Hacks/hack-99ad3730-ai-rael,5be6b29453050135de023dd389e3c3080e1751fa
BAITC-Hacks/hack-99ae8f4c-sxd,b1c94367768175e4e2555e03744a4ddb62e51332
BAITC-Hacks/hack-99d4c8fe-team,cdf1fb0a5f56af5eb6126ef2f657c9689f75decc
BAITC-Hacks/hack-99d54088-samka,b7381d3323784ebbb8e3594d6d73f68ec226816e
BAITC-Hacks/hack-99e35633-letslarp,9833eaccb58a0f1433914ce6e2c31b85d3db4e73
BAITC-Hacks/hack-99f78797-67,582a96437e8519175b43b32d523b3ebcd131c287
BAITC-Hacks/hack-99f7eb06-xin-chao,5a440b16c7838ea9ebecccdef562daf77fd1b6fd
BAITC-Hacks/hack-9a0622c5-huita,6821b75f3dd342e79939ee6231701977db0cfced
BAITC-Hacks/hack-9a0e4e3e-adam-dark,f7deba88de2917705c09dd98ea17b356ea09e783
BAITC-Hacks/hack-9a31a338-buildalem,b3bfe90a2cf4e9abe74c965d2a1e1f28f68fd0d1
BAITC-Hacks/hack-9a3f8069-yvl,d71c7023171d8e8c35b16f6740313899bd06910c
BAITC-Hacks/hack-9a45eadc-ixxgnurik,56bfe938e207ea30f7bbad7b97c4abc18ea9505d
BAITC-Hacks/hack-9a4ee123-sigmalar,930743ca0a72dbfb2b7c7d7c85f3b0e5e234c163
BAITC-Hacks/hack-9a5fe013-buildbreakblock,eb98df25d81e0e8a706a6e229d2dd102c9466ee4
BAITC-Hacks/hack-9a732c09-sib,928a3c59e718d187a3ce3b65c2ddd95b28300d5e
BAITC-Hacks/hack-9a7b7620-aldiqx,20659582548ee62dfa09836a31b9ca8dfbae3dd0
BAITC-Hacks/hack-9a8fb661-infinity-ai,5e4475c61600045732b40bdbd638daa4cc283baa
BAITC-Hacks/hack-9a98b7fa-0-iq-enjoyers,8bd480f86e31b3634adfab1945cf2cecd5874f15
BAITC-Hacks/hack-9ac93bf8-qorgan,8426c690b94c2432e33c354e8480ad06a22017ef
BAITC-Hacks/hack-9ad86191-ramazan,48499bd6ffe49305246c27e060d699af48929b08
BAITC-Hacks/hack-9b0e73fe-norkotikkz-ops,2e18d67f6e0b8f295d9ed2da0e758e621a708d3b
BAITC-Hacks/hack-9b0f6825-deadsec,9133c97701a9eee501e3bf938c6d480208d6aa87
BAITC-Hacks/hack-9b5865d2-samekeekz,aa788a16a12d5b5acb1e3251307d7b60ccf9f49e
BAITC-Hacks/hack-9b5f6c28-hog2-6,176d355642b6064610c25e3d90faa7d971f0b6e7
BAITC-Hacks/hack-9b68f051-miras-and-dastan,a4cdc121ba9cfef074d2277c7a059df2573ee0ed
BAITC-Hacks/hack-9ba68d46-jigiler,359d09c33c4158f7f7aa3ecd3871d0165b046cd7
BAITC-Hacks/hack-9bae5eed-ohub-kz,3375981fd07f87d80ecfb0cde6ffcb61b3784b81
BAITC-Hacks/hack-9bb95b6b-codeminister,a5e917e7460de7d52fe06e5486e7d983604cd9fa
BAITC-Hacks/hack-9bd2c351-team,49229b87a429890b486deb46315a4cb380bfe557
BAITC-Hacks/hack-9be09345-jassai,276634521a68cf54107236a30ae60300b77e25fe
BAITC-Hacks/hack-9c6d5815-bak09,51e3f3226d4815b73b9aa123991952be399eeaeb
BAITC-Hacks/hack-9c72e88a-low-prior-it,29998a5a60dd59bf8a0a7edbb4383714e8e7d996
BAITC-Hacks/hack-9c881983-rabi-gulnaz,7711397a19b6f4e683f6067c5aac5df72c9ce35e
BAITC-Hacks/hack-9c9423fc-luv,e222c4df29a14b85239efc25660141cd8ff940e6
BAITC-Hacks/hack-9c951f5c-mentroly,09c2e0d11d6accd128878b1109b1de40987b63c5
BAITC-Hacks/hack-9ca33180-d4c44,0d49082f8e5893821a1371de75a51b7a0fc31514
BAITC-Hacks/hack-9cbc20b9-elkhan1308,d470b102f0db66a0f9007b8fe921e82aedc5a098
BAITC-Hacks/hack-9cbdba26-kzen,5d94e573254b0ed34b4d6cfa4bf8170ba2a93755
BAITC-Hacks/hack-9cc8361b-sss,28a02ae975165db32688d5342d19fd8c5c547054
BAITC-Hacks/hack-9ccceebe-anhalt-any,e27866d237f00f7699671a1a9bddf046bfedb652
BAITC-Hacks/hack-9cd20919-alem-of-bad-prompts,33bf68acc1840c0ca74745ea2b1179ed7a64ab7d
BAITC-Hacks/hack-9cdf3446-aigerimelkeeva07-hash,cb88b3f249992cd94d35f14c6d2d7b2cf44c6be3
BAITC-Hacks/hack-9cf50637-trust,5f058c1419f478c37689b481fcf8c3767c6b9a42
BAITC-Hacks/hack-9d035627-team,2989388094aa3dce9fd02a66bb6f88a7d9872718
BAITC-Hacks/hack-9d0e3cec-aknurrka,70d8767652f434f3691f8a099526ad9ea72b4981
BAITC-Hacks/hack-9d225095-aidahar,67f10c91f32df7d9e27cd2199925d92280e77c75
BAITC-Hacks/hack-9d45293c-ersa,ca5bbb15aeddb9e88cb3d36e18e06cf735933f02
BAITC-Hacks/hack-9d51c658-kanatzhan07,1c821368deee68e58602d4a4ee9ee61df67fa567
BAITC-Hacks/hack-9d5ee316-snibaadeka,cf30017aa90b039fa46f356159bfdc27ed4e8960
BAITC-Hacks/hack-9d6957c9-jake,8448d21404dee6bdb6baf08c8bafbd43c99509de
BAITC-Hacks/hack-9d786474-team,f6d02c3475c8cd0a1645276f93309f4dd57981e7
BAITC-Hacks/hack-9d786eb9-vt2k15,5547fccf37602aa003d515ec99dcd6515ec8f43c
BAITC-Hacks/hack-9d797bf2-f4,e7085d6746443b28a9f0cabf0df59b0fadb83898
BAITC-Hacks/hack-9d799c9a-pokahz,3b5ff046c0536fbc7d321fb7c3c9fc48dc49a87f
BAITC-Hacks/hack-9d7e90b4-ohub-kz,0e9ef51163863d704ceb07ea4e885c9470a1b10c
BAITC-Hacks/hack-9d8eb727-mrrobot,6198f23ddbe4db87cd20e181cf034a8a4db4d2a2
BAITC-Hacks/hack-9d8fb766-yolo,57b4dedb46476c9e7446556ad49c8aaff810844c
BAITC-Hacks/hack-9da0136b-kazsaq,e9f405d11cff6c2361e0beb0b3c83a8831c78d9a
BAITC-Hacks/hack-9da241cf-rakiteam,25367a51ca8e0c7c748aae2f5b4a655b9684412b
BAITC-Hacks/hack-9da30073-maxichai,d67c0acfbc4733cc22275daaae785e1e08cd06af
BAITC-Hacks/hack-9da6b9b5-london,dbd2fff6648f248dcd2e16f6d5f69e9fdf22ecc4
BAITC-Hacks/hack-9db021a0-solnik,8ca911042976d70dffbd219a2f92f8724fd011fa
BAITC-Hacks/hack-9db41e61-arsen11,f44426dde6e43330734fa67edd2c6ce4621dbba4
BAITC-Hacks/hack-9dc7559b-it-accelerator-nx,35aadc3b5cfc550066006c2ff36f4b4b5478baac
BAITC-Hacks/hack-9dd01647-aruna,4a2b2105f888c06f40af348afa471ce8dfb467ed
BAITC-Hacks/hack-9dd7b5f3-plus,a29a04b2a872f65a20551d5442dbbdbb8dae5c1c
BAITC-Hacks/hack-9e0cb6e2-y,b24ec0bd5077301b067ea86ccf7ad8e618549cc7
BAITC-Hacks/hack-9e1c0a41-flora,198183d99caa05ec449a3c12bb137ea95fe6b9bf
BAITC-Hacks/hack-9e488d0f-slafuw,f87f59d3d1e174491c334c4713c6de6f553ecaa5
BAITC-Hacks/hack-9e6cca6f-caffeine,4fe6de53596ad7b4a8b40cfb15115ed92077ffa7
BAITC-Hacks/hack-9e7519b5-vasilenkomikhail1980-dotcom,d88cb0d96eb387e4b2b5db14f3b02aad85d18d87
BAITC-Hacks/hack-9e7a5ced-vertex,732c638e5425924eebf733e65cb48dd1fdfae756
BAITC-Hacks/hack-9e943660-divas-in-hacking,f9aa2d91e43321daf4decec4fa185aaa54d5682a
BAITC-Hacks/hack-9ebd97e6-aaa,15b692151ae1876edeb4e09647eb7d9edb4723b2
BAITC-Hacks/hack-9eec4f64-fghjk222,37c4eaf549e5808a7d03ddab80459cd1837fd812
BAITC-Hacks/hack-9efe6c19-zhan1b3k,0ab23718e7fa79b15056ebe103ee236b85b6312f
BAITC-Hacks/hack-9f0af5a2-dulat-kamytbek,6875d84d255f362a6ca11ef7b80189da9a006fcc
BAITC-Hacks/hack-9f49c3af-naiza-ai,549e02b43562121b73e16c5139c5ea25b9fa5902
BAITC-Hacks/hack-9f57bd90-bekeigulbanu-prog,e04241b82d122412e9c6705e14fcefffb703aa68
BAITC-Hacks/hack-9f858e1f-apexai,24b174f7848cbdc820d479860a930de711162353
BAITC-Hacks/hack-9f8bfd3f-begzatmamatkarimov,0b4ac6df0e33fe1f66404f2ab575669ac9a32b8f
BAITC-Hacks/hack-9f90953c-aqwater-ai,2b5d007f43458716e088190fa816c8d3d5d5415e
BAITC-Hacks/hack-9f94a26d-mittens,007a1d7a3dbf97db028e00ff6eb1a3dfacad4855
BAITC-Hacks/hack-9f95ab00-erbol,faba9c794d3467d2a7c737d270f7e802392144aa
BAITC-Hacks/hack-9fb33d66-hackathon-barni,dc451802f5b1571cfaa76b5521295d0198b7c780
BAITC-Hacks/hack-9fc041bf-atapkel,93a779ef2c8178c8cce4ff9a56886f61691b9cad
BAITC-Hacks/hack-9fc6ee47-mentalists,3ff3b805024663ed5b04c72c8f73e62b8343d19a
BAITC-Hacks/hack-9fc936ca-cs1-6,22ceec5d238b23f5f6bc6a7095eab21edffd70d9
BAITC-Hacks/hack-9fcbbfbb-danialyermekov,22a97e53962d9168e28dddf060aa875425700df2
BAITC-Hacks/hack-9fcca245-rasch-decisions,eb8f2e72cbc5122c964a859d103948bda45631bf
BAITC-Hacks/hack-9fd41289-finplex,cc9619bf5216e7a0f464932f70bf383cf8f58984
BAITC-Hacks/hack-9fde842a-ctrl-c-v,a4eb7b62698e3eb0bf7a10e95169ba4a6407a9d7
BAITC-Hacks/hack-9feddb8a-123,a229cbde6998ce540640e70b2b2e6623a805e130
BAITC-Hacks/hack-9fee8947-uniqore-ai,1527b4408506c657a4e7d06f441058e12d628629
BAITC-Hacks/hack-a007b1d3-involution,3f9aba32395b1ef6d30c58049e68013ff3f3771b
BAITC-Hacks/hack-a00ee6a5-power-of-oil-gas,451efe76b9de09b195b4261aef778d1b1a6e81ca
BAITC-Hacks/hack-a00fdd06-nurik,62b785bc32350989dad9fbab9298c47e0fb9a28a
BAITC-Hacks/hack-a021489e-kuka901,5c3c20bc453f8d704424ddefe09b4c568be9a228
BAITC-Hacks/hack-a0330967-diligence,35b8ca2953ba27bad3154d82000c1a6a994e245d
BAITC-Hacks/hack-a0618926-espada,4098dbc6a6a6e4b94f076376d26e5c3caef45f47
BAITC-Hacks/hack-a066bb56-anuarop,37440c5562bc5f788dabafdc0f3f9d89800d65c9
BAITC-Hacks/hack-a067cb6d-zhannur858,6e63586efb822435ef87f1cc0173a913b66c2956
BAITC-Hacks/hack-a071a8cd-major-system-error,f6a8d7f39e392f044f9976be299f13ce6696dd53
BAITC-Hacks/hack-a0956115-oneshott,3199736f377a14cfe6877aae6a3c830ca9ae5b9d
BAITC-Hacks/hack-a09b1e73-chanch0pa,50fb2b44bad7d8eaa0e70d586366d881932b8445
BAITC-Hacks/hack-a0be1df8-jeyzzet,35aafd69a63827db619738fcadc5cc4f5874d968
BAITC-Hacks/hack-a0bf5ee8-jomart-ai,12efb7c2374974a8d992eb61911ab5bfe9ff07c8
BAITC-Hacks/hack-a0c09ce8-7rl,3217b1674a04133a6e9f161943e8a624a2f4011f
BAITC-Hacks/hack-a0de5090-nurullah911,1abacb0cc75765c795867d79bd7ab0f41a20583f
BAITC-Hacks/hack-a0eb41ff-qylysh,8d47dc65a7209cb71e227eb5ad03734ed862befe
BAITC-Hacks/hack-a0f628be-kok-jiek,74c893a0522521d30bd0aa21b90fcb7399990d67
BAITC-Hacks/hack-a102c94b-kz-swag,5ce7f52045f637825943b4825202d18497af68da
BAITC-Hacks/hack-a130278e-celebrity,107b30bb9c849e7323f659634c30819448800a18
BAITC-Hacks/hack-a134e4a7-che-guevara,c557540a5a2b306f79b9e8c57a5b91c3e11e7e84
BAITC-Hacks/hack-a140dadb-stillcoldbtw,6e4eec8c4c68bd468d83a5ba43f64fb89b6a8cae
BAITC-Hacks/hack-a15905d4-2-man-pixel,1b2726bfe89947ebe8dd794983faf0544c585105
BAITC-Hacks/hack-a16d735b-la,95675ca3a0d9c050845216d800bc254cce2241cf
BAITC-Hacks/hack-a178a96e-laesgib,4f36fc866dfea5101a34a642bfbee3cc30d23eeb
BAITC-Hacks/hack-a18f32af-keeperpharaoh,46b1192b4ae7ea9a5cf457d9161415ac86e2ed25
BAITC-Hacks/hack-a1c36e68-token-burner,7eca626576acaebc53e297dd1f6976da0de4ce12
BAITC-Hacks/hack-a1c5d352-anssar22,56c764ef20c62ba6aa936d9f247fb03fd374e6fe
BAITC-Hacks/hack-a1c6ab51-smm,444ecc6aab1272df905e3dada1810c00149dba1e
BAITC-Hacks/hack-a1d2d4c7-sannur,a72a05154a286683741debdc5100366cec62ee04
BAITC-Hacks/hack-a1f38634-ka6yyl,46b927ec7c6596eb17436e2efc16c8941ffad75d
BAITC-Hacks/hack-a203da99-baursaqneitron,fa5f428923e14c4eb5a7133bf6dfac62d46dfd08
BAITC-Hacks/hack-a217eb15-kuba,44f5c2026bae56e102e7c50879a80d9a488a4673
BAITC-Hacks/hack-a2355f25-mm,f0e0af978f8936c6551b99066bed89f8cd74b8e3
BAITC-Hacks/hack-a24367bf-aigul,1dd1b3d9b635c4c6d47b8ba3a87ab7ee25f44f7d
BAITC-Hacks/hack-a2497d49-monza-team,e17a5345c78a21ff54b9815f431d4163351367df
BAITC-Hacks/hack-a2508018-uid-labs,6ff2ace0e6f90a03f3b25829434f4e436add0f76
BAITC-Hacks/hack-a2525ca4-zero,4fb611529761bb5834f177674137b4b41d310db1
BAITC-Hacks/hack-a26f037d-whitewind,9ab47ba4bb7499dcd5ae1880c67b4a4c9da84338
BAITC-Hacks/hack-a28ae1ca-genz,e36292003e2a8b8f37c5b76cfdd019f36ec0f818
BAITC-Hacks/hack-a2928c88-hackai,5aa424134075aa2e8ab3756a600704e6d8ed2513
BAITC-Hacks/hack-a2a1fcd6-nedohacker,f9ac765052f47136e699fdfb8d46fc90e3856b04
BAITC-Hacks/hack-a2aab067-funcoryt-creator,5b8f9294c0e0df2dc9980d0992c79816ca26c5d5
BAITC-Hacks/hack-a2dad59e-interprise,85802adb1eb63002f8e2d00fb7a750c62c848128
BAITC-Hacks/hack-a2e69875-finesep,53c497807e570c4ae531585ec45f2fe11dc924a2
BAITC-Hacks/hack-a2ea29a0-solo-03eb9213,d8093f761ff4ce194a349a9755c397e037a39688
BAITC-Hacks/hack-a2fe2a5a-zharqyra,8a3c827158cf74ef6696c9c6ab8e3b05445d22d6
BAITC-Hacks/hack-a33a384e-may-day-team,4425029a912843a19e38a48a2f9a9f5c842f53a0
BAITC-Hacks/hack-a33c0347-tortokaeva,54e0927a35f0e87dc4efb71fe3f25c6f01f45329
BAITC-Hacks/hack-a341869b-kurman0983,7e1a756728b76dd11119e7a44d59df42540ac137
BAITC-Hacks/hack-a35eb12f-maz3er,001b0e497e50f5c5844fb93cc28f63fd2a9182ce
BAITC-Hacks/hack-a3674406-saurandev,362af43545deac5647c2c64be2c6bb5f332384cd
BAITC-Hacks/hack-a36bce32-itshechka,5d3e3d164b6e317b3f2e1e05603ac41af0c600fa
BAITC-Hacks/hack-a36c0cc1-stratosphere,6342650cfaa37ced6b12f74d27659abda0483364
BAITC-Hacks/hack-a39db617-dsa,aae8af36a20b5220d4a49761a422787fb81c2f03
BAITC-Hacks/hack-a3b89100-eraqa000,8fc8f0893e4f4b64ec4761460caef4f06699c565
BAITC-Hacks/hack-a3c97760-mamba,d162aacabb32ba815039588f6bf186cf6a099db8
BAITC-Hacks/hack-a3e5fbaa-zkm-zkm,315cbf8438093a108cfa9ed267687cfd5f1fd512
BAITC-Hacks/hack-a3f77aa5-jano,e68be20937f02147118f591e3f77812494b3c7d7
BAITC-Hacks/hack-a4215bac-full-stack,34b7eab8eaf7c4d38fc4471fb4d8b127902f0883
BAITC-Hacks/hack-a4623d5f-vitai,771e114d24161389a34bcaa30d34267137219960
BAITC-Hacks/hack-a4651415-darynoraz0709-web,89c52c05882260c86e49a8865911a6004d098693
BAITC-Hacks/hack-a46b07b7-ansaai,a87575656ce4a84e6c9b4e2a949493779626282d
BAITC-Hacks/hack-a4746a0a-asanbalerke-ux,cb18939e788b90d5ff38e2d98329db425c832f7a
BAITC-Hacks/hack-a48bb046-prompt-pray,4b798a8c8f9f308b9427b589bd64f67c4cb541dc
BAITC-Hacks/hack-a49579e6-aist,80c39de25465067f1a6706181d3301e57fe01f98
BAITC-Hacks/hack-a496d127-prompt-engineers,922ce21528973ccc1e95a935cc61b3109baf36d9
BAITC-Hacks/hack-a49de49b-nazerke,a4041f499dfa7dfc0c8494c965b949323178e6ff
BAITC-Hacks/hack-a4a567e2-papanda,3a313388b0a5fa06f842c232ca003063ecaf9446
BAITC-Hacks/hack-a4cdff0f-west-side,450621bbe0bb97e0ffc068a50cd6be9b280d7730
BAITC-Hacks/hack-a4de0366-ddd,6cdb575344027ced5e587fedb477f9c5c5c4c495
BAITC-Hacks/hack-a4e7deda-helpmake,9b7d47fc1b4bb155fc88f22d64eb097950814ec3
BAITC-Hacks/hack-a4fd6a1f-dreamteamm,2c778748f599a3f06b471b9f6dbddc16fd4ecb0c
BAITC-Hacks/hack-a50107ae-adios,0bd59ad31c01513a5cce6b63b499418e327e4d69
BAITC-Hacks/hack-a5206b04-crypto,2cbd4e0e05f5950fe07f339b22e53ff314f1c0c8
BAITC-Hacks/hack-a534f3fe-ansinitro,3381a723a0f87379acad33dbcd845b60a694d7b9
BAITC-Hacks/hack-a560ee98-adaiward,f337ef26676657ba6c2184f006176270adb238bb
BAITC-Hacks/hack-a562d96b-ctrl-she,298918385e1483844db34db6c2d034a5f4e64cd4
BAITC-Hacks/hack-a56343ca-alish006,e4266a58135152cc38dc2b9c687f5016b28bc256
BAITC-Hacks/hack-a570125f-dipobr,35260e22949cc96af2ef885ffb4165807341ffca
BAITC-Hacks/hack-a58598e0-saint-tibo,54ed91ba1b3fddd1718f50aa7aa3245e37a0ee0d
BAITC-Hacks/hack-a5bc9531-menelai,ebd7cece42d1ee5f62e32c2bdb0f41cd0b19c6ba
BAITC-Hacks/hack-a5e4820a-aizhan,1da8559850db0c90f6da4f6b0594629a5acb96fc
BAITC-Hacks/hack-a5e72fe1-ersss228,e4d789e8d33a886ef3305165d62d446c6aaefef1
BAITC-Hacks/hack-a5ea25be-kaztok,16c24d8043b9f2661666a0718a7b0cdef8879685
BAITC-Hacks/hack-a5f74a43-openwindow,b43abddc1d819c086b86ece508106c2a8f027517
BAITC-Hacks/hack-a6058d69-featherai,854f1d4b8bd4f9747f13f1c594ed01a210e87c5b
BAITC-Hacks/hack-a617a450-ballball,4cd7cc0e65dfd4263802276009c4677b5c0a31b2
BAITC-Hacks/hack-a62b9d81-kazinsys,b41f9ac4300926225915bf394e54a43d2dda5c41
BAITC-Hacks/hack-a63fd407-dilyaliya,28f89c413d62f74bda6aaec251135c0e13ac3ee1
BAITC-Hacks/hack-a641cafa-creata-group,ec92b33cb3706a323b24c0b27fc51d7b1c9c04c2
BAITC-Hacks/hack-a642da16-kazyy-wq,7787fb8d7da9f1c36b3f60db0a9721f0c3215e52
BAITC-Hacks/hack-a64c801a-qbotskz,ac7daf829c59ed0a5140130e8e8b287285bd90af
BAITC-Hacks/hack-a6732c33-akerqwee,eaf7e97b1d7fe715b3477189309dc29f9cbf82e1
BAITC-Hacks/hack-a673b375-aruzhan,23cbf6de606a7828da447c7b0482774da0afa12d
BAITC-Hacks/hack-a674c1d3-lordshashank,db6d8b4dfaff79c77913598b9710206c6b52d849
BAITC-Hacks/hack-a67b666f-ruselle-ltd,7b9c838da095fee5ce52a91474f81304a5535700
BAITC-Hacks/hack-a6a987df-sai,689f6cf35188fa064d48093d63dddd86008b130b
BAITC-Hacks/hack-a6c0362e-kama2004666,7319a3f23af3bc74e4459860b7e6a07a35b340ca
BAITC-Hacks/hack-a6c63efe-ratisho,12f67da0d1c095ba8daf28435f28d7c4c4bbc754
BAITC-Hacks/hack-a6cdb15a-annkhvan05,0c73ed208b6a24a45090545913c478bd491cd430
BAITC-Hacks/hack-a6d204dd-agentforge,1229213a8d3f1bbff5779d16dd93734b23abe511
BAITC-Hacks/hack-a6d47084-tishab,ab3393e66efa1392a4e60d26290dd3637156cfc6
BAITC-Hacks/hack-a6e71c38-ashyqaspan,e837c5e518196419f8a1a3ed92d73ef141649b66
BAITC-Hacks/hack-a6f880bb-ali,1a43dc7e566e03c279208be68ff6ca27b76faff9
BAITC-Hacks/hack-a716d39d-builoff,1cbc23195ca312c4acd3bebfdc70fcb9063ad8f6
BAITC-Hacks/hack-a74009f8-zaharcsharp,a17a1ab36cc775baf0b49e3d974345c59604c159
BAITC-Hacks/hack-a7700864-nexa,26d8bb74700669441e2669f7c45a4d7713e0bbd1
BAITC-Hacks/hack-a791087a-winx,4fab67638cd0b3a581d74e161fc26a173b514956
BAITC-Hacks/hack-a7918091-altynbek199,1ac7bb3b338805e21c661e4b7aa3408fe33bad6d
BAITC-Hacks/hack-a79b5cd8-maykllll088-star,2d178675382f66d5a55bf22f75ff5b685f0a6675
BAITC-Hacks/hack-a7a60119-ctrl-she,53fe735bff6ff6d49efd244ae8064bf26fa37e62
BAITC-Hacks/hack-a7b54c39-gaba,bf539197a5532c7efe3371b9eacfe4a57dc6b3a8
BAITC-Hacks/hack-a7bd558b-vvs,d5f7a881df1d86938bdbf8ff30440d474c657bb6
BAITC-Hacks/hack-a7c0158c-mba-team,2149e9abff952389f898a298bd80d0caceb09ddd
BAITC-Hacks/hack-a7c30eea-gestspeak,073cf38b18f1db28391057325e032737d7483b5e
BAITC-Hacks/hack-a7cf2003-caretech,7b1e5f00fc18d916c10b12532b299dbb8a934f62
BAITC-Hacks/hack-a7deda0f-brilliants,be5734907a3bebd1d2fb7b9606b11bcf6961886b
BAITC-Hacks/hack-a7e5188a-gotech,0694461d026dcfa8f337681955511957870f4b45
BAITC-Hacks/hack-a7ea453a-taymas-solutions,3e6c66b52b79ef28b5fe5b58a04286f64c536858
BAITC-Hacks/hack-a7f18a38-team,6e2621839d69331a652081c5b5e32771a18dda70
BAITC-Hacks/hack-a8324dfc-agro-pulse,5e3063476baea0901507324879054d27f49412c4
BAITC-Hacks/hack-a833f4c8-asya,ff493c917da2dd5097b2452c65564acc540815cd
BAITC-Hacks/hack-a83e1c43-sauron,f1d527ea4dfdebc4e673941e482a98bc6d422bf9
BAITC-Hacks/hack-a83f388b-anyrange,b98bd2ee40d153dc6b8431ce67369929a7f657bf
BAITC-Hacks/hack-a84df00d-11zhansaya07-prog,2a80f848d3c8958a123f14dcd24e261e8dee32ae
BAITC-Hacks/hack-a84ed19f-zhakansadykov,3a06c11ac9d8e4959477c5d1abf876503bf7fd82
BAITC-Hacks/hack-a84ff6d0-hubtech,905a9f6cc3f706d003205b85e4a6a36fe599a4ca
BAITC-Hacks/hack-a859baeb-tripple-a,ee8fa28f3617bd7750c1cf4b65e49c1c757ba8c9
BAITC-Hacks/hack-a8706617-ww-cs2614,1552fe0e1f2e8081440f602767525776e3c06fcf
BAITC-Hacks/hack-a87f6a2b-nextmind,bdd2a739e31efa624c21e20f7e61d042a9095996
BAITC-Hacks/hack-a885de41-magus24,a5368561f194d6406dccf726b0a1d88fa8fe29bc
BAITC-Hacks/hack-a8c2a0f3-healthy,fddcb83f346e460495c318ea0e839ed6f118f05b
BAITC-Hacks/hack-a8ecb9ad-breakloop-ai,e6bfc8018d484d051a5df7d7dcd75d0fb4a8a548
BAITC-Hacks/hack-a9079fb6-team,10b22c6c44d54daae8af2c89071fdf9c55f8d65b
BAITC-Hacks/hack-a917a1bd-ai-geniuses,2b96d9619f8eead9a315396e0ca1ed40c3ce1d48
BAITC-Hacks/hack-a935f8e0-mine,3b7c6a8a331c06ba3e7f62bc49b16f31de5b13e3
BAITC-Hacks/hack-a94a3432-the-boys,a75cd1047d9cbac6a197871e21361cd379acb54a
BAITC-Hacks/hack-a9622ebb-e2e-team-x,c87b11125ccc24354cd12c45d46258097bbe1447
BAITC-Hacks/hack-a97f6ff9-tikhaya-sosna,d73f821da210d7d8f92d0fd9476ea4583b8ab50b
BAITC-Hacks/hack-a9974c1e-coderqudratov,5c1a3f581858d0efeeef4f343a99b3d2e24d7407
BAITC-Hacks/hack-a99d930e-super,2ab5e9d46d385af1534ca53a9cd350257e41a7b7
BAITC-Hacks/hack-a9a8fe10-workaholics,4c2a64411788203962706735e371c14ce87e33c4
BAITC-Hacks/hack-a9b3d5f8-commanda,773394039c5039775b854be605d6955c41c92670
BAITC-Hacks/hack-a9b89359-team,717202c1a3d8e5a23fbbd4381132cbd72524b774
BAITC-Hacks/hack-a9cf6769-polwokerandpolwoker,41934c894869df5715410d43262a980b67a7570d
BAITC-Hacks/hack-a9db1b13-chachmechanics,07577177ef45d883bd393f8ccbe8ad0e1eaea7b6
BAITC-Hacks/hack-a9dda21c-axiom,78354dda5a6c138a77fa7cbf15d48ef692edd2ac
BAITC-Hacks/hack-a9de8c02-i-oeng,7d6eee46ec0505e2cc6c833dfbeb89a21d84ba4c
BAITC-Hacks/hack-a9f07f46-mivron,9789882433ce87cd37afcf5e9d1ba5cbf79e941a
BAITC-Hacks/hack-a9f1dffe-kalymbekali2006-sudo,5658aa706ef80b87fd14c3b127da06d6e7389ac0
BAITC-Hacks/hack-aa01ca3b-xyz,2f44eed8517fdc07e9bf149a2f37fc67a98be940
BAITC-Hacks/hack-aa1c5b09-team,de252c4add7cf3cef3f15c9daad1c4df26ad2057
BAITC-Hacks/hack-aa2f5347-verify,c0d68a5d237d43e29dde284db20fd683c37078b3
BAITC-Hacks/hack-aa5ef994-qadam-code,adf0b2d2495924fef460e9d91d65c7d5807cd34f
BAITC-Hacks/hack-aa6e858d-aruzhan-hub,0451c152c6c9584f813651c0563d488a8aad6550
BAITC-Hacks/hack-aa7030aa-temirkhansmagulov,4f63c5f9170525b318e268eaf2bfefc6332c6b03
BAITC-Hacks/hack-aa7e8423-grimstack,18a48b9dfeb76f13e60b66ea1e5a286f79c5d26b
BAITC-Hacks/hack-aa7f4da9-bars,541fa941a312eaf584a7f0b1976e03fe5d937f5e
BAITC-Hacks/hack-aa81a7d5-dark-and-darker,cabd99c891ece1570bf1b7a2ecc180a028184384
BAITC-Hacks/hack-aa88eec9-irtida,3965107776047232289a5ee70f4b2971f0e7ab5e
BAITC-Hacks/hack-aa95209c-negus,f28e0cc83430de19417e38901ae275228d0da644
BAITC-Hacks/hack-aa972e98-regulardude333,82912077c2cf11ebb4f7eea2255b10346a0aeec3
BAITC-Hacks/hack-aa98a639-l,533e65e8c0598c6ff53599414fb74f52b2cd3dcb
BAITC-Hacks/hack-aac97b57-qarapaiym,fb23bcdb213c91258c767ff10831f2c36f10ea23
BAITC-Hacks/hack-aacc0a05-dastan,69d80793b159fe7f4fe352027ae544e9968b480d
BAITC-Hacks/hack-aacd77d9-nurlybekkuly,adca6b009a463b2a116f323bce9a2f75b5073207
BAITC-Hacks/hack-aacf0396-tuttyrulsss,d5d5b9493d170f2264becd4b65a6973f938a319a
BAITC-Hacks/hack-aadb527a-nextgen,e548132064bd3744c748cb1deb04a2d9e165d700
BAITC-Hacks/hack-ab205c76-any0ka,743901b8d6acf40f76f2e08798879607bdde3258
BAITC-Hacks/hack-ab245a68-ulzan018-astana,2b1c350e60613e525db02cee307c3183155b8868
BAITC-Hacks/hack-ab3cdd19-nuravi,b8b7d31608f0d6ae466a6760a61e3c08ba725911
BAITC-Hacks/hack-ab5a0ff5-ai-ustaz,f2641afb8110033785f477fa2a934010ce3b1fe9
BAITC-Hacks/hack-ab6cd785-nurbakytduysenbek-web,c1ab2ca969f614e9b253be57c7131326c957ff58
BAITC-Hacks/hack-ab8ad01c-kaizen,febb8160fa72187ccd0311daeb37cd417b673c69
BAITC-Hacks/hack-ab8e45b1-exeqtion,3ba39650cedf0af0a959dc377bff6a733f29cf52
BAITC-Hacks/hack-ab92e8e7-nexora,137e246701697fb72f03594969f92e02cb3469c9
BAITC-Hacks/hack-ab96657e-qyz,9acecfc1d42967947303b6cadccce212b90b2e82
BAITC-Hacks/hack-abb4404d-jess-ai,53bf20b5a27a2e18b0a6b8c846b0d3a7c3bc7b62
BAITC-Hacks/hack-abd7d21b-rgnnm,adc18e1ec0fb35ec01dc4c60b07d57e58a15e954
BAITC-Hacks/hack-abe20389-bexultanov11,435aa39d7e0de2a93a8dbc26a62270850dd565d7
BAITC-Hacks/hack-abf04758-kadysmuktaruly,eddccc666d67eb98f05ad807d9e6566fb6fef8c9
BAITC-Hacks/hack-abf23482-kosta-team,6f7133c612d15eb243f148a70c889bd7ad729920
BAITC-Hacks/hack-ac049c5a-ieruss,acbe6e00f87c85b4781015e60b88f456b3c85e2a
BAITC-Hacks/hack-ac0559e0-narimanabylkhaev98-alt,a098d83ff3c4ee4d96f9c127cc83e2fc6ff01b99
BAITC-Hacks/hack-ac07b82a-calvados,2af5667cac912342986f901825526ec241025704
BAITC-Hacks/hack-ac639515-madina001,dac6cff735c6a509fb53021f506f413f75cdea4e
BAITC-Hacks/hack-ac6c18fa-exiltans,5d54ff409141df7f258e0bd7bd751781e4f151d4
BAITC-Hacks/hack-ac786eec-nepridymali,7911e6543959395416304392e4eeed365a921149
BAITC-Hacks/hack-aca6cc11-cybervozdukhany,a3f380db88805e1ce5d4f33c7ff1c441affcfec4
BAITC-Hacks/hack-acae0008-kuskon-ai,56a4a59c6b5d650c6b5bd0b06374cb462d895d00
BAITC-Hacks/hack-acbb98e4-she,033e38dcec48c159f0b015fd85530a130267a4a8
BAITC-Hacks/hack-acda34a4-al1khnva,04b265e36764eab34614e098069a348f6b1f5254
BAITC-Hacks/hack-acdb35bd-hot-team,355c65cc074cebc80e933d69b3f83ea69e8fbb1c
BAITC-Hacks/hack-ace0e8f2-alltushha,0ee30f699e32f75986ddbcdadebe493da03b7dad
BAITC-Hacks/hack-acf2e476-kzmit,68c5a1c225b59b32b02e33c1788e808bb704f1b7
BAITC-Hacks/hack-ad0079c9-gg,3f1ad09e21a42c63035e6d7192ebdc431a8293dc
BAITC-Hacks/hack-ad15b73e-genov8,985cd8dcf58840d2fb4bbba125a97ca5c8c1140d
BAITC-Hacks/hack-ad21d560-novikovvisuals,3b0d312cd1544a8a24b42057010432e4cd588abc
BAITC-Hacks/hack-ad342fbd-kaztend,0bfb38b666ad5e9e23eea5584f31fedf434e836b
BAITC-Hacks/hack-ad52f3b7-nurrislvm,aab14b98b60b0b3d03318081d74e2d7bb08a0cc2
BAITC-Hacks/hack-ad6c810c-ebunova,c1460fdf18b1d2640f086fa1fdeb69f4a553f918
BAITC-Hacks/hack-ad72ce04-maindone,e9e6d7857feafa5a852233293b42adaf5c5b3e55
BAITC-Hacks/hack-ad72ed0a-reday,37094437bfc5563c1c4e71ee0c2ca5cb39bcb318
BAITC-Hacks/hack-ad8273ed-vlad,ef83ad79271ac8a86718c18b5c01e0f36de0010c
BAITC-Hacks/hack-ad91e510-samga-ai,df281b157c6463cd0de2b1bbb088c3b71c4453c9
BAITC-Hacks/hack-ad95268c-pozers,013fbc1d0c0d983a85023d6caabcd55fd7c1b14a
BAITC-Hacks/hack-adaa0b29-one,4ae7007ebba786816892055bb570fe4a084f5133
BAITC-Hacks/hack-adc03569-newcastle,ae0ee96fa8de800583f0758dab4e25b502cbe210
BAITC-Hacks/hack-add1ed38-gpt,21a4cd03209656f0d332ed19628a3ec527b4a126
BAITC-Hacks/hack-ade7b4e4-git-push---force,5c2848b95478ea5e63d089afbd7706c6cc172a68
BAITC-Hacks/hack-adec47f6-akkalidinara-del,69c64358a61288d54ae4458462e0e9afb7a617dc
BAITC-Hacks/hack-adfde76f-italiano,835bba3b00c625a0997f03e96cc74b8692367df9
BAITC-Hacks/hack-ae1d9d37-piorphism,104640a9d856d7c01ecb67c42471ee9dce094f30
BAITC-Hacks/hack-ae2acdd2-huntley,d9be81bc1baabf913079f345484ce889ca2303f3
BAITC-Hacks/hack-ae3f40fe-esil-university,5eb07fbd0e5daad03f4674ee54a1e59a2875fa5c
BAITC-Hacks/hack-ae61ac91-jipiti,58fd5b3d8a06075d86c5fce8074680c59c39ac3b
BAITC-Hacks/hack-ae70acd2-qazcodeai,0b77779059d6e5da178884a21bccbe09614c5f82
BAITC-Hacks/hack-ae82671f-moisey,7c4ebb86ca0d72bf40207ec4b810b2169d256b91
BAITC-Hacks/hack-ae8ef89d-dilyaliya,fd6fabc6d3a7da2be2d4ab8b0dbffc9d18afdd35
BAITC-Hacks/hack-af16d7dc-krias-rep3,b0b992028f58a0aa3c6560c290b39356dac39457
BAITC-Hacks/hack-af32ac79-three-js,1b4cd82d9d192f9236b9ef22e7f3ec8f0bac0a52
BAITC-Hacks/hack-af47b219-ymy,ab6f11bb40f1e8043d92f8242b7ddad94f078418
BAITC-Hacks/hack-af5365c8-sembystrov,0642bc77908a37a1adc3d0df0eb1ee471a6a6360
BAITC-Hacks/hack-af5480b5-shoqantandau,1188cb9f7f770291818404be4a4d08076aa4a4c8
BAITC-Hacks/hack-af5fb7bf-tamis-lab,4687fa14949aa5916bef8bdee30350acb81a0b79
BAITC-Hacks/hack-af663e73-sejire,a3db4f8dc471d156999bb28120501572458af8ae
BAITC-Hacks/hack-af6afd4e-airbenders,382d45e99da75503e3ae4e745b331f3c66f5f177
BAITC-Hacks/hack-af74e0f8-meow-meow,5cc127f100927a63c565bda2da4908a6269204f9
BAITC-Hacks/hack-af757088-jmkhnn,fee42227d1f00227fb93bc3d8a1aa789e831e510
BAITC-Hacks/hack-af8c1cd0-ushqn-aitu,af6dd8fdf8b9b2589af1f0e43492641a6f13313a
BAITC-Hacks/hack-af91c273-arsen886,0e2cef260d1599a806612f888d10b69bd75fb33a
BAITC-Hacks/hack-afafbc3c-vectorvol,48de9b208e6e9f05f9df9e51d36d8f5d292b6935
BAITC-Hacks/hack-afb42fdd-ronans,f7197cc70b426a48380e48a6c4c35667c55e85c1
BAITC-Hacks/hack-afc57a68-soc-copilot,016917823f6c640463f6df64b9e61c878de74816
BAITC-Hacks/hack-afe8ccde-nurasiks,ef862c5b6d8510bb50db9b6908321c49ef4df207
BAITC-Hacks/hack-b003f921-she-hacks,86cd77c4d0aad534d99b593efba9d7cfe5bb03fc
BAITC-Hacks/hack-b0093e63-centras-ai-hub,36096dde4744f19fb6306a04c45651b7946c7fd6
BAITC-Hacks/hack-b016b778-sixsevens,0a340d93d80b1e7c305cb0a522c76b2288f422c8
BAITC-Hacks/hack-b03155de-qyzdar,b20683118d9b4778a6f66f3fc81c7ffe82db7e1c
BAITC-Hacks/hack-b03d52a0-ae19,d4cf0618124b49e337fd486a82e5c08f64d1f3f6
BAITC-Hacks/hack-b0449f43-myrzakhmetov-team,9ae945d21427a2dcc9a92c0f7e0a55ac207a57a4
BAITC-Hacks/hack-b044a37f-zynx,d5405286684cb55d393c5f5e3659432cda9140c6
BAITC-Hacks/hack-b04670c6-moshimoshi,13cb8aa8ae72f846891c64d0ec983f39a167e99f
BAITC-Hacks/hack-b05d8c35-yerkin505,c96dfef448a2ae2a5b0feca97b16dd936ceefbec
BAITC-Hacks/hack-b075b48b-birge-makers,c8dae9a7ad694d5098ba4637e33e77ebda361c30
BAITC-Hacks/hack-b07d1688-hd99gxwzwb-collab,5122712edadb714933198b5e33329cf284c83703
BAITC-Hacks/hack-b08614e5-unreal-kz,2e336e67c309224fcfcb83f67d50752d45d3b73e
BAITC-Hacks/hack-b09dfb23-dream-team,36bff72304ceae99fec0f5c6be5fad04f5a17dd6
BAITC-Hacks/hack-b0ab602d-team,3b677157f7bd946dc860022a255fc27674d11f23
BAITC-Hacks/hack-b0ad356d-team,2a593fbf8fa3deed3eed3d2858c2d99f5e44981d
BAITC-Hacks/hack-b0b8aa2c-team,56087b821643d169b8c367e453660e33b1a378f3
BAITC-Hacks/hack-b0bbcbb2-aistana,25d5f5ab3cb8cd313877184bf67a0d6c22b935b1
BAITC-Hacks/hack-b0c2414c-naviq,938061c58b50ff2cae751c52eb51a8591b9b6d50
BAITC-Hacks/hack-b0c928a7-404-error,5232f78ef8b20f0c464e075df5b9648a9a26273b
BAITC-Hacks/hack-b0ca7d5d-eduai02,dae4b470f18ad34bffd14c0752c432298e6e5e45
BAITC-Hacks/hack-b0e0ddb6-t-sting,584cc6bea2d29b6ee904b08bc374bde6de9c02b7
BAITC-Hacks/hack-b0f17a1f-kar1na,f2923fb399ac7c756d93cde00817a42cc102d159
BAITC-Hacks/hack-b107109c-gg,74a6388377a8dfad2201085c59536110a5833dc6
BAITC-Hacks/hack-b1111def-dariga306,198617eed67ad3d28f8fcb6b2103e91cb273e69f
BAITC-Hacks/hack-b112b722-lahmut-group,dc53ccc9afbe58e7fb5c99dee815022ff117be13
BAITC-Hacks/hack-b118e187-beyond-the-context-window,e989717a5dbe22ddbd6ec081060ac118a2d7cc5a
BAITC-Hacks/hack-b128c06c-unemdeai,543781b98376e37741551bd7cf9efd505ad72305
BAITC-Hacks/hack-b16a4da2-qarapayim,91d2b198418dd2fa491131092a1a3b7b0a624e14
BAITC-Hacks/hack-b177ad85-temka,2dad9c4b25646e7399e0b49ee8c419105e4023f3
BAITC-Hacks/hack-b179386d-adilzhanz,530825dd1118677d9e0a23f86bae1acbcb1e3494
BAITC-Hacks/hack-b188a0e4-miko06,e098a77f4e7b21ce4e4a624c2a6f0db0d4ed0866
BAITC-Hacks/hack-b18950a7-yeahgrinder,d424719712db9a91e35ead01f2321cd7b0595909
BAITC-Hacks/hack-b18c30d4-kazhydromet-ai,d7f460f81c37951fda039c66336de6ba8b16b160
BAITC-Hacks/hack-b18d812e-mcqueen,ecc5e117c48c5287c8fe4ac19d1cd12273ae79cc
BAITC-Hacks/hack-b1abb997-corsa,cff72c3d85c462172834f6425b8ba5c1c761d11a
BAITC-Hacks/hack-b1bab34d-mad-situation,7604189056868599b14d9312c12c01aa65d337ef
BAITC-Hacks/hack-b1e731ad-santaklaussus2004,5e3069fddabc836180c2f761ebf5cdbed4b8387c
BAITC-Hacks/hack-b1f95a81-newgen,a0a8e9056552e443c84ac45a6f46aa2077c32107
BAITC-Hacks/hack-b2008944-hackmac,cf36b04400b289812ddef9b532b1b56d53775788
BAITC-Hacks/hack-b2098201-rinatt-12,acf7b0cde47e17c89d812415f33eb93a842513ad
BAITC-Hacks/hack-b20f92e0-solo-founders,765298c7f5021fd3caa40bddca953a77d774db24
BAITC-Hacks/hack-b21ba47d-ezbee,7ac3ad1313462c93877a4ae577c490b86babd977
BAITC-Hacks/hack-b2375297-adlesus,1b7061cf0c7e22ace5c37451c963e8f5ee6b28d6
BAITC-Hacks/hack-b2386ef0-nomads-way,3ecdce6dce04393bf18b02ae72098a1326f73291
BAITC-Hacks/hack-b2505c12-sanalab,cb193aaad5e440300b5563112a7307c4b160854c
BAITC-Hacks/hack-b25dd94a-tmmanss,46c28bf547671fca4549affbe72cbab57b116cfa
BAITC-Hacks/hack-b269965b-talkit-team,850c5f764a39fa0da97ae21bc2bf09f87fdb1dc1
BAITC-Hacks/hack-b2e7006f-meynya-craft,57b9326982ccf5d58cedb8538652f9c1831a1001
BAITC-Hacks/hack-b2e81ed2-hardliner,247a71916d5b9b3edb71ae6fbb0d0fc25d62c83e
BAITC-Hacks/hack-b2f1f90d-di5a3,bc3937a0c23e11487c713608cf5ac4205035a81e
BAITC-Hacks/hack-b30ef123-ara-solution,3258e947e1943b463a6ff7983ace70f126859a83
BAITC-Hacks/hack-b311cc37-elyana,26d9c76533d17451c1f2942ac6e9a49d06b3c1db
BAITC-Hacks/hack-b317d792-alinur,8bec1d9a02fcfdde48663596ad5027c5eab42828
BAITC-Hacks/hack-b32c5ad1-ascension,7cae60d7dec0b31557bb0b192fe9238e320b1cef
BAITC-Hacks/hack-b33d55f2-team,ace470190bb1be36a2f0a0d23c83c2b242564e6a
BAITC-Hacks/hack-b33ebff3-upside-down,6c38f5e26672cdad74fe06cd58231cf764f98b57
BAITC-Hacks/hack-b37b4375-team-42,8d88478943efef76ef8da71b79b8b07ea0e5be7b
BAITC-Hacks/hack-b3a0d08e-ayaulymshinbori,6f1eb3d8fbcb1d9c4e287f56abf07f7d3982c608
BAITC-Hacks/hack-b3a8f463-kussainovansar,ce49325b6a54679313edd092125fc98200eee4b7
BAITC-Hacks/hack-b3c05e07-nenurym,7371b9503b62d6ef19853e598c0119548a0b81f9
BAITC-Hacks/hack-b3d0cbac-kahhar,3998499e8460b254ae53270bf16b7cdd21c60404
BAITC-Hacks/hack-b3d7d145-shugylaa7,4c6322a40c20c7e40c49387f98e457ea9fe5a5a1
BAITC-Hacks/hack-b3df91ab-karakat-web,97c99c965e7ad63fecce80716f83d9f6d0b33223
BAITC-Hacks/hack-b3e03cf1-maxskrilov,c6a8dc1227748bfc4ec3101df59cb0b10495d0dc
BAITC-Hacks/hack-b415fcdb-ddos-team,10cb2c63117be51c870d5057ea9a6f90ef8ec5c3
BAITC-Hacks/hack-b41c7c71-triorio-aisaasb2b,446058c432088b57aa2d2c635e8923e19dcd62bd
BAITC-Hacks/hack-b4232f20-smart-flow,d0ca739a8236d4d0fe82894102c6b6b2f805e9f4
BAITC-Hacks/hack-b4329003-six-seven,8293690a72cd213f72e040fa2c86dcb8aa7f1379
BAITC-Hacks/hack-b43a1f2a-nabi-ai,8a4c89279e501aeb2b89ff4ed67f156171714873
BAITC-Hacks/hack-b448281f-whynot,df1371967a02ec4b2339f4df0db5bf56030ca826
BAITC-Hacks/hack-b45f89b0-p1ntrm,f8f063b7ecd302c1731f750305793a3296708027
BAITC-Hacks/hack-b484fc84-edo,d11453335fb05bb41d204832cb3cbb7e17d21493
BAITC-Hacks/hack-b499a4dd-asersaai,202e4b6f1440c97ebe735cb06fc973571339d912
BAITC-Hacks/hack-b4a4529e-synergy,54fdc374ca57506926cfb5433a50e3f418c382fd
BAITC-Hacks/hack-b4bdd8f8-furyhub,25ea68a08b985e5f02130fa11646ff98a75d6277
BAITC-Hacks/hack-b4c67486-nuras,bdb8eecb407e441cd35fe46eec1f47d003ef2766
BAITC-Hacks/hack-b4dd37ff-apollon,a54e1417262b4c5a3c00ec443b8e030fa8d56a17
BAITC-Hacks/hack-b4eba7e5-team,f7179d39d891a2c9a8c4d4dca559339184d66813
BAITC-Hacks/hack-b520e7d2-dj,67446529d07ac1ab30f46a2251be4eb9803e20f5
BAITC-Hacks/hack-b52316ac-djem,09ae3bb3b98d59c0e4461fb31bb77a5743c8eb5f
BAITC-Hacks/hack-b530f26e-bakhyttuly,03c1b2e1ce42ee52fbdb4fd519d223a5dbda4f61
BAITC-Hacks/hack-b53220ee-qbers,905eb5bbec9e58199098b19b382a5cb6b4f09f8a
BAITC-Hacks/hack-b5607b19-test22,ee0ea7c6f915525c6a9be487def19efdce4767f8
BAITC-Hacks/hack-b57c7f12-firstplace,797dba09ada4564cc794d6bb601c4e90f2da8c62
BAITC-Hacks/hack-b57fd302-beex,35fe88d97b6cf046a251f78184fb063487f3f413
BAITC-Hacks/hack-b58dbbaf-ai-b2b-saas,877c0e3f2c434c6e475b363ab46c92e44c4dcae7
BAITC-Hacks/hack-b5a370cf-onix,c51d1571dde047a256305b5fa64aef00c1e5b3b6
BAITC-Hacks/hack-b5a7e1a2-cyber-duo,f65e9b0fe266922315ee439528f4a4a24383f991
BAITC-Hacks/hack-b5cf38a5-abzhurd,95445bfdf0e4c565666caee8c2881e8f7382c7ab
BAITC-Hacks/hack-b5ddbca7-tryingfish,4cb767002f8a2bf583fa95d322488eed26a55e1c
BAITC-Hacks/hack-b5e81a48-affosya,3b9e18e86a30b3abe5352f5d11b0046807bbe364
BAITC-Hacks/hack-b5f0d3b5-team,8ad4506bc363355b306d321629926ad855407e87
BAITC-Hacks/hack-b5f2d710-lowtap,cf21af2707c9366dfcb73e565482876019a9e2c4
BAITC-Hacks/hack-b5f53b1b-triyul22,22772e35cb864e94e0f41df1c8d8808b334c7980
BAITC-Hacks/hack-b6172601-kairos,ea2da91376adbd2c01e8cdf282fc6af1b42f7a74
BAITC-Hacks/hack-b619e398-team,749042470ccbf0da7d8e1b903c0a8fdacc7e167b
BAITC-Hacks/hack-b63652cd-g4ymers,52f6a2fb5a180ae85890e299eaf79f4d499ccc66
BAITC-Hacks/hack-b644a788-anel05,7f7c89b28acc019ab2af9ca769ad0dfabcf996a1
BAITC-Hacks/hack-b648c353-protocol,4f01d88739c375b25a4aa08da9485b1848530648
BAITC-Hacks/hack-b67fa3a3-sarv1n0zrr,030b86d0c9d73ac63ce122987c247ed36d54b3c3
BAITC-Hacks/hack-b68bc0db-ai-qaitu,904cf1fc63d1d5ab61e679aa8f80a55d51487612
BAITC-Hacks/hack-b696dcd7-team,62b1ff604c19a291d7644cd489b37b866975e0b4
BAITC-Hacks/hack-b6b866a5-ksv-ai-team,b1ac3910d34bc1de3b155757cfd7f52e6392ff6d
BAITC-Hacks/hack-b6e2b780-plusvibe,bb07a3f3a755b5ed60076fa25aba68782c828b4c
BAITC-Hacks/hack-b6e61115-memory-munchers,954ab41018c55169eead9d2b068cbf6dad8e7f7e
BAITC-Hacks/hack-b6edf09d-play4bow,df6b3d9eb11e6f67afbdde5c64841f0a7109944e
BAITC-Hacks/hack-b6fb461d-apex-ai,7319ce0cdd3789ebfcd7477243ec45d1dd96a749
BAITC-Hacks/hack-b70aa203-shmaloogles,6549a63f324de9cf19802d915a56a684db17e249
BAITC-Hacks/hack-b71157a7-gambitgum-dev,c092e3b1cdcc08c28a21e86d2d439c37d1adc515
BAITC-Hacks/hack-b713e501-team,d16e7c2e2dc6fd10e2668887b6bcad540244f3f7
BAITC-Hacks/hack-b72d99e5-iamnuraika37-dotcom,550c2c5d9595ee9c4f52148e6ef3a6f694eb46b4
BAITC-Hacks/hack-b734fee1-zhasik1,96496ce0316ad45ad40c756e90aaae1c9d158c12
BAITC-Hacks/hack-b74f07c1-aqwater-ai,55d858f767bf380432801da6108bcfe6ada23f4f
BAITC-Hacks/hack-b75494e7-team,28e84b64a3ee14728c417fa2f8fbd86711235107
BAITC-Hacks/hack-b795cb99-align,e9d6dcc0d0750585957685afe0f0842eb5800144
BAITC-Hacks/hack-b7983a37-spark-team,649592adcff7b37527dac08e2eb9e1bfb6aac0c3
BAITC-Hacks/hack-b7a04bbf-zhastyq,501f74c4237878a0776208ccca67d3b81486b057
BAITC-Hacks/hack-b7a3a007-muhammadqosimov,fe00a2e1558c831549e5646a23a8ed530ffa1211
BAITC-Hacks/hack-b7cf984b-dzatee,45fd278b1b170641e822418560d9227b00a1b9b0
BAITC-Hacks/hack-b7dd4552-noidea,a8f217ae1071d2085259759a688c4f866b15233a
BAITC-Hacks/hack-b7e7ce19-armannnnn,6574d9eb1572d11610f14a399deef011e294c16d
BAITC-Hacks/hack-b7e991bb-ordanio,12b67c0f125542b0d88e14757627b863ebe90d19
BAITC-Hacks/hack-b8002690-kzdvd,74579761942259b2237a26fb3fc31b3dff544697
BAITC-Hacks/hack-b802c566-amanat,86b72fc6ccc5c952dd3b6cfd53aed1f1ce830d63
BAITC-Hacks/hack-b81bc85d-diayaz,1902afaedc405f5ecf08afa26f06bf354cbb35e0
BAITC-Hacks/hack-b82be095-adil67zoro,116041c4ed3599d7a574e7a35dd74a4cd3ee79a2
BAITC-Hacks/hack-b82ccf3d-aizak,588764b367677f65d9319154493c4346ac72c9b7
BAITC-Hacks/hack-b84ccaa9-rayon-gosuslug,c0346cb86256a06a531e99eeaec8d23ed73b386f
BAITC-Hacks/hack-b8563600-atu-techforce,ad8f7bc6dfff8ca941eddc1d25e321ba813b1c81
BAITC-Hacks/hack-b85732c8-baizhanrakhimbek-code,95c05a7717d83699d08e30872e6484e1c98b8a82
BAITC-Hacks/hack-b877caed-asylkenei,d108e5027ea4a2993260e1fdd0d413bb1d4c3921
BAITC-Hacks/hack-b884deee-qarqyn,8e26bf74a522921c3cba6664e1d36cc555d2d4c2
BAITC-Hacks/hack-b89d792c-mitwork-ai,070c360f86c64f148f5c1a5750ac5a01b4c289ef
BAITC-Hacks/hack-b8c1fce4-hanshalkar665-oss,e30b602df9c68bb09263ae2700178b61b06932be
BAITC-Hacks/hack-b8e30756-arc,beffcc15d8458234ed75f9f73b7d1958cbfe8447
BAITC-Hacks/hack-b8feb517-kairoshh,23ed7f9f0898f51546774e11f03909e607d8b6c1
BAITC-Hacks/hack-b911ba03-flow,d2d755350eeeefffd7a9e2f692bdf7b98b93fae0
BAITC-Hacks/hack-b91ed6e6-zeroclick,a2c304181e803d9881070fb1f1956f4646724810
BAITC-Hacks/hack-b94e8772-ayazhan17012007,3a11d2b04780424b789020aaea9ea18509e9eca4
BAITC-Hacks/hack-b956f5ef-aqqala,8d57e75879e572edbc02d935d35b4c6f4db1a1c6
BAITC-Hacks/hack-b962e974-nurrss,a93fc487f22149fb4425fe6207fd336395ecad1b
BAITC-Hacks/hack-b96acd5d-rubyjane3,120bace41f02d0a565255aa2b5c4e105479b9cb5
BAITC-Hacks/hack-b98a3ea5-team-spirit,cf44afa694ddf256ece20029a9e52edbfd4c05e3
BAITC-Hacks/hack-b99ff352-claude-code-warriors,8e79f250d5c751828722c0bb74e342b3adca1a3c
BAITC-Hacks/hack-b9b0809e-logic3,626739ef14d21553bcf8c13f277e641093df7d6e
BAITC-Hacks/hack-b9b1afc4-a-atpv,eadb5a1f073146259dcb33c28ee97b19a0016264
BAITC-Hacks/hack-b9ec458c-27,014ffca043a8bca242a8b2f15fedc8c47c171f94
BAITC-Hacks/hack-b9ed0f02-nurik,b65aa1ea30a71b84c8ec778a264060550e1feb54
BAITC-Hacks/hack-b9f22b0e-id,473b777567fd47fa1cc6d6cbc94928f4ed1aea46
BAITC-Hacks/hack-ba023186-lexreel-ai,3bf7e1395a36bfe39fadef180486b69dc2493841
BAITC-Hacks/hack-ba23b326-talgatsagatov,44bcfe37b1d1ce9fa1190fe38f7ac57ceb4f6c88
BAITC-Hacks/hack-ba542f3e-akhadtemir2,eb803ae91d6ee863c9ed28996ea7ca734610c182
BAITC-Hacks/hack-ba55b7af-coronafly,046be72663899bb5a651371d174bdbee73fccf10
BAITC-Hacks/hack-ba77eedd-aliskander,68df6aef8f74336fadff476355613a50b1b47a74
BAITC-Hacks/hack-ba83f52d-camelot,4446ac1ab5cf8b65f032d846aa29219e96d2bbd2
BAITC-Hacks/hack-ba95b6b1-neurotriage,4a79facb510a077184b6e5abdeed0f76c73ebb49
BAITC-Hacks/hack-ba9dc1f1-verity,3b75fdbd5f56fbb62c6b3c3aa6def810530ecfd8
BAITC-Hacks/hack-baa23f84-ffaika,58374d504ca06cdc6879bc05390c2cbce4ec45ec
BAITC-Hacks/hack-baa3c5c5-september,d6c1cfa175770d99b4c58c22c12977dcc45c5412
BAITC-Hacks/hack-baba2015-sis,2099108a2861dff7bdbae8d687453bc11d0c851a
BAITC-Hacks/hack-bacd3af2-sync,e1807745ff6c570de7cc2b7b544c7f01d90aa2a7
BAITC-Hacks/hack-baec897e-uniflow-ai,96a2f165edf03ae3ac7b3e98834ccd66645ecb4b
BAITC-Hacks/hack-baf2c744-e2e-team-1783661954,e00ac6db51c61c4b7fb49e5d71557ab94815001f
BAITC-Hacks/hack-bafdfa1a-altyncartoon,8bdf4fe4571ee4695b17efa9df35492a57b57fd5
BAITC-Hacks/hack-bb09aaa3-simplex,588b0ee8bc55ea42944a76f153cb191911eaead3
BAITC-Hacks/hack-bb4227ff-ai-group,f64288bf086660c823964fa29e19b63328f32790
BAITC-Hacks/hack-bb4877cb-eew33,29662ef9993af60b188ef084ffeb49510406bcc1
BAITC-Hacks/hack-bb5b24ce-sayatsandibek,0fb45a0b69df3552ece622c856c991967dc03ac4
BAITC-Hacks/hack-bb79346f-yerassyl-sailaubay,4f4d3da1eb07f4e6e6f1e026debf3b6841b51b57
BAITC-Hacks/hack-bba62eee-tigry-s-astany,b457d16a6d5555e98c8d398cd65143fb29dbd293
BAITC-Hacks/hack-bbd783d1-fortnite-balls,686898941285609bd24da9d7da52cad1923dbc73
BAITC-Hacks/hack-bbe5b1ee-build-design,5900e89d7a663d03b3fbbf3e918ebe8d2c5f0549
BAITC-Hacks/hack-bbec61c1-glupai,62ee4d713c414c65a2de825f20396f485babae34
BAITC-Hacks/hack-bbfda7b2-goskz,e2f647716eb15cd8e6523c2deb947cc094faf963
BAITC-Hacks/hack-bc114537-azomye,ce5d8e9c22eca851c82c37216dc1002389925227
BAITC-Hacks/hack-bc128bc1-nurik-2,2652ae9fc952a287c72809dbc0231243c91e4bad
BAITC-Hacks/hack-bc3b7c7d-ai-uom,c71cb67b6556d8525a9aa12c825c6468f1817963
BAITC-Hacks/hack-bc47ad7c-testcc,faa1568843448df0bf22800c6b8f067933f4345d
BAITC-Hacks/hack-bc4f8eee-tengri-ai,041cf6a602794cad9efeab21026f49ae48b41b6e
BAITC-Hacks/hack-bc59238c-aba,b7d432da68741625ab855a1a81940062c295a8e9
BAITC-Hacks/hack-bc71fe55-bauirjan005,631a9d5a204524e025227032ff77afa3352ffd75
BAITC-Hacks/hack-bc7d7fae-team,2daa3427f6795cf497b43b4660f8580ab85f4e6e
BAITC-Hacks/hack-bc9ad702-it-solution,da9317c54a3d88c2f7d67e8520cff598f5c5c57f
BAITC-Hacks/hack-bcc2386c-toilab,2ca8f96aa5b5367b35aa1c9586a62f2e6d77fddd
BAITC-Hacks/hack-bcc7faa8-evgeniy-kharchenko,50505031f5f14224baaf27af8ca9e22446bdf61f
BAITC-Hacks/hack-bcd2c6ea-bewin-btw,6589dda1a8803f6895577098360f7be4609f1e31
BAITC-Hacks/hack-bcd64953-firstplace,3a33b9bb66a84efd72a46feab193fabf3f42d4fb
BAITC-Hacks/hack-bce46a81-eraitech,5e4a5e1339e3ee19c54afca276e584b91723873a
BAITC-Hacks/hack-bd14ad0b-solution-nay,d9b4c42defb4f9d64035b5c0a708c7cc27e74331
BAITC-Hacks/hack-bd275ced-storm-aslanbek,4d128077b85b6b4745567d730a6d011c59e07415
BAITC-Hacks/hack-bd3897c7-tau-ai,20ead354ff3336af9aae73832323a9ef1985599a
BAITC-Hacks/hack-bd38d477-devour,c1cbfe0b56a435517ebae1ad288b036110fa3462
BAITC-Hacks/hack-bd6be362-moriarty,fce73d0defb0577917a8de0ecacb49850102d112
BAITC-Hacks/hack-bd79ecef-flamemeister,5de97df6de2fcdbd022ecdb16b5c76f628846cb7
BAITC-Hacks/hack-bd80e77f-light,0461362ebf2b14d7b9c33e6d680355834d2206f3
BAITC-Hacks/hack-bd89ee8c-kam1iel,eb999fe08a507db30e97c9ba1635e3d4539b9fbf
BAITC-Hacks/hack-bd978c5b-elegant,91447222c48f7f5b8462229819cc6f4711b4a1db
BAITC-Hacks/hack-bd9e808f-hamo,af658e2292cbc936ae87c02a4424a3209c9b6a79
BAITC-Hacks/hack-bda1ac65-rauan,d8f50dac6a0e9a98abe36f12992709dc9ac3978a
BAITC-Hacks/hack-bdc1bfee-qonimai,4e691d07b00536d9156b9ed54a8adb77989a59c6
BAITC-Hacks/hack-bddc5bdc-rasul1028,bb13e35161e46065f1bdfac10f25f3f3d67c96d0
BAITC-Hacks/hack-bdffe61d-exit-1,d89a32e6710534019017bd5ccd635176e0a75454
BAITC-Hacks/hack-be10e779-ku-group,a03cf71feffa8dbc335c6bc10903a5fdcecbd13c
BAITC-Hacks/hack-be19401f-airun,ce61a2aeca7f96ae0990e25ec9293454a959c958
BAITC-Hacks/hack-be21216c-mukhtarovakymbat,5cda7c3cb059b996aa58a25f9c672f22bc16b6b6
BAITC-Hacks/hack-be2276aa-anhalt-volta,c460938d154bc574e73d28c44c9449cd15fcf84f
BAITC-Hacks/hack-be4b987c-yermakhanbetovv,f78874145a850f0bf600cb716db35a21fbf93f8e
BAITC-Hacks/hack-be4c96ff-abdiraiymzhandos,9d3b7db193109524040bf1337bafb912a0d5084b
BAITC-Hacks/hack-be4e7a28-majitiliyas,69f6be3cb0d06a82c9e45b0ecc5a30a1c6225d75
BAITC-Hacks/hack-be67b5a7-raymaksot,909782041b6d513e800b79964e0a23a89ef6e114
BAITC-Hacks/hack-be767479-bypass,59daa2237e6a4c187f24bd9e40757c522af8af32
BAITC-Hacks/hack-beb0181c-powerpuff,295baaa4455eea80d3126f9d07b707fbe6b58f40
BAITC-Hacks/hack-beec91d9-null3,8e49b7362678fd513a27629c633ce8593d047fe0
BAITC-Hacks/hack-beef8343-qairat,a8c51226e158c99da6f08af5fe6876e428b25aef
BAITC-Hacks/hack-bef9c95b-zhuzi,4eb64f8fd13c27a026e803983181127d149dd2ec
BAITC-Hacks/hack-bf176827-zzz-technology,f18526e610d45c04d93ec92cb7aec382a61d5fcb
BAITC-Hacks/hack-bf767683-ran-team,5b8064e0783a984151fc59a62cfcb1a9a5b51243
BAITC-Hacks/hack-bf791639-ab-ai,39394057357bff351637519aeb229b2172d2dab7
BAITC-Hacks/hack-bf7b4d94-kanaye,afa88a274b95ddd126a59173c4caca2821164fec
BAITC-Hacks/hack-bf7b9430-grandline,5997d1a34c6535768a6f23eb09889b7e5c313cfa
BAITC-Hacks/hack-bf984c3e-ai-intel,ce7ef00f8e8f5c90fd72425f3aba52ac3dff5537
BAITC-Hacks/hack-bfb0fc74-select,6c119b0e6971aa6f5cb44349a9e260508ca94bdc
BAITC-Hacks/hack-bfb7d63d-codeai,edb06ddca8e116d8bcad9a59bdd06dc3f5b4f9db
BAITC-Hacks/hack-bfdbeaa5-seriktilek1,03cb8234d6edf8e9ee3ac490f3f9d6a4f85c01ae
BAITC-Hacks/hack-bff1d795-ontustik-jigi,c6caedf2c1a1c8cfb72070ce0232b09c1d2c5e92
BAITC-Hacks/hack-c016e17e-akhmadiamangeldi,974000ed72abd0066f01ef5325674555b06f989d
BAITC-Hacks/hack-c0173720-k-chau,d60301241d6a67863a04bd2e7ebc792485e4f818
BAITC-Hacks/hack-c0208085-nextedu,9af62746e847cce684ffbac797da0c46204c3ccb
BAITC-Hacks/hack-c022a2c4-ai-startup-67,e48d935169d38ba3cac8903ac14a730d09b6797e
BAITC-Hacks/hack-c03bcfc6-kaimak,be3bc3b3578ca1aa6062de059ee7aeca1d332870
BAITC-Hacks/hack-c044bd63-blackhole-overflow,1acfcc2eef2c163bf6f61cd39597b7b272469f77
BAITC-Hacks/hack-c04b1cb2-m-m-s,3ba5780a2f3d5fc7f205e621ef2e9d385324703c
BAITC-Hacks/hack-c05dd943-56jkf,0d0c1176d401e9dead8010ca6d30032641fb514b
BAITC-Hacks/hack-c05f1da7-yonro,8e749e094bbf888a752c205bb68517835a9c38ca
BAITC-Hacks/hack-c063abd8-team-core,52ac2bd4cde0f3ebd581966533734835c9284fbe
BAITC-Hacks/hack-c06c5055-n50068205-droid,12124d29c7585cfe00c102a9e19ab9c8fa68aba7
BAITC-Hacks/hack-c0798fe3-nazzz,82ddc360952917cd840bb39225b0b2faf7ac602d
BAITC-Hacks/hack-c09433ab-logicx,0931d9c7ee28fc97f3cd50b810427d11982de3ee
BAITC-Hacks/hack-c09591a4-steppe,9ba7417189c390450421b4c9ca4acdf030b75e81
BAITC-Hacks/hack-c098c152-didardzh,bfbdd1187f30100e84998386d367b9a9dd2003ea
BAITC-Hacks/hack-c0998de6-ab,9321ce899cf2b578863ea7866ca47e072550be8d
BAITC-Hacks/hack-c0c67068-qwertys,3e6da45e0c5b3447de44418e7b4c37014ffaad51
BAITC-Hacks/hack-c0f8eade-antennas,ae21ba615c569699daa132cab9c0d34cc350981b
BAITC-Hacks/hack-c111d790-daa,ef6ebd115609245a58182e03217bbbd753dd754e
BAITC-Hacks/hack-c112ec9c-zhasulan,2e35c614aa2e95b2f602b9c5925c7dd0bef2d124
BAITC-Hacks/hack-c119ee0f-baiterekai,b5b49edb91f0003fbff12647ed9880791143cdc4
BAITC-Hacks/hack-c130b5eb-aidostar,cf592b16325081e3c18be15946812fdaf9330021
BAITC-Hacks/hack-c1355568-steppe-digital,8a86dd6df6340000681e08a542753b44a930bd80
BAITC-Hacks/hack-c13a15b3-arda,2d64bd76d8019a0322cde3711393fa1a77958e2c
BAITC-Hacks/hack-c1425383-stupids,5dee4f8025dbafc429fbabdc5ea9469772040484
BAITC-Hacks/hack-c1535a6c-qadam-tech,b4b8f32b16c762fc5bc7d23a70395174488d8d42
BAITC-Hacks/hack-c15cf3d4-aaaf,9d1d4e8e775f8cf0688c2fdf16cce04f5c3e2dda
BAITC-Hacks/hack-c16ebed6-vladislav-pavlikov,44f489a93118410ad3803d3a4dfa0e2b3fac6024
BAITC-Hacks/hack-c18b6255-konstantin,1d3b4834f782c34cd339a258f3c868310cd3e5e1
BAITC-Hacks/hack-c1b73219-namingook,1f8df130b0e03f5b60f5d81793a920f7f0af5a72
BAITC-Hacks/hack-c1c48f6d-impact,7d213d2facc60331c00f06492341d7104d1c2a42
BAITC-Hacks/hack-c1d91e20-bsmlh,be0060119b5b17130a76c9ca1449374624da19d5
BAITC-Hacks/hack-c1d95a16-office,b94ba0d820256847b79aba64fb2083ddcd295e63
BAITC-Hacks/hack-c1eb12a4-vasya,5ca56f42d7d42cc3a6a8e8eabdca9edb1d2513a7
BAITC-Hacks/hack-c228357a-bruteforce,457363752687f279985863f1b2b9d9e623b8a425
BAITC-Hacks/hack-c24a4845-rio,1efc9c7f17713382a6d722a5903109b55f917bb1
BAITC-Hacks/hack-c2640034-ilias,2301f3c8458a597365bda0e9bcdb206383740e4e
BAITC-Hacks/hack-c26997ee-raki,ab41c78ad3a50a5f7d489c17edb1a0b8f4031e1c
BAITC-Hacks/hack-c273b2c0-adrenol1ne,c168fecc72361b0821e41b9a1388e79ae7faa87c
BAITC-Hacks/hack-c2791168-samal,962e2185768e084e8609c8c772a0709380c3f1d7
BAITC-Hacks/hack-c27ef8b2-ai-solution,261fe80a76e47d17e52064a12840014b5e0a7fec
BAITC-Hacks/hack-c28b80e3-msn-b,ca099edcdc6e73e772f4f05692aad26801e1c652
BAITC-Hacks/hack-c2a931d4-hackyou,24584e508a7e8fce35d459eb12c9c61d9c0d57ca
BAITC-Hacks/hack-c2bfc121-baxa2367,fc29b5cf5c98d78302f358b66e62ff8f96428686
BAITC-Hacks/hack-c2c42fb5-new-era,8ded5caea783d7185fcd6830350bce8dce5df53b
BAITC-Hacks/hack-c2cd0cc5-prime,c34abc403e6fff13502c05734d4690fd41ea4b85
BAITC-Hacks/hack-c2ceab5b-tryact,c22c7918bb0d1e50fe9236492e450921b33ab823
BAITC-Hacks/hack-c2d2b099-koha2014,9cc352d829606ca1dffe696d5d1273b89f132ef0
BAITC-Hacks/hack-c2d604cd-tair01,5e341fc3a024ec7910ec48d94049bce2c52562b8
BAITC-Hacks/hack-c2fe126c-morfidii,379a65901b44005410db83f627e7a020bd139448
BAITC-Hacks/hack-c304ab69-chinesee,02dbe4b3c76ef15b85c6dda15004704f740988e2
BAITC-Hacks/hack-c31eb3f9-yukkennn,553235a4c58f25be0a285172fecf298930d69a0b
BAITC-Hacks/hack-c3294f16-nnn,b07e0b334e7aca15d1a4b76d58b65c45f843a1d2
BAITC-Hacks/hack-c33b608a-alex777115,8c2e3299957738b17734344398f80ddbc3065f56
BAITC-Hacks/hack-c352c6f0-fduisenbek,f0da88fcf9f61798c8335355930e9a5f23c3e510
BAITC-Hacks/hack-c35f7328-sandyq-qadam,f330826a280f7e29f414e29159457959c776d066
BAITC-Hacks/hack-c387e43c-bruteforce,cf6dc482393a3fb8a4caa37b7fec863c2ef50732
BAITC-Hacks/hack-c392aa23-devspark,5a42bc8cedabbd676fb83ad4896a545002d4d837
BAITC-Hacks/hack-c39ecb95-sigmaclub,9021bd1989fedd771236812b6fdc2b1d14ce7b3b
BAITC-Hacks/hack-c3a3d77b-sudo,7845171076c52e7221d5924524bf12d232240e0f
BAITC-Hacks/hack-c3b40f5d-tasnm,3d61c43521442ddae3e1e1b11009bf960a013e41
BAITC-Hacks/hack-c3bf1d3b-enchantix,7a10391e5c5b5c9487b9651434c5e8151ce2e5b1
BAITC-Hacks/hack-c3c4dfb6-ss,0c0bfcccc4620b6f975392658cb6c4f2dc054618
BAITC-Hacks/hack-c41412b2-unru-ai,10eb258584c0d3791e64f191e990433f9214906f
BAITC-Hacks/hack-c418bfa7-arekee,108fb273d3934d3aa134c9558ff372e6a7093112
BAITC-Hacks/hack-c41f3fa8-onlyqueen,af9266c2aae20b965ebd68f4bd1d82c66e6dcd78
BAITC-Hacks/hack-c442f812-pfs,519f2b6b59dcd11063b6dff3424b392de423cedf
BAITC-Hacks/hack-c4463702-ai-finance,adfc88a2abf4676c8f1c266ba06371ce79be639e
BAITC-Hacks/hack-c449499f-socbrain,cd2e704f376e9bc326936b3ca40f4469df0cdc26
BAITC-Hacks/hack-c44bbb01-ilovelarp,aa7ee5f0d7539c232cd5cb8946d50adf2175c477
BAITC-Hacks/hack-c4643941-sara,9d352af956029107d02a40327fbee86fe546bb1e
BAITC-Hacks/hack-c46b2aee-gtrixi,66a46c5989e61416a94e4cd8a31e2e6b6528c158
BAITC-Hacks/hack-c46fe799-m-a,b0da1766e7bf4c570b279a9b7472da03bb642be3
BAITC-Hacks/hack-c471837d-jiger,ecb5c560bfddcc14f4d43403743a6ce621cce358
BAITC-Hacks/hack-c49bf887-diko8,4eb8ea8ed842f5df961d7e7573452c937aa7e2de
BAITC-Hacks/hack-c49fe1b9-delphi,42b59f27e88cc4049bee5909843fbc800c0b18ef
BAITC-Hacks/hack-c4ae53c5-nexelle,e8d868c38bbd6c70d3d70b3a2501f2c4b2c078de
BAITC-Hacks/hack-c4d4b101-skiter,7d71d62dc75ccfb5543fc3950225ab16f4312a97
BAITC-Hacks/hack-c4dedb1a-ker1mgo,3468f411b460d4977d91fb37b5e8d66d67d17c9c
BAITC-Hacks/hack-c4e364b4-shakarim,73312eea1b577c83681b77a17c9729a69020f0b5
BAITC-Hacks/hack-c5184f38-aizerezhanbolat,849bdca0bef980f194617e7248d5c49ee3202f5e
BAITC-Hacks/hack-c51eb373-ai-health-lab,83ea2d4bf6a682f7fe4263be4aeac7fbd59b43bd
BAITC-Hacks/hack-c51f7856-hongcha,f6c40edfa26e65786247a1ade016e1ae05335a5a
BAITC-Hacks/hack-c52b7a3d-hiuaz,0d9b734727ed046e5bb815e9a42c688fb07352b2
BAITC-Hacks/hack-c52f5e57-butterfly,9666480137209222fd5e1326e10bb09dbcfa9a0e
BAITC-Hacks/hack-c54b1522-vanull,d4ef591fa2b94608b781b3f8fb087c8b5f09e081
BAITC-Hacks/hack-c5508332-selea,515c922fbc2a62e695fbf3827b4541e6200f4173
BAITC-Hacks/hack-c5702c38-testcomand,b6fba54284494eb25825209651e0e7817edac447
BAITC-Hacks/hack-c5a4e53f-domadoma,6cf6c3d521feb2dbbcfb2bbfdf8081df0d17a506
BAITC-Hacks/hack-c5a5e0b3-neurolux,040308c44c7bfe1fe2283e1f8914f45720661641
BAITC-Hacks/hack-c5aa2345-404-team-not-found,b4e2460021558d07a8541f12dc16bc83c0e90429
BAITC-Hacks/hack-c5afa7a5-davidrillions,5b2e8eb732e2fb8eb140ffadca2546118233a20e
BAITC-Hacks/hack-c5afb026-jinzhou-maker,cf2c96b01c6a6f0fcab707eb1cdfdf64742e8437
BAITC-Hacks/hack-c5b0c3de-2,a576c6c70458ca5c7a955ec37d30f1b9408a8509
BAITC-Hacks/hack-c5c0a5c7-skillup,1580452b3a3edf0b2cd5be149512ff9bd3b09018
BAITC-Hacks/hack-c5c7d80b-priamoryki,32f323e85ee46bd8ada05a85d7e9471bd16a055c
BAITC-Hacks/hack-c5d6ac0b-amanekkkk,a4477b2d968773b51f6502f32714053ad7e07b32
BAITC-Hacks/hack-c5d95581-doter,102d481f6e42bb87e0c0975f869ded79fff65254
BAITC-Hacks/hack-c5fadd10-alacrid,de7324bfc9d77121552ab5a58a9aaeb33c45ccb4
BAITC-Hacks/hack-c605d847-prompt-pray,959f4961f773807999630057575f73ed0759f1c3
BAITC-Hacks/hack-c613454f-lava,51587385663fac471b1f4fe5ca462472439dd865
BAITC-Hacks/hack-c616e927-aliya,673c3eb7bf383934137561b27e2f034b035426ed
BAITC-Hacks/hack-c62598bd-aiaru,b9204b78a9075d65cd806ee3a63a654444424a82
BAITC-Hacks/hack-c63c1350-technokod,a28456841c7d189880cd4181f178bb1109d942ce
BAITC-Hacks/hack-c63e3b74-scourge,cc4c599751fbc25bf7588f5676b956c175ffb868
BAITC-Hacks/hack-c650d4d6-timqrb,0c6068fa97f5c1093f0cda0489b6ff88679b2683
BAITC-Hacks/hack-c654bfce-nurayim,707570fbb9c9f3bede6f207cfdb3c3a0b23463d6
BAITC-Hacks/hack-c65acf53-sgl,2d790cb7d99a22d93653f3a9f7831a6297f9360b
BAITC-Hacks/hack-c65cb2da-zhakoo,050535c3151968202f375076374661b4a660989a
BAITC-Hacks/hack-c67265be-agromind,aeb677a8c3e465f81ee8ab3af06bddf946340630
BAITC-Hacks/hack-c6734c74-tastemirrr,33a5b2bb5d7d9acde021f10ba8a4a9e7e9aaaf17
BAITC-Hacks/hack-c678188c-sever,66abebafa6d8305f957e80e7869dc3a33125d6d8
BAITC-Hacks/hack-c6826b6b-peep,eb7258518669da7a63efc6581497735d204b453c
BAITC-Hacks/hack-c693b2f9-cognitive-shift,43aa561b079537098e4ba4a3a186390703e37aed
BAITC-Hacks/hack-c6ca5563-it-aiu,29ce0d3c8f8cb6e7b5dcd83c3b68783fd0189eac
BAITC-Hacks/hack-c6df66c1-ares-solutions,aae7d3e767c72065112e453fbbadb46b464318f4
BAITC-Hacks/hack-c6ee1259-jjs,6188845b4a8026ce1a9d32e6fed12889a922c036
BAITC-Hacks/hack-c6f8044f-raiymb,1c605d38ea7ade8d76b034f1e57ea7c401fdd5f4
BAITC-Hacks/hack-c725d521-gregyedlik,123823efa3d08eeaa95ee89065cfd14628bb4567
BAITC-Hacks/hack-c74135c7-shoqan-kokshetau,cfdecf22cebab6862a368b9d0fd4e874743f0aac
BAITC-Hacks/hack-c756b018-godo,522b4918faf2c38a951af3a4fdf36a47259d6035
BAITC-Hacks/hack-c75b47ef-sherlockzini,57484b0d6a04ea05f94b839fe40ba8d353bff8e6
BAITC-Hacks/hack-c761104b-mogers,1d0ca6287d5d020d47597af63c668eab6c492951
BAITC-Hacks/hack-c7c00e61-meyirim,c77867afee164bbaeb95b89f9292855d89726529
BAITC-Hacks/hack-c80a7c05-hoopakid,8c60408f63820bd3e0c983bc4611e79415dba88d
BAITC-Hacks/hack-c8309810-quangerzxc,d4dbddf059daf51bafaa13570f9078bf3b9f5f0a
BAITC-Hacks/hack-c8477448-iqmiss,359bfdb0bcdfe95da26a1717e5e1a85af00f3bd7
BAITC-Hacks/hack-c84e81b7-team-502,108941ece3be52bbe5990399059f920df69add16
BAITC-Hacks/hack-c8586842-team-alera,7cf75953882b8803accbda63f8da8741ea8e778c
BAITC-Hacks/hack-c85a42f5-agneseverhot,5048aedeb53c26409afccfd64cf3c070c77e242c
BAITC-Hacks/hack-c873d787-oleksandrteam,994e7ddc3f3501347e0b4473c17e03d2d224dcf5
BAITC-Hacks/hack-c881e486-hmzai,8c3aa75dd3e9ea880831cbf3707f83bf6b98c35c
BAITC-Hacks/hack-c88c7652-ai-humans,3dba8bc596ab302781ae1f18da527072b2232fd9
BAITC-Hacks/hack-c89e4d11-ai-com,6cc87a8d393364d7307d5e49ad3719ccb299298e
BAITC-Hacks/hack-c8a709e5-same,25f81d1120da3bf357da283b9df7d24756bd1000
BAITC-Hacks/hack-c8a98f95-1465,6621aadca03bab1715ecb4e49d00fe5395622967
BAITC-Hacks/hack-c8b7404d-agro-pulse,9ebfadcf2ae399b4574f4a97872018c8750b1b50
BAITC-Hacks/hack-c8c8d2ac-openflow,b60d7ea08d7ca388adc74d8ea42024afb68e7e16
BAITC-Hacks/hack-c8d8ee3d-zhansaya,93b39fccba404d567885a6fd3d6d29dc01d98b38
BAITC-Hacks/hack-c8e92485-deefactodev,a25fd7b2d8acf5e75fdb8cf8975dc1ff293a62ba
BAITC-Hacks/hack-c8f31fa0-qazyna,04cd6c3a2946f191d12c359c04cb59decc4342c9
BAITC-Hacks/hack-c8f33060-talap,ac6bd2c2794d300b07e67370ca8055fd3e9811e6
BAITC-Hacks/hack-c8f788c6-fly-away-now,f6fca188713ff575e63bc7fbbf62c5cc5011af59
BAITC-Hacks/hack-c9158233-jaegnask,4ce6ddd778807f7c7198903d003db10422ddbad1
BAITC-Hacks/hack-c918bf2e-ai-first,af37cb069d120143b6d449750932dfba8e9c5c80
BAITC-Hacks/hack-c91fe60f-kamirakroshka,f888f91d918daf93366c80f42768cc11e71e5134
BAITC-Hacks/hack-c9410c89-neoncode,8fc1735b7f14eecf7c1a6ad0ad1e1f52b31fa969
BAITC-Hacks/hack-c9414062-smaguloveka,3f1f6592443c55cf6f89dc79d05599b4c6fa8736
BAITC-Hacks/hack-c96d22c2-absolute-zero,3d72c9a3412d0d08a1a8c4af8d7299026f59e44c
BAITC-Hacks/hack-c97ff474-qforce,ceacee84f89de1bff8e9f682b3adb249ed8e5359
BAITC-Hacks/hack-c981cf75-sun-pro,3fcc9ffc41291baf387e47ded9a79f6cc5b42aa9
BAITC-Hacks/hack-c9937c44-xy,345bb288ab614c3bab6ec4ddff565f55cf7f3c4e
BAITC-Hacks/hack-c99552ec-qles,024f4a9571f4efac32a4f4fa4d230c49562cd12b
BAITC-Hacks/hack-c998cc7c-ai-problem,6bdf50ea174088591f718a3406c3ffbbb943d1e5
BAITC-Hacks/hack-c99f3764-covuni,8a9167a7097e808a734bb21f5c8918a9f89d0a2f
BAITC-Hacks/hack-c9a8015b-duoai,8117a4b5dc07b13958ce23a26a0e33916ccb66a5
BAITC-Hacks/hack-c9b74ebd-233-lab,c635687bdbbcdf8d6c8cfcbd14a212a11bbd29ac
BAITC-Hacks/hack-c9c19e8e-damuai,f01c1aeb7a11c6a844ddda9b7263adb8673cf662
BAITC-Hacks/hack-c9dc7359-abdullah-m7,aae9c51c018b11866f5ea3a1548f7fde27edff5c
BAITC-Hacks/hack-c9e5b6c1-nazek52,bc9ac3c746ea65d30c130c605e8945e843ef333b
BAITC-Hacks/hack-c9f4149e-out-of-tokens,8df35b2b965c664b752071dba7d6e6ee2ef86738
BAITC-Hacks/hack-ca2b30ac-novacoders,e7c0d72112674499d5b9ccf5d88861cf8cb94e9f
BAITC-Hacks/hack-ca321387-default,76e6e7971ffafe7825dc5b0e9de71093e05347ba
BAITC-Hacks/hack-ca46fd58-heyfuture,9cc0955ff9966d80453cec841efc688559b8fa66
BAITC-Hacks/hack-ca5ddf34-paradox,6bbe26cfe9749f56885aea325802fc6e2a0b746d
BAITC-Hacks/hack-ca9ed74e-obsidian,2f547666b090a9687939a99e904bbda8707c074f
BAITC-Hacks/hack-cac11690-yernursb,c115c8978488a222cb56969e802618ff10b6b988
BAITC-Hacks/hack-cafccc6a-umizumi,b9fce2cbee9a8090a404d2d0f94d3907c6419522
BAITC-Hacks/hack-cb2dd569-khan,87ae5ff5762767859700f51d46cd3bf86e300016
BAITC-Hacks/hack-cb541497-qwe,fa19603383f8358abcfda3cdbea642b7a356a3ef
BAITC-Hacks/hack-cb58e151-ilmio-automation,8a01f02f40a087023cef975eaf008a7ed2b58ed0
BAITC-Hacks/hack-cb606f99-zsa,b2f111398d5d2652575651489f55ee85f63bcf2c
BAITC-Hacks/hack-cb6a2678-team,47837899618ac10a8ecfc718cbc20aff740c6e3b
BAITC-Hacks/hack-cb7c590e-ariamath,e1a3aa559c2cf641611ca5e98b2c7e638d329e21
BAITC-Hacks/hack-cb8b7380-baimaganbetdilnaz-web,d62f89594d6ba837d2f4585839e065e1c37dee1f
BAITC-Hacks/hack-cb949bd8-aq,592b5123256f9067ca00a910a52d716f77ccb647
BAITC-Hacks/hack-cbd25be5-cyberplusr,6471b82554651782d896969616d8745c0edad563
BAITC-Hacks/hack-cbdf352f-og,69e7d85fff47d47eac32ec68813baee119b9512b
BAITC-Hacks/hack-cbee3a84-tiinager,7269d4a5f040c14fd1082fe076e89b5f1a1f6694
BAITC-Hacks/hack-cc0f6c2e-gigganigka,4c576e0217421feeb167c7434b094eb5f87eedaf
BAITC-Hacks/hack-cc1e8983-dairn-test,18cb2fe48a30f9aa9f6541557c0b2bfc3e37ebcc
BAITC-Hacks/hack-cc2bfdd3-onlyfriends,b64aa57e28ea553af280327753016ab2d251b842
BAITC-Hacks/hack-cc2c32ef-inspirosk,b11fba68b0e4c7509b009feb871db5a488860d82
BAITC-Hacks/hack-cc48dff9-dalekdevv,2ab1289ba4ad8f709a2a98466df2ae9d036c8aca
BAITC-Hacks/hack-cc60ae91-melt1337,2d8e10b68faefdcccc94e9c85c3ccdd4175e0de2
BAITC-Hacks/hack-cc6a58a7-the-good-the-bad-and-the-ugly,5d3981f17d99ff99748af9805adc7fe89af7657f
BAITC-Hacks/hack-cc6c9023-itshechka,0ab3f040d464c2ceb5e17f869e8d7d3cbcd3b5ee
BAITC-Hacks/hack-cc713f98-webster,101d2da6e247b7dafcf71b642d89251b1f3cfe1b
BAITC-Hacks/hack-cc76e090-ayazhan,9ed596a6e02692bb4b7c1369ce1f0cb1c8a7e698
BAITC-Hacks/hack-cc9bc6b8-plt-ai-team,0d40fbb9602002f9d49d1b3d46a5b12160818a4a
BAITC-Hacks/hack-cce91bcc-adilet-ai,c55aebfea8654d5a40c6ba785a4ff2788341a421
BAITC-Hacks/hack-ccf09524-bezbab,1d75cb0e42f05df97fd6d5feb5f870da1febc8b4
BAITC-Hacks/hack-ccf484ea-gocker,b73da0a95fa4554e9a805e8b59b5d25c69881eeb
BAITC-Hacks/hack-cd2a1647-nx-sentinel,fffd477afd5483db538a06bdca0c864cb18ddb13
BAITC-Hacks/hack-cd2fb18e-dinya67,d8bf00a989707a95b24b0d041532cddbf4ea0078
BAITC-Hacks/hack-cd37b294-qamqor-ai,a5f6cd7539ebce47006b6f59dd5e698ccb4f88c2
BAITC-Hacks/hack-cd506aa9-lalalallala,809bf2d96aeebf091c5b1c4702164ac02e930022
BAITC-Hacks/hack-cd51b8b1-be-like-ai,370401d964bd4031b871dc0c4fa8649d11c715af
BAITC-Hacks/hack-cd523e32-mag,f4721cd158dc87b42934cb9f676f9a77257ad433
BAITC-Hacks/hack-cd814309-raissov,e0c23093094b812e77dc34545fe8241868c7b926
BAITC-Hacks/hack-cd9d4766-edunova-ai,13cf8ed8bb1a78a78fd46f50feb38d26001d13c7
BAITC-Hacks/hack-cdae8d15-danai,feede25ca2fedc91c7502039642af91e80e8a81c
BAITC-Hacks/hack-cdb3e1b8-c0mr4d3s,60879fb53477ca6d30baa0449427ef6613381bf9
BAITC-Hacks/hack-cdc3b22e-sudo-ai,a55bcffa4cb3939dfd90087e41d3a6e623a9605f
BAITC-Hacks/hack-cdc76f69-smeirkan-wq,8eef2d3f9c8fe791a386c0c96780b899d8e394bf
BAITC-Hacks/hack-cdcb63a1-ims,19ccb0177d13f1adabbc5b35c372550f540f62e6
BAITC-Hacks/hack-cddf6869-botabekov,0e418fb8a732870d5e5101a4e6ad5dc6a6800399
BAITC-Hacks/hack-cdedc654-derto,09afbd4e9a0a4067120309d50ae96fdb55f3c43c
BAITC-Hacks/hack-cdf8ae8f-kompot,831735cebb4164be70bb7959839dc0537d84135f
BAITC-Hacks/hack-cdfcde41-tirek-ai,499bb5537fb7ebe18673edda01c9e6406463fc59
BAITC-Hacks/hack-ce23e8c4-flower-power,ea8a083b987e768a3fa250b242455a3672730a05
BAITC-Hacks/hack-ce353db6-pipevision,13688a963aec738231e1350fa5b7d8201de40f04
BAITC-Hacks/hack-ce49f38d-prasomtr,2ae7d4bff9a6cd431707340b62e87f84833fab52
BAITC-Hacks/hack-ce548873-ry-nex,f74058e323f17265f6928d44531ec3b205f72b6d
BAITC-Hacks/hack-ce5c439d-phormeta,5a37a544911fd0c46fa565861726f81a66cc368a
BAITC-Hacks/hack-ce64fdd3-siriusatiny,1e8da2c69876deaada566085de38a98991383630
BAITC-Hacks/hack-ce6ddbc4-apex,2719ad5f5335f2140c3c260f9ceb1494140bb99b
BAITC-Hacks/hack-ce72d95c-railbase,1b6206fc8d0d8d66ab57416c0c9f4081d2f432d7
BAITC-Hacks/hack-ce7dc97f-miyamoto-musashi,247f9aeb87f6e29cf7f2b56ac4bc92ea6f265964
BAITC-Hacks/hack-ce8e2a4d-ermuhanbetakzol-png,53ed0ca888c3d8dc8976557cd366880ef418eb73
BAITC-Hacks/hack-ce99b8ed-team,a2e208794616a3fffeb0c546dcf4c0953951a42e
BAITC-Hacks/hack-ceca02dc-my-csf,3d5d0f6060732a6f20255fdb3a5cb92fae6e7b9e
BAITC-Hacks/hack-cf27094c-solo-leveling,8637c1fc6b7ecaaac9b05970293e6770d506e8d6
BAITC-Hacks/hack-cf2e3f24-ali2107-ss,234389eae64b577ecc74b2ee7f36bf0c16daf862
BAITC-Hacks/hack-cf2eb7b4-andreidev,5a3d8251c1eda454019d83260e466b3086ea81a1
BAITC-Hacks/hack-cf587db8-ctrl-us,6280304609bbaa6a0b709a52ad659a2f81d10443
BAITC-Hacks/hack-cf5b3e57-code-design,c4783fbdb9ee0cdf315a8993334438c5f81ec651
BAITC-Hacks/hack-cf5be5fa-gulkapi,bffef5a45da2740e1a1a3b872d9fd1fe341678ce
BAITC-Hacks/hack-cf77763a-eraser,82eec7906e11d5be2b678f1f66b6dd70a229fd59
BAITC-Hacks/hack-cf80738d-nurtileu,754475d642eb0d4e18d5ccdbf9ca357118b201d9
BAITC-Hacks/hack-cf90e71b-mkm-ideastorm,d12737c94f060f892464613cf23a219acca88f72
BAITC-Hacks/hack-cf95ff82-danik266,24b2d085f7610603b9fc64192feb68518a297400
BAITC-Hacks/hack-cfa59e85-nurshuakm,9a6be41628958c545fe064fcdc522ecdf196e15d
BAITC-Hacks/hack-cfac43eb-sukuinushi1,9cd898ccd0dde6cab1937edb3a8c18e3c3f1bb02
BAITC-Hacks/hack-cfad44da-team,65f99b20495fd2fab3c0c108c101b9181e515f35
BAITC-Hacks/hack-cfad56ca-mc2,8c49ec87d5c353b0f04fb746d29448b4f56d583e
BAITC-Hacks/hack-cfbcd5d7-soile-app,3e7bcf75c03f395c479d523a1cb93aaaa19a7f50
BAITC-Hacks/hack-cfe05158-shubar-kudyk,4b54156d0086077bbeab5efd88c528cd1a9043ec
BAITC-Hacks/hack-cfe08d04-ai-power,778d36455d5a20b541adb3db7876899a5c1b57b0
BAITC-Hacks/hack-d010671e-doni,95b42bf85bad6320fe034ec9ceb6e8b436f863e5
BAITC-Hacks/hack-d031282a-kyran-ai,54302412aeba217f6a910a9ec3a20cee183588f8
BAITC-Hacks/hack-d04687d4-team,404dd579995bbfd74100fa17fd43ec94f5041e4b
BAITC-Hacks/hack-d058b887-zhanai,410bfc2bbc0e365e8da1d4127d9744ce227b37f3
BAITC-Hacks/hack-d080e15b-zethus,caa4b20ceaf6cb603285268f4867f3f681d3c5be
BAITC-Hacks/hack-d08d0dfd-wups,84ee3b7fa28430ee91d5e42ff4f43550a34fc984
BAITC-Hacks/hack-d08d8360-shymside,a28ff95dfcfabe405ea4d69646c5197eec2d9c1e
BAITC-Hacks/hack-d0a30714-emptypocket,f8fd626a889d91995c27c0a0c7cf3d93e94a0a19
BAITC-Hacks/hack-d10318b7-open-turan,c10420ab528d32d0e635203bd2b36f83ac9160bf
BAITC-Hacks/hack-d10c5af9-itsandrs0n,0154b43a069f70ef717a06a023a9efb7a525b139
BAITC-Hacks/hack-d10f72d2-karinash20,1ce2fd46d6badca9c9579249580093ead76190bb
BAITC-Hacks/hack-d130177e-print-success,7247fad7c176b41511a1343e662c5f9662649607
BAITC-Hacks/hack-d1358823-easy-mac,38191d920c767a248ef2e24cfdc0afbebd139572
BAITC-Hacks/hack-d13e095c-nexora,8fbaba9754dc3e2bd56fed50e6531a37452854dd
BAITC-Hacks/hack-d162b91e-tamyr,82b49bb76e10a2ff16753b396e47bca50949298d
BAITC-Hacks/hack-d17f2c59-begreen,d5893452a1c3784d98a72d5bff73766ea9532062
BAITC-Hacks/hack-d19fe368-shokh,cf124e3ed55a7766d32981c5d25d3873d0a79aff
BAITC-Hacks/hack-d1a96c39-nazym,4e56fa3f125fabe1f53decbe493e93e0c451dfce
BAITC-Hacks/hack-d1a9845a-xseron,4cb8747e5043c68fbc6cd6dbad2e1cf5c861a641
BAITC-Hacks/hack-d1ab01d6-google-developer-groups-nazarbayev-university,971db7098ac9364d50ab1d98b417f7878b5e06c2
BAITC-Hacks/hack-d1b7b5da-qylysh,3de50d5d735cbddc1779ee6f539859e0f6d549ba
BAITC-Hacks/hack-d1beb264-tilek-ai,1bd0533f75c0ae9361359e738894c1ee273732ca
BAITC-Hacks/hack-d1c2a3df-adilbayevmiras,cdbfc90f778063eae6fcfa57e004bca6c7b9cd97
BAITC-Hacks/hack-d1ca5591-outbreakprimal,535979cf0b03fab6bfff51af017508fd02637637
BAITC-Hacks/hack-d1ce9456-rizz-agent,270f4b28f6f3c94c07dbb4ebb0ff997e31737d3f
BAITC-Hacks/hack-d1f085e2-ooo,b0c55c756153d2e62a08c747eee52677a807c6f3
BAITC-Hacks/hack-d2156b09-tsukiko207-hue,959f9f43b83021446eb13f905b6a3170296d3da1
BAITC-Hacks/hack-d225f0a7-ayan-solutions,4430bd8b064ff683065056ebb9615a5053871234
BAITC-Hacks/hack-d229d989-qazgovai,41a2478578cdf4cb870e4648c6438f42cde860f3
BAITC-Hacks/hack-d263569a-team,f62f93951668c08f8c58b59b74c3560898785119
BAITC-Hacks/hack-d283068b-toxic,04f2124ed7b0a12117ba9722d7987f59771962d7
BAITC-Hacks/hack-d2863e5a-irtida,5954781de4833bdcdf1abeb6f32750d2c9e0ec1b
BAITC-Hacks/hack-d2994d93-ahmetovakunimai-bit,dbe4a085e0c64ab5ef87d6ce4087b15fe5eac06a
BAITC-Hacks/hack-d299ce4e-jective-ai,dc09e8367255857d1dd72c80e41822d93d3efc77
BAITC-Hacks/hack-d2bc17ef-nexcel-solution,dbd234e80547476d74cbca48a1a42205d5485c09
BAITC-Hacks/hack-d2c4660e-aipunks,36de9908d766a9884b28fd66161949f5ee75219e
BAITC-Hacks/hack-d2e38b1a-insighters,c8fb6f9d40089100115055e5d388b6a126316f3f
BAITC-Hacks/hack-d3060b84-asd,9dbee64012c5d8191727c5f9cf96938c096850c6
BAITC-Hacks/hack-d311ce7d-ardakshalkar,31175567cf4b2f5a8c9ec706bd3d699056752873
BAITC-Hacks/hack-d3504b88-bakdaulet-lab,a4da5994f421fdbfa8e1aa2821cd65be52bbccf4
BAITC-Hacks/hack-d36aa7b9-volga-production,bd5a0d7b3b5fec7107780344bf5b4984b6cdab70
BAITC-Hacks/hack-d37927db-test,67658f0fe350ddfe404e4e7deb09084616548697
BAITC-Hacks/hack-d37d6c63-ai-concept,83d2653e2635469db8b55ee95f3a1be18c575e97
BAITC-Hacks/hack-d3b2c613-stupits,834a25fb860dd5514d02c9274b70d7bf8a53a79c
BAITC-Hacks/hack-d3c04ade-mederpomeder,434e237996cd6651329249db23393253e7218816
BAITC-Hacks/hack-d3cd0163-alibishka17,9ead4ef79c5d1851a4f0ce8ec8a8fa36e441f7ac
BAITC-Hacks/hack-d3d1e752-zhanibek,b9e111dd8db6fa2cdd96256fd04eae13bf82d298
BAITC-Hacks/hack-d3e8cd85-soda,5eda91a2ddfa9fe5965cfa29d54caaefa3a7c0f6
BAITC-Hacks/hack-d3f27f2c-n-rssaaaaa,17e9198142b8912bd774fce79b16a93f427762d4
BAITC-Hacks/hack-d408c6e1-aqshai,9269a5b2abb7f93a343bcfb725ff438f8ac19f40
BAITC-Hacks/hack-d46eb454-alias,6ad4ac7206cde164bfc4c1f2020f4e9872687e42
BAITC-Hacks/hack-d48f63a3-alinurayazbay,d7b6c698274decef89a625e58c4bf330b8bc9f66
BAITC-Hacks/hack-d4922f7f-attractor,897eb3bf731fca779e4535224bdb4b5d8f18e2b3
BAITC-Hacks/hack-d49f1558-dai,ffb807187eadbb9b4a481375578bb80c039a1a01
BAITC-Hacks/hack-d4a071e9-mydream,f69083dd8b4c7b7a011762bd7394b737c30ddbb1
BAITC-Hacks/hack-d4a384cf-ontrack,cf62225be5bc67a2ab7d07b8bbe18cf765f6695f
BAITC-Hacks/hack-d4b10426-rumba,f1b44b597c8e13198f24897c089845ab25f4069d
BAITC-Hacks/hack-d4b2013f-ai-sana,0f26c802377f8f07a50718e3c6e20504714a7694
BAITC-Hacks/hack-d4bf9ae8-anyqta-ai,3756e2a6b0e9fb35bcf0cb88bc6033850b7b1a2f
BAITC-Hacks/hack-d4c10d36-hurricane,d6b7706788b4d826382f5beffa0905ee281b62ec
BAITC-Hacks/hack-d4c92852-044shad1k,2f84d69eadee91231ba0b8a01cb3a0ecc872d4e0
BAITC-Hacks/hack-d4dadcd1-codex,3b64399712a1175c28a3f4d1dd789d32b99ba36b
BAITC-Hacks/hack-d4e0dc70-sabinamukash66-oss,5747253caebbdc67f6040b750b299f6ad7ec8d34
BAITC-Hacks/hack-d5105822-stargazer,e29875a0c8e111ea1b32321184c69f7d7e3e7f52
BAITC-Hacks/hack-d51e540f-eraproyt001,025af443e3f7fa93a6b5702780041593fee7a98b
BAITC-Hacks/hack-d520d947-c-3po,9329b3fe2feb4411995f455dec922ae5f5da3b34
BAITC-Hacks/hack-d551be46-tungtungcodur,5395dcb70785e4cd665b4564859089894452bbe2
BAITC-Hacks/hack-d5556d03-a1ienpage,c1de8ef45df56f4c62cb4eff8ed008708c1a1712
BAITC-Hacks/hack-d59a47be-67,459fa95c55e41d1f56d2dc20f75dd93add81837d
BAITC-Hacks/hack-d5b7459d-aiviom,d251c1afe09bb16f87c9901be3b003bd8c184d58
BAITC-Hacks/hack-d5c78ff1-saryarqa,2b27f3f5bf931c415ec6304188415c7b250e5890
BAITC-Hacks/hack-d5d84898-brawl-stars,b715254f69b8618638681b436fc68008060908a4
BAITC-Hacks/hack-d5e165c6-aishat2006-blip,5014958d0efec5769724476acef0375d3a79198d
BAITC-Hacks/hack-d5e592cf-daladigital,10227bd22929f400c7d6198ac15626a53e73d04f
BAITC-Hacks/hack-d5e94b09-caffeinegrinders,b6cf6da056c28195fe03468b9d645270e222b747
BAITC-Hacks/hack-d5f21cdd-asa,eec52fa675eaf15ffa4afb960008f82e692c3ef9
BAITC-Hacks/hack-d60ad07e-pureshko,e5d351027473d5a28c491ef859050da222000137
BAITC-Hacks/hack-d61c9b5b-artzsu,3d5e1621ba8efcaa3939f8e56e9a121aaf522df0
BAITC-Hacks/hack-d63dd3a5-trojan,853a34f3fafeb6b948b533bd04df52a3bb28359c
BAITC-Hacks/hack-d6841b00-qwerty123,ed93b7b132228bc0079ac51c9107f21af0cb3d23
BAITC-Hacks/hack-d68591cd-singularity,bd4fd2fe78bf82802f3245a1e6f1830af74c515f
BAITC-Hacks/hack-d68741f5-rauann21,8e1b4ddb6888ac136e67278f595782bbbfd76889
BAITC-Hacks/hack-d69c4c9d-team,ba973bc7d2ea6a486bbc359a84c5dba8ffd7a3b8
BAITC-Hacks/hack-d6adb3d0-aidarinho2017,24aaa7b0a7ec720b64068356ca2740839a3bcd99
BAITC-Hacks/hack-d6ae42c3-neuraxis,b31fe5aa5564b9ee3441938ba03c8cbfd806385c
BAITC-Hacks/hack-d6c720e3-meyir-zhan,a874d1bc348a8c7592d9da4c8d014520d5a51acd
BAITC-Hacks/hack-d6c8dc81-finik,fa885a3b2bd0623e35c7011f46fc62c6c30a5b80
BAITC-Hacks/hack-d6e67745-kazakk31,b8849a82b9c21ba856994d8911ef6459944e42e4
BAITC-Hacks/hack-d6f9f1c0-aijok,960b812fb30965964b98c309f168313d0808cec0
BAITC-Hacks/hack-d6fe790b-tiramisu,b6a110625a3116a96b9678a5805c2beeeae80131
BAITC-Hacks/hack-d71c58a8-ashevamr,d7cdf824403e0503a73d02998fb1ead088bb02be
BAITC-Hacks/hack-d7346464-saudager,291230d6cfd6b3fef239c2097bc6ac4a30cf62f9
BAITC-Hacks/hack-d73d182f-nurzanovaajganym-commits,0b4f7b47d085f004a2fedefad169054796376c7c
BAITC-Hacks/hack-d74349f4-trophy-kids,1584d1471fe383b753340b3785d1a859cce15526
BAITC-Hacks/hack-d7475284-aiknus,c8a1fd0a9d83054d7d09135eae3de9c5189842d8
BAITC-Hacks/hack-d785f448-finpilot-ai,3b2ace23fe6f95912e58d489f601c36274634bd4
BAITC-Hacks/hack-d790061c-04team,a6cad48b85daeed9fd8e8da5fceb74986c9cfe4c
BAITC-Hacks/hack-d79ff3ed-goyim,66dfeb62fe0112c10e85799f1c31191dbb353d13
BAITC-Hacks/hack-d7c5cdbb-cyberagents-ai,5014afe9587e039788f1d43198c31fa758e842f7
BAITC-Hacks/hack-d7c925eb-assa,76dcf6bdca408ba901ee980a74441051f1efdea6
BAITC-Hacks/hack-d7cbffb9-kaskyralmaty,1b23032d3d073b6b5eaf4690a877c46184c5f508
BAITC-Hacks/hack-d7d5f368-n2vermor2,6ed777b0015c128134fb3ebc7111ce208e3d2b2b
BAITC-Hacks/hack-d7d741cf-megazhaba,32becb1d151a8a570b6fec0f57df87736c5f105b
BAITC-Hacks/hack-d7e76d3d-astralnomade,1f75af611f86a2cc3ecd7957379173eb20ecdd99
BAITC-Hacks/hack-d7f2bbfa-eldan-nomad,c385416132dadba7a84b086278ff8bc22df635ad
BAITC-Hacks/hack-d81c01cf-nurbek399,86350974e9247f7a44fea473a60f166ad9d58fe8
BAITC-Hacks/hack-d8295458-ww-team,7f16ba8acd84f15e7b1a774385fc6a6c0dbf7687
BAITC-Hacks/hack-d82d05ce-ali-solution,6eec62cf41717b96b0fdb3dc725a37ea1ce0ff92
BAITC-Hacks/hack-d830a856-nexcel-solution,c1f768602e7290a24af6b7535191fd9190935a54
BAITC-Hacks/hack-d83d8371-birzhansovetov,de099e1873388a7fc6b18414010fa2139d520575
BAITC-Hacks/hack-d875bcea-zerohub,92a723071686eb0fb588618031e64ffc08c83f5d
BAITC-Hacks/hack-d88821f3-awer13,52aa87f3850ebdadf1a73b75606ed994bce14bc4
BAITC-Hacks/hack-d8af8b41-azamatzxc,57dc141509cbb9fa940f3134b43dd0607cb80ad0
BAITC-Hacks/hack-d8c1ae6f-nurbibi10,56ce2463804ac59bbb95483c7c825d86d00738c8
BAITC-Hacks/hack-d8f2535e-worldview,01a3f5b645913dbc0eb87a2fadd566b344e6bfa6
BAITC-Hacks/hack-d8fa2a15-aishield,f413b007a8cd9edb3ec75d963a634cf49c6ee550
BAITC-Hacks/hack-d8ff09f7-ainalym,c65ac5b59f82cd2dd9707913f9e6981f83e1b4f2
BAITC-Hacks/hack-d92c0861-superai-team,dda0c320431bd711ba0d2e49f402a6aaafa3a032
BAITC-Hacks/hack-d93224db-zas,b39a6f938903067dbabbd5f0c492d7600e28ba5a
BAITC-Hacks/hack-d9516e4a-invoker,555b92017d347369309d5006e19a6f42c50b70d1
BAITC-Hacks/hack-d95c22b9-nurikk,d2bdd21646cbead3de9c1330c232b34ac994b1a2
BAITC-Hacks/hack-d965b952-mathalama,2572c4d64a08f0b35e8bd44703dd4c426663a2cc
BAITC-Hacks/hack-d98d69cd-komo,e547a94d325d185dd53dc0f153b40665109ae1d9
BAITC-Hacks/hack-d99e00bc-kalzansaan-cloud,d558e748da41b400980d6fb7816b36c51a447c6a
BAITC-Hacks/hack-d9ceb06f-githuub,e1ef2dbf3d50327a7a4d8e5b26c5139cedcf7051
BAITC-Hacks/hack-d9dbd4f0-nursayat04,545a0e12e0bdbd506619a7b8e0d663547bac9ef0
BAITC-Hacks/hack-d9f03adb-orim,df215838e36444c870cbd80c8de8a9fbb742a482
BAITC-Hacks/hack-d9f5d92d-sunclaude,e24ebbe00a766983a25289d585ece1bff2ce3e57
BAITC-Hacks/hack-d9f897a0-ayles,4b7c0b0ac81c970c9cb8d51135c7d7bcdc192269
BAITC-Hacks/hack-d9feb74b-vivalet,b747ca04227294ac4ce4bebc00239594552bd988
BAITC-Hacks/hack-da042a4a-dorx,c13c3b21c95c1abb3d0d2d34bf18f173092542d8
BAITC-Hacks/hack-da1ebfe2-flamex,14c1cf04c317d7d1d84014f011d8c69ffef592a5
BAITC-Hacks/hack-da24be5a-zhansayaaa,354509c47396fe8821dc5e14fbd811c9c67a580d
BAITC-Hacks/hack-da5264d8-delux,0de7e2d4b7daab3be0b10d2d1d897b96390881b1
BAITC-Hacks/hack-da584397-tryingfish,f5cf271b7ec79ed9806f6377c81825e0fce23d6b
BAITC-Hacks/hack-da5f84c3-dmtm,d3ea165165c619f9d935a1a623bdd17647b962a4
BAITC-Hacks/hack-da8faf6d-xaaaan,624b3b7c2fa85cc17f876e79eb8c59d9e9fca334
BAITC-Hacks/hack-dab75a71-overlake-bio,3798c65a6b93e1a1c0711ccc36bbe95cb23fb2ca
BAITC-Hacks/hack-dac500f0-ronin,d2d987c0b106491d3e9c5bedd58381b4ca7c983c
BAITC-Hacks/hack-dad1c37d-muzayana,3e25457f121f5e323606800855df43954aefa18c
BAITC-Hacks/hack-dae029b3-kai-education,95caf416c6de0796e0bae7525b092c7ff81a4912
BAITC-Hacks/hack-dae58240-go,af216371a117519d46297393c54b61c27ff76577
BAITC-Hacks/hack-dae725ab-18,9feda746fb19a587ccc3f1efd6a5757fe90c6958
BAITC-Hacks/hack-daf34cd2-agentic-shift,c86e5b620a5e68f3be9a07bc2bdd4a9c4c39a8d5
BAITC-Hacks/hack-db041ec5-team,d452b92a701f467069f372cc5458b744971acfd4
BAITC-Hacks/hack-db0dd8bc-kto-mi,f6f42b39d70483f54c8bbe2ff3123d6125faffa7
BAITC-Hacks/hack-db22728f-yersin004,6604a82f5a2f62c78ad012897ba0ed4eb850bfd1
BAITC-Hacks/hack-db2c142a-firedbeer,106c813f7da03a9ceb0ed106b7f5ae6ad5d93361
BAITC-Hacks/hack-db3407fe-musabekova,f16b1280b55e108cf680fb9d0ba22ae2fad072dd
BAITC-Hacks/hack-db57fb65-31murat03,975910655df9debcec12dedf00d4f6748263c63a
BAITC-Hacks/hack-db638fa5-3-idiots,54b8c50b7421187252fe8613e3a41ede98a93b03
BAITC-Hacks/hack-db841705-nomad-js,95d6a71e52cbd0d0f427de06893ed1b524222b54
BAITC-Hacks/hack-dba490dc-beginner,6baea58ff342a0f507bf2fa10b454be45d458ed1
BAITC-Hacks/hack-dbaa0969-qazy,0655f71b799eb250937af0906027973464d24d03
BAITC-Hacks/hack-dbab4d08-ai-job-hunter,5190f798e481e3c2c44cb695b8cd780c7b19da28
BAITC-Hacks/hack-dbc9c5ee-velocity,02c5b72afed9500e735ffaefe144bff87a53ce59
BAITC-Hacks/hack-dbe07283-nursolution,f011f9e2df45e41aa83dfbb35960bc2643206556
BAITC-Hacks/hack-dbeae33f-andas-lv,b6df201e92c617c6669fa4bfa497c14a91e7f205
BAITC-Hacks/hack-dbf30427-test-jigi,5df3279135c4ce87cce4bb0c0847c26a97e1c596
BAITC-Hacks/hack-dbfb329b-34081n,4caee0e246bd6e27e57224f1e2eed2b72a7120a5
BAITC-Hacks/hack-dc21ac3f-skazochnoe-bali,b18e469697bf69c056f9bf116bbf412b050552c5
BAITC-Hacks/hack-dc2355c1-sever,f34353e21b215a8044b16f58195e3a484cfce2c3
BAITC-Hacks/hack-dc318641-dsbch,0c5ef60c2a1db2558f90fd7b1641a236f2e1da42
BAITC-Hacks/hack-dc53b6bc-jana,b6c0926b68e268e4315d936d8f79283a3741dc43
BAITC-Hacks/hack-dc71165d-eithra,5913d06fdaa70a739ba7134bafc8641014af2271
BAITC-Hacks/hack-dc7e6965-null-talisman,403ac50e75c12372d70fbaddd74a8726535a1e74
BAITC-Hacks/hack-dcaaa3c5-medlib-kz,36559e88547eb4f4c994471478cc9cd56f0d0c30
BAITC-Hacks/hack-dcb251c0-agroalem,e5654437eb312f579fd0968e8220c51484728d3c
BAITC-Hacks/hack-dcb4d3bc-bizai,8784f702608a0c9e5b9a6888c0d0343118ea16cc
BAITC-Hacks/hack-dcc3f6d0-triple-a,995ca2e284c47bdd6008722980efb78a301c5420
BAITC-Hacks/hack-dccce1b7-asylbekovich,aba0f09c4cd1612f824ff93a33e4445e63f4babc
BAITC-Hacks/hack-dce4580f-kak0yt0-che1,58c9f441cf3f54ab690ad0cdd0ba826c032bece8
BAITC-Hacks/hack-dce567d9-new-team,e975c555099bcf2d9f5fe0ff05a43d413ea206cf
BAITC-Hacks/hack-dcf0dad4-arai1508-afk,fb5c74a948eb39700c0f445a7ae3c6397494e0ca
BAITC-Hacks/hack-dcf80bf2-marzhansuleimen,0bac46428d4169c10b28dbafcc30fd787065c7c7
BAITC-Hacks/hack-dd03981b-first-time,9425d5504e2a412d16e5db8c48a17348567194fc
BAITC-Hacks/hack-dd30ba94-jomart-ai,20dbb8abe86ce4c10fd28ab6e569e28e1e50a568
BAITC-Hacks/hack-dd3ffc75-aid-soccer,08aebe17366a6422834e649441bd82afd8a56e98
BAITC-Hacks/hack-dd5147c0-ernur,13e1578c0a9e8532952136c3aab43c527f15cc87
BAITC-Hacks/hack-dd7f161b-core-2-duo,0d7f42a48bc4944d8debf79e9acb011d625f6641
BAITC-Hacks/hack-dd850b61-motomotohq,183b4596077974a791d384249b682aa19502adfe
BAITC-Hacks/hack-dd8c8f13-summitagent,582ad696e08394c815ef04dd9b22af5eda5ca48d
BAITC-Hacks/hack-ddb369dc-saq-digital,91bf91840077526985fbc8ef836cd41be657c1f4
BAITC-Hacks/hack-ddb83bd0-escape,8a2151c376d94b0f991fc8e283c8116c37714642
BAITC-Hacks/hack-ddc19f39-nurdauletkabylbek86-star,fb0370f192564fdbb79d552009cc27e46905fd7d
BAITC-Hacks/hack-ddcc8765-dt20,353d5130bcd385fb06552d8f24f5503b877a8742
BAITC-Hacks/hack-dddbf484-netrix,468518089c3d116cc9a43a4a022964678efe7115
BAITC-Hacks/hack-dde55144-luvor,43d81c66a0cc6bc85c659d272fd155de84a95c5e
BAITC-Hacks/hack-de3ee9f1-moonlight,ede6be94abfc1a63e34c04781127449f0bafdcce
BAITC-Hacks/hack-de69a509-egisbekovim0,0312a66bbcc8ac6637f10d1e170f2a0797bcfd8d
BAITC-Hacks/hack-de7b6d7c-negiz,c4b65e9f67bd75f4306affb91f885132be483b80
BAITC-Hacks/hack-de8fc269-pudge,1f982d1a9e5f388d2b72993011bb6341906d423d
BAITC-Hacks/hack-dea53062-kernel,45149d853274ead16bec423b10a3af622571bfe7
BAITC-Hacks/hack-dea84e5c-screenmentor,54205de44bf143879c091df57272f89f8ca555ba
BAITC-Hacks/hack-deac5d5d-team,f93478b88f00297a99ab912ac2eb6f6b34f36df9
BAITC-Hacks/hack-deb8a427-cerebrum,c11c85758d98a69a15a1faf2e4c58b0290cae2d0
BAITC-Hacks/hack-decfb3b6-bsmlh,f067b4b713a7e041e98d31d4d238c80f344a8e4e
BAITC-Hacks/hack-ded3a09d-kp-22,08f2748001c26907df6e8e00da3f36b549273577
BAITC-Hacks/hack-dee128e4-tr1ce,75414e25c60957cc15269f184456d2fe764fa218
BAITC-Hacks/hack-def71887-n-oxo-u,02baf8e1e3e938115060f1a8723f9dc7acfb90a7
BAITC-Hacks/hack-df133ee1-solo-pencil,6bc54add7cb6f419c4ddafeb1eeebde51de3fa1f
BAITC-Hacks/hack-df23d7ad-aidea,7e1a45a1f26632ae9fb00b40b8299d321e718b5a
BAITC-Hacks/hack-df4cffad-tauka-zhon,8b1eacadd5ad2d1b776827ec6e66ede96538f2c5
BAITC-Hacks/hack-df95910f-cyber,9b8876d31c122f3d73ebc05c88d376c66309b3ca
BAITC-Hacks/hack-dfa630b9-echo,3af4126efa86dfb03e9e3e3f0fb5b83a1c1a89ac
BAITC-Hacks/hack-dfa9ca0e-coding-under-over-0-5sec-delay,6a29138e27cf5c8eb632bd36cab6e9bf85e4056f
BAITC-Hacks/hack-dfc7c15d-mrakylbek,66c3056b5b0a360440c0cf096b885623b64b3998
BAITC-Hacks/hack-dff8811c-dimashxx02,2e125f731d5b0a14cdd12ecde26858224a025cdb
BAITC-Hacks/hack-e00c2f69-aaldrrr,abb19019218c6cac635c8c084b0b0a3ad1b8bb4c
BAITC-Hacks/hack-e0135da4-amwsq,6ea22687810d9dbdf7cc368dd3b1f69613bf456a
BAITC-Hacks/hack-e04692ac-dim,3dc9122065efada264fa79093e49daad972673e8
BAITC-Hacks/hack-e06b144c-team97,5a2e4f487911af53d322d9d961a138d5e5afe627
BAITC-Hacks/hack-e07f89dd-lenarascode,8990e9c0402ed7c47661a93440affdb645da11d1
BAITC-Hacks/hack-e0982904-sentinel-labs,67315b6659afb2385b88ff071e0b3ce45a267470
BAITC-Hacks/hack-e0a182af-dreamstart,6018b578816038bcb87ad328a616df5a33c4e703
BAITC-Hacks/hack-e0a96dff-rau,ac6ee9c2d93abe73ecbd7c2d6f1d4e93e3c02f27
BAITC-Hacks/hack-e0b2ae3a-mossoli,3881bbb7e15dbf993f0a08f486c06397d5b28422
BAITC-Hacks/hack-e0ea4d8f-fintech-hub,17d6ad68cee3d41f6ebed1fa0b4c9dcb8485a072
BAITC-Hacks/hack-e0f5bcd8-program-ing350,dfe6c0f48a7126f879f13d3f27421d1e3b9b59d5
BAITC-Hacks/hack-e12614ee-yujiqo,6f2fa5b2a44a5eee273f2f7fbbcdfa13bb21a005
BAITC-Hacks/hack-e1663f5d-justrauka,ba1fb1ec93ac66b21dcfb9a8a6fc2c6b8fb31614
BAITC-Hacks/hack-e16c42c1-solo,b1738c7f6913f5a6a98c39be1246d3ff79ba401e
BAITC-Hacks/hack-e16d363a-shanachnetsya,55110f56b21ba46f8ef7cb3a82f3a461c4d41708
BAITC-Hacks/hack-e17ea780-aragorn,3a870f24b65c503e02e14d4de50aaab9290dd274
BAITC-Hacks/hack-e184fe3d-beiymai,46956b4ca82f1f7f8732d4bcbb82fa68de777aa1
BAITC-Hacks/hack-e186c83b-jacobskazakh,667210bda9c8db1b87eaa6006087f342605b0126
BAITC-Hacks/hack-e18ef7cb-frozzy,f150213ee4ee348682bda5dd777b539ae184007c
BAITC-Hacks/hack-e1b52b8a-x12tango,671397d0f7deab2aa63b651999747a263f3e380d
BAITC-Hacks/hack-e1b7fa66-irsymovamir-svg,b187e668138444f36a9e39e42e2fab4a20026069
BAITC-Hacks/hack-e1c6f154-tirek-systems-and-solutions,704ff9072eacbd375aeed64160c252c33da7a5dc
BAITC-Hacks/hack-e1cdbbe0-vector-field,4dd428328ee09992141cd295b011dd6b6a6cc85b
BAITC-Hacks/hack-e1f5fce0-mallory,b267c68d1f7ca778fac86b4a106d808456f1fb44
BAITC-Hacks/hack-e1fd0810-solai,a3279a6d2004bc11fca6d6753c47ad032b7c8499
BAITC-Hacks/hack-e20568bf-day-one,7ec7a08f74127d0d45eaa38bed4bdf7798cd9680
BAITC-Hacks/hack-e23655ac-gabiden0v,f83300b3bcf9882dc89ed9b58b82624d8dfb3f80
BAITC-Hacks/hack-e23a5cf4-ctrl-love,ae28289813c196b4a33d91f54caa65ef161d17a2
BAITC-Hacks/hack-e23c8ea3-qadam-ai,7b173570ac1074395eef0a5f0631ad56d8aed758
BAITC-Hacks/hack-e258c29f-dilmus-co,af7576525278fc4f4b0cf4f767a1555665f7ef7b
BAITC-Hacks/hack-e26f0e66-max,1286a0c8c4b07d852059fbf9985ec5c2a3254c8e
BAITC-Hacks/hack-e282f3b4-dmitryspace,589291b2280b6a61946c6796f18ca650b8f40312
BAITC-Hacks/hack-e28721d7-dbvko,bb163007cccaf12eb87bdec0b6e54f5d2889150e
BAITC-Hacks/hack-e2915205-cybersecenergo,f1a37d72a3bd11c831f15c429662380178d7bab4
BAITC-Hacks/hack-e29d46be-mirai,3ba8120bad57872c6331d06c6dee8918e559df5b
BAITC-Hacks/hack-e29d824f-team,0bfc1f38ea50ebd4ecf15528f636bfa76a1a9b01
BAITC-Hacks/hack-e2a865ed-kru-team,160f3eb6b21a8dcfdf2968c1856342da193d7673
BAITC-Hacks/hack-e2b62ba1-tanakeo,7d1e9e71cee9b3c2f6ac9063d456987c1c0e1d4e
BAITC-Hacks/hack-e2c6f95d-m1z1ks,b220645e86b7c5b9bfaf06291768dbd692897c99
BAITC-Hacks/hack-e2da4426-team,335480ea5dc418b318676f5c4f3ef8abdc527f9d
BAITC-Hacks/hack-e2e28729-ecko,27c013a55980a3346a8173e790d6bb7b823ac95b
BAITC-Hacks/hack-e31061c9-mathisspark,46845b6c3e99edb190990c2d80596cab84e989b5
BAITC-Hacks/hack-e311b3ab-13lab,43e6736d11f30b00a1dd0ba771307678988d7a18
BAITC-Hacks/hack-e3131a74-gamblers,18070a16662b9354378d991492bec3453cc66b53
BAITC-Hacks/hack-e3596dde-triple-byte,ce00d699315bb6a9775d7de9b83b2525cbd4dacf
BAITC-Hacks/hack-e362d106-kikoriki,596e6ba8f3107057945638dc8b94b2db702afb1e
BAITC-Hacks/hack-e365088e-solozxc,f7e6a8c5c39adf34d236a05a4009ca66080af3ff
BAITC-Hacks/hack-e370d504-bmy,c985d8b285e43a8d4c7a63b8bfad8469594e2514
BAITC-Hacks/hack-e3809f66-jasai,86e20907fd14a1910f15d2380c50749d2014deea
BAITC-Hacks/hack-e38465f2-kawwayu1,dbc5c6fe0ca6330c6e711484ad81891630171c61
BAITC-Hacks/hack-e384891b-ainalineast-coder,2ca0e385e41d8ed47c3c92122de33fc5267afcbd
BAITC-Hacks/hack-e38c07f2-juniors,93bc9fab23fa363f83133eaa6469734501c1c8b5
BAITC-Hacks/hack-e3a90eb7-zerger,8d7cfdea934692afef8f5824fdcf1566a2e63dc2
BAITC-Hacks/hack-e3bf6094-jigas,bfaed62635494000b33ad57b1a8d75f4be262b6d
BAITC-Hacks/hack-e3c58b48-ultix,6d81fedd2f120e629c0a5186223a0a4b9772f292
BAITC-Hacks/hack-e3c89aa2-homies-lab,e3b2e96e3e98976c4edc53d0704ac53cd40d345a
BAITC-Hacks/hack-e3cf3837-080120650290,070f8226e5d0f59777366254f1daeae74671aed0
BAITC-Hacks/hack-e3d275af-beyonder,47bee294f07f1d60b8306b6ed1f8e8019776c203
BAITC-Hacks/hack-e3d7ee1b-osiris-deeptech,7bdcd60a6615a575bf58b8700d37a4a1fc48ef8c
BAITC-Hacks/hack-e3d8b0d1-strikers-club,635b1efb93ed44dea5aedccd143486503f61233d
BAITC-Hacks/hack-e3f9eaed-darriks,85b8e7f23af3ba3fffad4cdce23c1ae75a4a0f68
BAITC-Hacks/hack-e4005593-barni,3ad0a4fca07c97c0e41ead9b75ffb8c0b118d0b8
BAITC-Hacks/hack-e421de3b-redorda,e597e1070fe114cb81705611a4670ffd3cda090d
BAITC-Hacks/hack-e4239371-kokcit,3eef17c93f236ef6e57532da4ee893f667827f98
BAITC-Hacks/hack-e4281e9b-dmn,596f2196f91bac62d1cce8d9f551396cb89f5714
BAITC-Hacks/hack-e4350f2f-astra,e5050e27aeac881585a9884a2182b218ac89112e
BAITC-Hacks/hack-e4378ef1-stbuedu,5c0caa37ea90f23647c5ef4a47b7601894e458ae
BAITC-Hacks/hack-e45a6b92-vibechillers,65289bbb554763622fdfcc956f06a557ddb951f0
BAITC-Hacks/hack-e45d539f-cyberemo,f15300ff1a4b026dbfde5648090112d478f73a0c
BAITC-Hacks/hack-e46b784e-gen-ai,101a261d6d7010ada0e597212ae3a777626bd3f1
BAITC-Hacks/hack-e4bcd721-2p,ac2d448661bc1e50cc54f41c5a0e0707a2f06736
BAITC-Hacks/hack-e4c10181-araraikhan,ba91245580e24b8afd4fb0d2e6f81696b66408d8
BAITC-Hacks/hack-e4cf32a2-almiraiskakova638-dot,aa7f097f57c2d839179854ee16ec7990d458a13e
BAITC-Hacks/hack-e4d17630-mlabs,f646e00cf04f497803a60a44100571e2dcbff439
BAITC-Hacks/hack-e4d299d5-otc-os,4b7bf5ace18ef894ddf1f17cc198d5ad74774a18
BAITC-Hacks/hack-e4dfa205-avm-ai,56fcc0e8d78240acb345b242c3d5b1a529ad8ad5
BAITC-Hacks/hack-e4fa0cd8-chtot0tam,bc222f8bd298625c7887722e5c513322c1050a90
BAITC-Hacks/hack-e4fa63ee-cindrelo,738685e652f7445bba9c66795d27a33ac55c878a
BAITC-Hacks/hack-e4fbf0e4-dairn,96fdae8c9e298833e5d067970be7873edde3aa68
BAITC-Hacks/hack-e54d9694-that-day-in,1c25fa0437724e780752a6e6d2ec3500155f4623
BAITC-Hacks/hack-e56dfc41-beastboy2209,8d587f81de7ffcc34539b2c1668fe0896f4abe45
BAITC-Hacks/hack-e583596f-desert1ck,a4d145a5f2559a000d1e1913161170ea53c36e77
BAITC-Hacks/hack-e58cc84c-aitop,efce76c6b5b4969504d9a996d9540455ede22c49
BAITC-Hacks/hack-e5c50c8d-naiza-ai,8945b469705192f4d12ccb12189bd98df2f435ff
BAITC-Hacks/hack-e5d629e6-lucky-charm,b1a6a8d82b286e930dbbd1bd59f684a3061c80e3
BAITC-Hacks/hack-e5e76a1d-jasbas,b60c85cf6c1fa0220365c5c2eb5cf21a72d5151a
BAITC-Hacks/hack-e5e90bde-sudo-win,dd6e9e4d017d3115e0717d06213199ff65815e4a
BAITC-Hacks/hack-e6117574-freax,e5306f637c54ddb81504fee6ce769c473e17ce63
BAITC-Hacks/hack-e61371a2-smart-it-solution,19f3e30f8125ecb63558d3b13ee1c32e2fbcd3b5
BAITC-Hacks/hack-e6169dd8-syrlybai25,2654b11a2f8029149aacf8fc6058b5732d4616bd
BAITC-Hacks/hack-e6253930-laoq,a5c60ad66e43fb8e04a05eb238f443fad882eaa2
BAITC-Hacks/hack-e640c7de-petroleum,8cdde03024735e5b8d01ca83639ae688148d770f
BAITC-Hacks/hack-e652284a-qara-buqa,31142935b1145161f2ca4774601c51f3fd812d49
BAITC-Hacks/hack-e65e1d37-aliwkakz,ca0f111f18d7f6a0c43c5f36b2c0afaab983eb32
BAITC-Hacks/hack-e66e0807-genz,cde5f11ba4270ffa690fda906e7f112052c5b371
BAITC-Hacks/hack-e6821850-techalash,781cbc82ca1ddf820c26e3cb85deeed43e902f6b
BAITC-Hacks/hack-e68c7bd2-triple-a,82dcc7f8a43a7701f7f93a7fc8ceaf2294469570
BAITC-Hacks/hack-e6956664-m-a-n,e0266778b1214fb780c1d71920d5919d70da3e99
BAITC-Hacks/hack-e6b48be7-diasb,f7be547969aab97611346af7eb3139ad6ec89f2d
BAITC-Hacks/hack-e6beadd3-nurdauletsnn-pixel,a8a665408dc67392aa25e457dded657e6054b9f8
BAITC-Hacks/hack-e6db91d6-addazziia,de96facb278c63330f977ab9936c729c1cfa7d71
BAITC-Hacks/hack-e6dc3cae-fryuuyy,5084b003b7be69cc2652fe3962f3ffc2e6c87d35
BAITC-Hacks/hack-e6dd50e9-guldanakb,4ff5a2225d3f3dad65c298273242e35507d7a58a
BAITC-Hacks/hack-e7357985-dragons,2181af5f9089fcf36f568130012d3b42db633646
BAITC-Hacks/hack-e7389344-lowskilldevs,b757bbf901dc5d8138ffbd307c416b4e898690fa
BAITC-Hacks/hack-e7581414-molokodapom,0ac6474a233e27b3abbd11849573915853e4f6c9
BAITC-Hacks/hack-e770751e-mrrobot,93ecf0f0fc742b76d13c3afb52530255c21fedf3
BAITC-Hacks/hack-e7774333-ysamalov,3a283525fa3f03afa61bf22cc13a707114464d5d
BAITC-Hacks/hack-e780510c-yonro,287ed3b77b3122b1b04192c38741bed763ac83bd
BAITC-Hacks/hack-e7889415-avm,8ecb57be8f260b8ab320e302b4dbbf5310b86d34
BAITC-Hacks/hack-e7986123-serikbolatdana-create,576d3531cf0c656047640aa3245e6bf119e568f6
BAITC-Hacks/hack-e7a2c49b-maksat7-12,d633a78017b3661406e0e3d71b41660d82b5aa4f
BAITC-Hacks/hack-e7ae4adb-enthusiasts,47b43c6554b2ff4509d7c634ae70ed5fffdec52c
BAITC-Hacks/hack-e7c9156f-senior-vibecoders,35f8782956e703311a596c2de61a3e36f4f6228f
BAITC-Hacks/hack-e7dfab7e-derlyight,8fe4fe0a8b8af1192b1fa141c41b21296735758e
BAITC-Hacks/hack-e7e6d067-aivora,9e6499614cc25e119a005a2d8f4aae41fb0e7489
BAITC-Hacks/hack-e7e7d7a1-webspace,c5a1f3328815e765ebf6ea765f314d6dddc696fd
BAITC-Hacks/hack-e7fa977b-phant0m,5bddf9484118825f90e6c80abb2b126678ac5cbb
BAITC-Hacks/hack-e7fefad5-supereggs,3ca3ecccaf7f524b3d75dda19caf1ad43b623621
BAITC-Hacks/hack-e805e31f-bizhan-team,3ee5bb59fdf83b01d7d5e66b61a740f5109e01c9
BAITC-Hacks/hack-e823438b-stackattack,70257044ba5e922f04fde505f38757533a698d15
BAITC-Hacks/hack-e83f27d1-star-platinum,eb23cf7ac8bb13b717a8e2dfd8436e976708cfbe
BAITC-Hacks/hack-e871c012-cybershield,4e68f063ab742f5334703880c35479adcf94a765
BAITC-Hacks/hack-e88834c3-7,d09708ef524a15af9451115775d746f4ad9896eb
BAITC-Hacks/hack-e8adfd2e-vladimir-yussupov81,e704dfad6bbe1f443467d62155c4e3ff5e73d8a4
BAITC-Hacks/hack-e8c248ad-team-yonder,286ed09ee3c2f33d6ab38487f5d61eaeb41de02b
BAITC-Hacks/hack-e8c85a56-deadline,830d941d80ff4ddd00652b20b145b3817f1ba862
BAITC-Hacks/hack-e8cce473-ai4edu,68400fb2428b8bcbe94467df44cd933076ca000e
BAITC-Hacks/hack-e8cfff0a-f2-astana,dd4d44891bafee9da7fc389064469d18675e5c17
BAITC-Hacks/hack-e8e0707d-chapay,26151b7b8f63c5b05e235ac3fe81b8e8023974b1
BAITC-Hacks/hack-e8e2753c-aiastana,301533d77845c8a26430b8da38a788965f8b6818
BAITC-Hacks/hack-e8fa3f76-menteteam,5b8a826dba716fa8d393cb4bfbd8f66fe02389c1
BAITC-Hacks/hack-e8ffbfdb-raha-1805,d9acb716ce2030461cae0af0926f3d36439f3b75
BAITC-Hacks/hack-e9062c20-hack,9e341ae6da7d3193af3d299a0d0bad9822f92edb
BAITC-Hacks/hack-e9304e3b-team-spirit,6536b82c95a4f7912341a0fe4253ffbeb94863c6
BAITC-Hacks/hack-e935193d-vax-dealers,c81ff6ccf799ab01e672ed4179071595f6b1c9e6
BAITC-Hacks/hack-e9482e54-esm-team,9705d58564f815182d130bf8422ff1339e22f520
BAITC-Hacks/hack-e94993ef-zxc,746aca2e65def4440cb41e480fb8c74e8320328a
BAITC-Hacks/hack-e9520d6e-the-boys,1745317e9955db1b682c457af936d755c56c85b1
BAITC-Hacks/hack-e9834737-daniar,cd4ac4e32d4d6e0d86749ed09999ff22169cbdb0
BAITC-Hacks/hack-e9aa67fb-one-man-army,35624843087d8971e15d92b00946f897e65c4dc1
BAITC-Hacks/hack-e9acc52d-bezdarez,1df56f21b1daf9a4a56214a03028193fc1ef0052
BAITC-Hacks/hack-e9b18f40-solovibe,3be80ffd642bbe3bb9b3ef8a99cd95af7455bb02
BAITC-Hacks/hack-e9c8f52b-seksenbayeva,62456a1d2a0bef9167a763cc99194b010118101b
BAITC-Hacks/hack-ea0d6ccf-caradox,11814d853e01f12151b73e32eee9764efdfdcb0c
BAITC-Hacks/hack-ea290af2-lapd,c46c53b2c0abc6fe154ab2a1cc483493a64e25e7
BAITC-Hacks/hack-ea2fa430-fine-tuning,f7ae5acb24a4dd94594dea82d2dad704786f759a
BAITC-Hacks/hack-ea341e62-sultanbekkenesbaev,eed80c7c5c96b7c33b24da4137adbc766af2ba66
BAITC-Hacks/hack-ea374545-beka,0e301f2c5f3570e7be1559ec4240124b46e93573
BAITC-Hacks/hack-ea3cbd9f-taigers,203521eb5571cf08819f14904dfe08272bae11e0
BAITC-Hacks/hack-ea42dc67-havefun,814fd95265a62dbf3bf4b7b6ff25a6ee0732baf1
BAITC-Hacks/hack-ea50d4e9-participants,65fe1290dc9d7c8c87d434f58001e831808ef6a9
BAITC-Hacks/hack-ea5e9bea-diiil,dce092d28ae07fe165db4aab6e6cb15da8e456b6
BAITC-Hacks/hack-ea61fd24-ermaganbetovzhalgas07-lab,80341247c94cc6336a4d082009a9fd3ed2bbc9ce
BAITC-Hacks/hack-ea63b56a-api,94545c33818eb1883ebd21943902d3226b540036
BAITC-Hacks/hack-ea75210c-ww,82e1ee2c79e69010aa9c737e8bae587a456b5a8a
BAITC-Hacks/hack-ea8492f8-artifex,c125f3dd068d94d6a64dffad1e5c42de24f33b62
BAITC-Hacks/hack-ea95d0bb-chinese,4a72f2545b9ca2f9b17991a8ac8058d52cea0f8d
BAITC-Hacks/hack-ea9d4245-cathays,40e377b64536ad18ffb10f726ba143107d77fa7d
BAITC-Hacks/hack-eaac6538-sumatoxa,180b4fe0c972a62aa33e7e1fd3a8927f3e532dec
BAITC-Hacks/hack-eab7e034-104,62cd58cfec2a17a7053c515ebbc94e04ddcabf4e
BAITC-Hacks/hack-eabb9f26-chezaurodynahackathone-t2,be8054acd42d1baee2d5b9b4e9b75a1639ec69a4
BAITC-Hacks/hack-eabc7aea-elchi-ai,bc96d6a9c363e524dcd9de0ed4be8cbc825b2e7a
BAITC-Hacks/hack-eac32eea-zhansaya-dev,cd37b14dd4b1298231bd627668f5242788af41b8
BAITC-Hacks/hack-eb092006-aevix,857c852fa75e8d69814aeb7715d0a731728dbda0
BAITC-Hacks/hack-eb17cd61-lyaguhazywoo,77e3356690dd540df935a626766a67abef415c54
BAITC-Hacks/hack-eb2431b4-nursulltan,7e2df1a92221e58c14285ee431d448f82c15ba43
BAITC-Hacks/hack-eb3ba7a0-beknur,f8b38e3fd21fe6bf6321081dbf8cb38e7623e29a
BAITC-Hacks/hack-eb3d47da-doom,89745d5d88e702bf6a1043037c41498c84e66d7d
BAITC-Hacks/hack-eb483107-sanzhar,9bdc62bb076eb3a53308baea520ddac1399c2e6d
BAITC-Hacks/hack-eb6a2562-saq-innovations,f2a37e688a01b6f7d6258c43e5334c677dec0abf
BAITC-Hacks/hack-eb7b8f94-awzwz,b167d4992b9ceb254d57a24d1253251e227a2572
BAITC-Hacks/hack-eba362d0-first-try,d2aeaaf48fafb559414277182a20c7bda1d895bf
BAITC-Hacks/hack-ebb03a97-unity,b222515396eefec7a9990c11350c84284553a58c
BAITC-Hacks/hack-ebb30857-begginers,b5df55e60c22f6dad16088602a3f404fda736638
BAITC-Hacks/hack-ebbbbf5c-laima20192008-debug,189e7d0769e72e54b403b6b4cdd2127cd05519fe
BAITC-Hacks/hack-ebee2a4c-slonik-jahangir,ddc17d84542228454c87a1158b892b8c2bc65a3a
BAITC-Hacks/hack-ec2ac5e7-gulzhan,21a557e83b93e31edb36bb58c6da761ba5a74abf
BAITC-Hacks/hack-ec2ee273-almaztt777,e3d14677f4776fbc4eea516d831c5b3c1bfb1643
BAITC-Hacks/hack-ec366cc6-23,5070c2a10ee63e3b475175b6cdb8843639b1f246
BAITC-Hacks/hack-ec4dd092-shymkentstan,7df9406787996c4b0407166a31264459ff1211e1
BAITC-Hacks/hack-ec659486-mua,9eb689e65ef5c551667c53787b96825ef9cc80d1
BAITC-Hacks/hack-ec68d108-chezaurodynahackatone-v3,3694c2ba5683c455fa812a5705f026fa5726c639
BAITC-Hacks/hack-ec77273d-nomad-ai,b2301712017de2f1f0fb01ac4c19869bb8f29b56
BAITC-Hacks/hack-ec7c49fc-edu-ai,e268cca457088a459c6bbdbf5ec97037f418e362
BAITC-Hacks/hack-ec8f103b-redrobin,e98b6a52dc53e5deeed05d390f386fa2b8b8ee2a
BAITC-Hacks/hack-ecc2e194-future,6ddca002b9f041a7f82aa119180c3f1c8eaf76ec
BAITC-Hacks/hack-ecc3665e-erasyl,568c627d44085c4f9a2c739477a3432eb5aaa880
BAITC-Hacks/hack-ecdbc975-marzanabsadyk-oss,fae3bb0c526317d65808d137f6503ee85daa5f82
BAITC-Hacks/hack-ece1766d-assainnali,8a580ba682e965cfa8f0ff5667e96ef4d4c945b3
BAITC-Hacks/hack-ed0d48b8-almaccu,efb9fa7cb225ff6711ee900eeb1b9ee6a65bb7a9
BAITC-Hacks/hack-ed0ebc3f-whesternunion,057db105a62b3176ce984bddd066e2e08e2a7ca6
BAITC-Hacks/hack-ed15a85e-ai-gyrlar,0a2408f0bd39cce5e66e33737e4bd487e3ee545e
BAITC-Hacks/hack-ed162116-nomad-ai,fddc89b4c42fc5e03bb2a6bcd231cfd671655b65
BAITC-Hacks/hack-ed1b06b6-the-human,f1048275e74cd3ce75f252c31440acc13d80457f
BAITC-Hacks/hack-ed22c2f3-terki-net,51db9eaa7bd3054979efbfa3f62dccf3bada47bf
BAITC-Hacks/hack-ed2caa80-zsandibe,1302a09c20a39cc99a5624a53959630eb7be3ef1
BAITC-Hacks/hack-ed2dd7b0-commit-and-pray,b97322b418ecf648126532a91a6221bc7ed5b2f6
BAITC-Hacks/hack-ed32fc17-armanbatabayev-hash,e5f91278b094738cbf33b02e2e920f3ebfbc167f
BAITC-Hacks/hack-ed43b928-aibenders,a8ba3a40d74458161ccf3247529b1ad64ed25f2d
BAITC-Hacks/hack-ed58da2d-health-core,fe928eefee84fad6f67dc3154983f5410096c391
BAITC-Hacks/hack-ed8afe07-team,12c962a9e92346b82f515c6e879415fa6be87cfc
BAITC-Hacks/hack-ed8c23b2-begemot,f34054e4d4db286f41d5aa356e40217c48885378
BAITC-Hacks/hack-edbf8a5d-plunkton,89612d156e00fa29ac06db8114757fbcae63aded
BAITC-Hacks/hack-edd3c6c3-kvaslovers,e74dc954887ffbc98e48584f54a4a3abab89eff5
BAITC-Hacks/hack-ede68a8f-dzhakeevsanzhar666,ef6f22d872c6cb44c6966e0bcaae99242dbdbad2
BAITC-Hacks/hack-ede9a8b1-vibe-coder,66fe09c34e86caf8c3d7f1d5f6bf18fca4eebca5
BAITC-Hacks/hack-edf47705-seven-it,530e319682931a8b41b9df090097accb23f56c3d
BAITC-Hacks/hack-edf5e5ed-team1330,e58a44c442105ebca6ba13749332d103ab644719
BAITC-Hacks/hack-ee0863ec-larp,5726ca5b9c1eb5d07ecb2bb76fcd22a8faeb4997
BAITC-Hacks/hack-ee0997c4-srsrsrsr111,06048fe58db61e7a9706dfbf5eed43a1bc59a037
BAITC-Hacks/hack-ee17ec59-sts,1b34018803fa9228d4ed5d5f4d19b01c55f352d2
BAITC-Hacks/hack-ee1b4ed1-gnu-larpers,6e721fe1b6c415371cd3ebc603a157592c6f71c9
BAITC-Hacks/hack-ee20e5a9-specialz,817f7dca07ffd0ebb8385110394d5a87b75470cf
BAITC-Hacks/hack-ee3a1ecd-waheed-s-company,e1f542819f9cc2f23576f2b3427aafb689e284d2
BAITC-Hacks/hack-ee3bcfa5-adil-alem,e1f993041a8134a6896cf363b1d82ae593f33e40
BAITC-Hacks/hack-ee3eb0d0-gjigi,3193863a0711f1439da8c278a32eec76dbd579c0
BAITC-Hacks/hack-ee5834af-jfn,e643c1acf523268c71ace48889a943f518280d9d
BAITC-Hacks/hack-ee5a3cd4-404-notfound,61995c62d441d7b30aea8ac93da2d8655afd1676
BAITC-Hacks/hack-ee5d37fc-naurabay,ea3aab65e36e07c4e7407d7605e9df2e347b019f
BAITC-Hacks/hack-ee687ca2-rdg,9b8d0306fbe4d4d48a993bea458c8a59d46bbca6
BAITC-Hacks/hack-ee7243a5-tebiren-team,4442c655de0bbb63594d4a3e77cad4c0a1d3204f
BAITC-Hacks/hack-ee897aec-novamind,1316c9b1ca21649d2d1b90f9c62a512fedb62f66
BAITC-Hacks/hack-ee8cb9dc-123,469a62e89cb4f1624bfa1fe4c401a32ac80dada9
BAITC-Hacks/hack-ee9a23f4-dreamteam,e0a921f74054205c1e32a0795f65ade85a729719
BAITC-Hacks/hack-eeb10f94-flybrain,211ba576d0d039bed6bcb83842491a0df9bdba64
BAITC-Hacks/hack-eeb49c4a-alem-unauthorized,09d5ee55170809fb909d48d8585a3cda6c793961
BAITC-Hacks/hack-eeba8cde-thefarrukh,192951f4bb815c959f05ee550454feafbf4e3a33
BAITC-Hacks/hack-eeca788f-5narse,17cca9f70ed0614d6bd55654d130c9bb492bc546
BAITC-Hacks/hack-eef83eae-soloboy,9fd3574059dac063928573eac8da7aa2534a63a2
BAITC-Hacks/hack-ef26dce6-solocore,2252ca1613e2ccc57d95da1a3621fb8cd103f9ef
BAITC-Hacks/hack-ef3da0e3-aib2bsaassixseven,d3b26f3187b9d39f094d4f3dd473fc81fd1ceb5b
BAITC-Hacks/hack-ef42c09b-brazhers,6584dca35e763c05cb7c8754e30a90117e923051
BAITC-Hacks/hack-ef433cbb-springb,268bcd3654667c50d54e53e8764b5db2dbbec6f0
BAITC-Hacks/hack-ef4b5f1e-prime,291d8499ee3c3f83b3d86b6197ff568e4cb812ce
BAITC-Hacks/hack-ef529fbf-alish-an,8de970e0248b63b51368da72f31adc286a564827
BAITC-Hacks/hack-ef8f07ad-halal-hack,d59068bc47ae649aa38c445a24bbc5465bac6a9a
BAITC-Hacks/hack-ef9b9705-akyldar,b297386610ceaf92192762a2a9516e130e60106b
BAITC-Hacks/hack-efa49875-nonesafe,88a48b87c52cc750540d7a52f9f5e4a1a1f40dc7
BAITC-Hacks/hack-efa741b1-qaldy-ai,77de98209d5b910093fd04557287ef2decda8528
BAITC-Hacks/hack-efb36ea5-null,f1bdfc2b298aab573bfd18160aacde6fa98b8e23
BAITC-Hacks/hack-efc8a833-nextq,b3d5ca30596ddb469e2554b48e178b6a0c6ff63f
BAITC-Hacks/hack-efd32e45-lexus,7ef9f02484aed40af6cbc7029cb4d976602740da
BAITC-Hacks/hack-effb6ebc-aishishi,3ea2c7ff982049cf539b7ed2a994083c7e5755b0
BAITC-Hacks/hack-effc83da-fsociety,62b48fe1428b950fd05b3eb89e8d39ebd8b6ea0c
BAITC-Hacks/hack-efff8cf2-007,88a8d3c79e96d05e21376cdb5c10d0bfe8b11e1c
BAITC-Hacks/hack-f01ce00c-adkhamov,04cfed24c11220c6159b2c0af8613005861a2342
BAITC-Hacks/hack-f01db9e7-marsqa,62231037639ee30d6f8f5abefebe5f8868cca618
BAITC-Hacks/hack-f02d3fd7-a-b-systems,5b7c75a95e960162e5a15099381f81e3efb11019
BAITC-Hacks/hack-f031ea4a-milky-way,65e43c1f2eb58fae7d0b4302affe4bbc8ebace7c
BAITC-Hacks/hack-f035d723-bul-bul-corp,58cf45740e2fd21dde056ecd16278164c762648c
BAITC-Hacks/hack-f0370cc6-rm-edtech,f19c8d402716b4c1b123acb6aaec3769a91b638d
BAITC-Hacks/hack-f03df2e4-chinesesupreme,c29c8ceada37045110bfad4028dcc340386199c5
BAITC-Hacks/hack-f0428c24-azamat,1fe9d749f2c2e4bd3694ae1e189a81d9e4413b47
BAITC-Hacks/hack-f049b4c3-aidos-team,5f643d56d75ba0b0d7bab9854978a60d358f287e
BAITC-Hacks/hack-f05c02cc-znayushie-pobedi,bdef63ec6ab6c7abbed07f84be5d6d08b2e0d0be
BAITC-Hacks/hack-f06e8b17-nurgul-usman,8ca2a5dd5ad7023c71710b1a7517cd9abe1120c6
BAITC-Hacks/hack-f0720a2d-it-college,4d9d497ae1eddd08a4fc3b0b66121eaf3e79ca0f
BAITC-Hacks/hack-f07ac55c-nupogodi,c452910afcd322ab4456491745e2fb5b21b63458
BAITC-Hacks/hack-f09f40c4-locked-in-bois,26e2977ac5ea14dad3a410f0c98d787180acdd14
BAITC-Hacks/hack-f0ab74e4-knewit-3,a8f1c6b4d20e44a6a5aeabbdbb338e346dcbd6e2
BAITC-Hacks/hack-f0c1c7a4-uz,00ca0b96bce17522c0a40ef584e6669679ddd54f
BAITC-Hacks/hack-f0e17446-pentium-ai,af03fdc0cbd99e567e10262ba3f08308eb95a82b
BAITC-Hacks/hack-f0e2e679-solopreneur,2e34e7825ed1a01b46670159df8e3148768d82bf
BAITC-Hacks/hack-f108cf70-yetbir,9b0bd999d16f0000661c61956b6135ddcddc48e2
BAITC-Hacks/hack-f10f2cb8-hiuaz,a6239c5fbf76243f350d7bb00e382e576b3051e7
BAITC-Hacks/hack-f11703d9-burkit-team,36248870f5119e456e13314ab4eb8783ac3fa16a
BAITC-Hacks/hack-f129848b-silver-chariot,16c896f67343e044038c4c2faa7637bba567b142
BAITC-Hacks/hack-f12a2a86-dt,11b757aa271a4c7441591a4086c682ad7536dfae
BAITC-Hacks/hack-f1308491-ai-concept,56186446151e46b4afba54f223f277cafa357bf5
BAITC-Hacks/hack-f14297ed-peakvision-v1,30a1695bb4adc3b0bd45ecefdd30d79d4dba9e7f
BAITC-Hacks/hack-f143961f-inclusivetalk,f8ce0109e36d91d739efe7909ea32c9bf561c307
BAITC-Hacks/hack-f1455f96-verstappen-com,c58aa3202da213f67d5445b6d54844bfc283337a
BAITC-Hacks/hack-f1563a6c-aitech,1b813c97928fadbde9d3d6b12ecb22299d990158
BAITC-Hacks/hack-f1676dc6-kenshi,c6856a0d3e066e4b2cbc6ad7d776666f333111ed
BAITC-Hacks/hack-f1d8f64d-aidynbot,aabe3d33f71bd547a61dda754fc5ed1e1c72de09
BAITC-Hacks/hack-f1e74bd2-ddar,29ae8710f991f0521341b31ef4beead631b7a3e4
BAITC-Hacks/hack-f202606f-runtime-guardians-securing-ai-systems-in-real-time,3244144dac329529fbc7d8a1f3f7845b7bddf1a5
BAITC-Hacks/hack-f2139e4f-whynot,d5a27c29e45009bc6d46aa9f17e2c1539c02a5dd
BAITC-Hacks/hack-f22098d5-ratisho,dec1f0d785449e95e59b68c3efea23e84dd6a932
BAITC-Hacks/hack-f23e41c4-aviola,d5879f1e6ac90282f1d2ed5283ea7fe3e11b63be
BAITC-Hacks/hack-f2457589-onemind,e64a94c65777272fd22ee712b848369151de16f6
BAITC-Hacks/hack-f269bf1d-zenith-daemon,66ba10c8882fe12c99557d65d9e4e8821a18fc88
BAITC-Hacks/hack-f26d1c1f-aiforfun,c7e8c2c5d4a2c571a99f92b44b926eb3b6d4211c
BAITC-Hacks/hack-f28414a9-fato,89ca4fc797613566532f15e885bd6acebd8c6d86
BAITC-Hacks/hack-f29c6753-hello-ansar,878399bb91d81d4578ddfb15c37931504d04843c
BAITC-Hacks/hack-f2a8b441-ozge,f539f507b6805804adb866a15e5bf5bc12cc8b98
BAITC-Hacks/hack-f2c1f0f3-gtbsbe,b4563c54e4b6d2f021ddc33465ae2dd7d80b33a2
BAITC-Hacks/hack-f2cc297c-solovibe,c7b2767881a371175ffc0989e42d8b026623f2ef
BAITC-Hacks/hack-f2ce041b-ibix-digital,df3fc8f5345aa9b5f44521e54f08150c0a8b0cf5
BAITC-Hacks/hack-f2dc3c28-technokod,e872c8aeea31142062a0da0f6f68dd8d6402649f
BAITC-Hacks/hack-f2ece5dd-ra9,97639d7ca4ff24972c76b0c9d016e3a7d9249bbc
BAITC-Hacks/hack-f2f6b39a-3eps,4e6408cbe3be513dc1172b73fed5ec97b4c93631
BAITC-Hacks/hack-f3080e43-iskander-akhmetov,56f06771aa006056a0a7aeb225cc10e857d3e11f
BAITC-Hacks/hack-f32457c2-95,d286df861f19c45c4a416c0c82a17f4f36c9b51c
BAITC-Hacks/hack-f3361f1e-omnipotent,15a724d755ac257f5d83df7fce2a3bc7bed2139b
BAITC-Hacks/hack-f349ab11-bayan,28ff70be19e6f6d76d36425d9c07c5bb5e72686f
BAITC-Hacks/hack-f38ff157-samatshynybek,10243fd7e35644f660f9625467f351127c4f37e3
BAITC-Hacks/hack-f3c19fca-sam-a-ai,99d4a6304fd750a7abeb519bf16cdaec8e9c4579
BAITC-Hacks/hack-f3c86d22-team,1907ca1a50a244241fd6ea8f62057accabceafbe
BAITC-Hacks/hack-f3d989f5-monte,b5080010b9b4dc0be42c5499b3a67a9c3693ad40
BAITC-Hacks/hack-f3e233a4-asian-ninjas,680c148397d9c890c8281904070a92181df58022
BAITC-Hacks/hack-f3e5c053-kaeai,0aaeab3784d52f9cc8e03d4056fe3bb19869a5e3
BAITC-Hacks/hack-f40a9595-ayan-solutions,0e4088cda1e4191b925950ee399ba1b32778d0b5
BAITC-Hacks/hack-f4120b51-zhem4ug,868631e733a12fde397be07152b642553de0febf
BAITC-Hacks/hack-f412ca36-inkardara,f54a32e847a1f9f22525a8983e07e2bc67abbaaa
BAITC-Hacks/hack-f4150504-lionsheart,cd0021208206dc6d6205c9468ebf2b037aa80248
BAITC-Hacks/hack-f41b2422-arasaka,df935c19bba8bcdab5a4627a5af888a3f93fa247
BAITC-Hacks/hack-f42a4030-sauirbeka,6f1633ef8140bfe36fe9346253f08717dfba6b54
BAITC-Hacks/hack-f42fa90b-autosoc,149b9e31952f15a7fac12a9b4d3e6332dc6dd85c
BAITC-Hacks/hack-f43416e1-a1gys,cc123b53c18e05135b13c3548076d45444ebfcf1
BAITC-Hacks/hack-f468c648-azamatsalamat,9b182f889fff72e1c495645e4170d68cb14403e6
BAITC-Hacks/hack-f4710c3f-mba-team,75292127e394e2b85ba257f8269922454f064967
BAITC-Hacks/hack-f4744e4f-almeai,c96d838d95ca42a508367295636a10646b2d4014
BAITC-Hacks/hack-f47e9dec-tebiren-team,4bbfe242e5c5b30ba5e84ffa8da2bd50855898ed
BAITC-Hacks/hack-f4831b3b-nex-core,90bf23e9554898c6d27c1b8ee9b14c7e800002fc
BAITC-Hacks/hack-f485f4b0-neoncode,320094fc5b02f93ef4ad33e2bef0e6cc1a9de41c
BAITC-Hacks/hack-f48f66b9-turarbek-2005,df4412be5aa58d5481069d53d18f130ba4cdc7bd
BAITC-Hacks/hack-f49a68d2-edu-hub-eagi,6f5baf9a74acca6c7cda8ffa87139b276ea8ec3a
BAITC-Hacks/hack-f4a4c04f-tonytonychopper,f9341027cea7387d9f1cb1be8ecb4d058e94a3f0
BAITC-Hacks/hack-f4c7cd15-q-gen,a2565d7f70c4789cc16bf229cb7518b38288b29f
BAITC-Hacks/hack-f4d6026c-adina00-tech,e734e697ee05a3e2e2f70b33d53c396c23273163
BAITC-Hacks/hack-f4e57bb4-adilettorebekjob-cell,f5ad9c7a7fc91ea2d2ce155e84312a4b00842183
BAITC-Hacks/hack-f4f577c0-kenshi,a162c11e5973d901f6ccdb205c8c3fa9c8fcb27c
BAITC-Hacks/hack-f514f733-champions-only-stu,7642a295d5c9d3702eaecf517d6c6dd5ff51aaf3
BAITC-Hacks/hack-f5179186-alem,3f662ccae18338d784021132087b2ddf6aeda4fd
BAITC-Hacks/hack-f518029b-tricare,f4f73352dba0ab97d9895fc51e41546582c577ac
BAITC-Hacks/hack-f53ed8c7-realkazbek,b89b9feca4bf3742eff3711cee4b5c775c849bdf
BAITC-Hacks/hack-f582df7d-sea,41710d214fa32c03baf523a04dbf75f371ad906a
BAITC-Hacks/hack-f5a948f8-raknihc,460d05b47c80d57503cb42876bd12a1554091f86
BAITC-Hacks/hack-f5b95e04-3,580de5b11c4faf6551beec53bb901d8153a27edb
BAITC-Hacks/hack-f5e3ad29-alisher,4f911c576a7d664d709bcc08eb3b7fc734edccdb
BAITC-Hacks/hack-f5e895b9-bizbox-ai,6247dd3857f9fab7fbbaab864076c183a4903cbe
BAITC-Hacks/hack-f5e922dd-shaniyev,5190d9e8edb715017944dbf48a5987d88d320f74
BAITC-Hacks/hack-f5ec9a3e-codex-make-no-mistakes,ce32e4997f00765989d89993e3e2c79c0ada388d
BAITC-Hacks/hack-f600afb6-tria,8401e64b90fd9e92ee5ea239623b34422e8141d7
BAITC-Hacks/hack-f61fc4c3-zerohal,dac2fb321c7495e86db8cd3da9f9475bb17b0970
BAITC-Hacks/hack-f62d3790-arsultan,de8620c0ba6257a428dc55d83e839f7cc5175175
BAITC-Hacks/hack-f646e89d-samga,104790a156bf5f235f03730b27ecf7dc8da6a298
BAITC-Hacks/hack-f6676a41-zhetysu,5af6554829d4113902999cd1c207e0378962f9b3
BAITC-Hacks/hack-f66f9eb1-eldarbaqyt,1d7ac84291874e615dadf1c81403560b44d37281
BAITC-Hacks/hack-f673c988-amanbaalmansur68-ai,358335912f0093f023b3fb98c1e3d72b452bfe0b
BAITC-Hacks/hack-f69df421-wigunilmi,4694eebb1eb74eedb6b583f56335ae9cbbc0ef17
BAITC-Hacks/hack-f69e7544-conqueror,30a4242ee033ceea6e49a1e8ae7c94b80304dc73
BAITC-Hacks/hack-f6a6c90d-talant-git,4e3d626d3c26ee9b2d2a2228c17fffabe27af30b
BAITC-Hacks/hack-f6c388bf-2407,0df6c79097fc72ff42bf89d33666fb00fc868b10
BAITC-Hacks/hack-f6c6eec8-iotector,b1ad9e0161464f241e1c98ef8f406d9c109a3aad
BAITC-Hacks/hack-f6ccdc42-temirlandautaev-lgtm,1c7f6da12ecb3b7fe277e2e7ae1f76ce49822462
BAITC-Hacks/hack-f6cfd1cd-go-team,d36b0a289fe4123fbeb2fae6828828d2698b8be6
BAITC-Hacks/hack-f6d2a9ec-hackmoggers,99b660a7b1e7a057fc2433d8738b62161a0d19f0
BAITC-Hacks/hack-f6dd28fc-q,a785c38ae3f6949006254d49a00bc091f3ef6824
BAITC-Hacks/hack-f6ff0eee-tim,eb60863abb1ef6e0a2467535df6fe6b08f6454cb
BAITC-Hacks/hack-f702ab05-x12tango,f606ab50aaf26bd8a64bdc4a419f4517f33b24e2
BAITC-Hacks/hack-f7336ce5-team,6bb9972b7037ebba2c01285931031b41e789039a
BAITC-Hacks/hack-f74340d3-team,a0b5de7695a941c4333f19d5f5351db21ff2f867
BAITC-Hacks/hack-f746c068-ctrl-ai,8f9e0476c4617b2c4fe0710e3fa54f515b8b7545
BAITC-Hacks/hack-f7475e95-hack-world,2a3a2d73df29953c555b09b9e5c4bd734b249510
BAITC-Hacks/hack-f760a1e6-aidar,16c33d8f20cf317ed06605d6b0ddaca8f702d669
BAITC-Hacks/hack-f7740f33-just-team,4795fd916e48bfcc6bbcf1f98818d77b9464ff2d
BAITC-Hacks/hack-f78daef5-totally-spies,22245bd7a74c3ad3ddc53c88e18021629319bc5b
BAITC-Hacks/hack-f796a1a7-the-good-the-bad-and-the-ugly,bacb23a418787de60771a299a629c90510768cc8
BAITC-Hacks/hack-f79e3561-aislop,5277af594112a83e3ca93b5c8e02e6a614c6c980
BAITC-Hacks/hack-f7a7049b-luckyteams,f4c011805480d4c60015be12ce2719261e8c5783
BAITC-Hacks/hack-f7b91960-jastalant,77b07ea3bb44d2188dd7cdeee75a63b6c88de3b6
BAITC-Hacks/hack-f7c126ca-aisdav,dd41771a460224173eb6ac905bdc01e817231b15
BAITC-Hacks/hack-f7cc535b-s1ga0,9978e271bec03a7333022704d3832e5a25102150
BAITC-Hacks/hack-f7f0167c-qadam,01f08edebab46c2617358f06e16e0f184835c9ff
BAITC-Hacks/hack-f7f3b461-rxritet,cb7fbe90c0f5cb3beb758e120a815a91e1c04e65
BAITC-Hacks/hack-f80b8ce9-skma,c0fb3091c1f37e4cdf8c6186e083c59e08001a44
BAITC-Hacks/hack-f81ea114-0-iq-enjoyers,16e5ccdafe7f25450169d6adad4c0d668ca76c57
BAITC-Hacks/hack-f8263889-late-workers,5cbe84cdc1bf44aa3f6009af21c66f5504163837
BAITC-Hacks/hack-f84ee748-chicks,ed1911e308f9f4838add32c3f44f6c12d74bf5b4
BAITC-Hacks/hack-f85b7323-aqubaev1-sketch,9ca40b266f2b42d3dfbe63c675e30a759b40baa0
BAITC-Hacks/hack-f865337d-aka3,7b8b5da9beb02ceebf306920f6176bccaa588e26
BAITC-Hacks/hack-f8749ae4-ayboiman,385b23914bcc8f4883df046db9dffdf55be1065b
BAITC-Hacks/hack-f874c1c9-dddhd,3b8f31e15203b50db1d3edb5f6c30f60d916116b
BAITC-Hacks/hack-f87e0b26-oylab,cf712549ba244f8472ed02581040bcff63aff545
BAITC-Hacks/hack-f8a03fb7-team,9b9680999fbdb9451730a0cd1ce21f1d5049db24
BAITC-Hacks/hack-f8b85cde-ketnavr,a00a1f5f1da8966219883193d3fcac527cf6e192
BAITC-Hacks/hack-f8c6703c-minimo,4f0ef94b463d1f3d9e35076881da058f1c12b901
BAITC-Hacks/hack-f8ce354f-hackalem-bizdiki,1f99698f4d71d68f67059bad0c3c5cbdf86e9c02
BAITC-Hacks/hack-f8d48105-nouement,fe930944b901f75223f0cb6554a11b5639449d73
BAITC-Hacks/hack-f8fce2c1-intentive,a5b3162948232153d4f1fb8467862573e0b5f7ae
BAITC-Hacks/hack-f916bd85-cymru,b00c2481efb8e16b03aafbd22010e78fd597b351
BAITC-Hacks/hack-f917f57e-404-brain-not-found,cbefbc03b25884a1d2d2928f6b3b1077f633077b
BAITC-Hacks/hack-f91a83e0-kinetix,f5e8efa49f42e0f2d9956a66fd0056bf82350e92
BAITC-Hacks/hack-f92c1d3c-roughsealabs,ba3d40d7536ebd3612d5517770e327b821318302
BAITC-Hacks/hack-f95792ec-datateam,cc0b58c3f1d1efef6ed24986b1482956643468ed
BAITC-Hacks/hack-f958c129-kxtmayy,edc425987a966538f483f1cfc7c4b8e9ace7c10b
BAITC-Hacks/hack-f95ab07a-aya,982f85716b1f867ac4d1ca937cc06b9c1d4dd42d
BAITC-Hacks/hack-f95d5e6f-nursayattulen,6e6f7bac12c7bb2f62c79059ae21cdb47ba3982a
BAITC-Hacks/hack-f96aaf61-lucrum,1f8516946d56929872d07098de944f1eea096a3f
BAITC-Hacks/hack-f97b9312-agro-kings,39f5cd16ac38730810cb6f282106ef7f9bd57bb4
BAITC-Hacks/hack-f9a62c19-humanize,2d9f266f8c5e279473cb333c9665d90cfdc89439
BAITC-Hacks/hack-f9a69dc6-abda,6bbdabaa12182aca09da2c5f9344dfe19d361932
BAITC-Hacks/hack-f9cf934d-decoste,0f62b9c516838fd8ed4db30c78e6545e2f9f264d
BAITC-Hacks/hack-f9d0e55a-bam,43418971b11a570be654b3f562c68c1dd0a61c35
BAITC-Hacks/hack-f9da8a4e-all-just,3ad9987a0717b471a40c3defeeff18bf48a74817
BAITC-Hacks/hack-f9ef362b-tofifidrinkers,9172628401e9dae0ebab4d723267991e82b6f48a
BAITC-Hacks/hack-f9f1e814-ref4te,97dabfac5ad245692c4ea725d79919ce6da3b431
BAITC-Hacks/hack-fa10f4e5-space-bell-studio,59f4b36e1d60cad5dd24695368c803074570f102
BAITC-Hacks/hack-fa373031-dedvpolit,9536cdf45cbc654905e37018decc397775f5301f
BAITC-Hacks/hack-fa4cc67b-hamza,161558c6ab43cdadcd8edc260246d4d785be0b90
BAITC-Hacks/hack-fa4ed5d3-agroinovators,1500bcdc99af7a6d55c5b2bc4a517e3011eb7566
BAITC-Hacks/hack-fa5087f9-turtle,ee0aaf55e6ae5baa423096ec3a362e63436289af
BAITC-Hacks/hack-fa5fc570-status-is-everything,e287786ba080fc8607a7d7ff9d7701eafc3ba71c
BAITC-Hacks/hack-fa61311d-dilettantes,3a68cd6af4c301da561e7bf41b12416c4ed3edf7
BAITC-Hacks/hack-fa6502c4-mediqal-kz,d9d64a4de0f844957fea29d9223984342b4187e4
BAITC-Hacks/hack-fa73a291-rkk-team,11340110555580fcc1890c930db52d2ab3a21587
BAITC-Hacks/hack-fabf1860-ademashki,4de07af783360561e0f726c30b4d1ed45fd172a9
BAITC-Hacks/hack-fac7f7ef-solopolo,b45bb683a6b1defb8b559bc7aca5d6600a2de0bf
BAITC-Hacks/hack-fae9a183-nasr,50fce254205a5ffad01c63e689f4d570367db22c
BAITC-Hacks/hack-faed41f1-code3,58ea01edc6df5dd9bc3dc46c0f0c894119c8005e
BAITC-Hacks/hack-faf6316b-11-2005,a8492f214381528e5a406c88cf64e4553dd11bdb
BAITC-Hacks/hack-fb07f35b-team,e4681a774235cabd6605338131f95109836d3ad1
BAITC-Hacks/hack-fb0999ac-enrique,203baf2215580e8e4c505fb270fbc5e15a09e79d
BAITC-Hacks/hack-fb12160c-ai-tech,7abd654d31828d0381e312588bd9f844d3df8a63
BAITC-Hacks/hack-fb29fdab-tanenergeldi-dotcom,4470bd7ae378ac96341d5cfa5ebf536ea55f67a0
BAITC-Hacks/hack-fb2f35f9-aka3,aa7350d9e28d4be2510d5604d1b5a5db2007acad
BAITC-Hacks/hack-fb509228-ospannn,8424aeb23cedb20782a9d76ff2383c4af629c6b2
BAITC-Hacks/hack-fb68e683-butaq2-0,78a8606428c79de2cfc5bad0edbfff50950f9353
BAITC-Hacks/hack-fb928385-triple-a-aaa,87c482814f10023a4226b08475808fccfd9ca21d
BAITC-Hacks/hack-fbb40deb-dairenium,31f3b48833fd7c56d80d299a6c0930b96fe5e7b3
BAITC-Hacks/hack-fbbcdce5-pixelhack,d0f428a6b04032656fc6af1e7040446c2e5b375c
BAITC-Hacks/hack-fbc5b7ee-the-click,0f8ae40dfb4a8d6e421159b666c4014bd01b7c94
BAITC-Hacks/hack-fbdd7ad1-clouds,49f4a329495446b5f57ef09d46aa9a28c75d0d6e
BAITC-Hacks/hack-fbddd0df-abeq52ngg,aa2f86bdbcbc5c6795e8bb51c8027a31f88644bf
BAITC-Hacks/hack-fbdf37fc-ilyasbakdauletuly-stack,939049f663afc27cdeccba0a278c7250e962730d
BAITC-Hacks/hack-fbe1c22c-silver-chariot,63267f3ee6fecee6a682313df52e95bef452db83
BAITC-Hacks/hack-fbef1cc8-katogria,e981874cf9af67f415749170a2223089a17eae92
BAITC-Hacks/hack-fc28f503-entuthiast,06211d1c034762fe1f0528de133be4beefb0cad0
BAITC-Hacks/hack-fc8bed6a-onai,ff99fe7f8eeee2278e242528dede10107326bb84
BAITC-Hacks/hack-fca97f7a-team,f61f03643f3ef71fef6c157ddb051df33cb56a7d
BAITC-Hacks/hack-fcc406c7-m-team,c76a57dab7c1ef5c8bf32a6a27c7618f66d713b1
BAITC-Hacks/hack-fcc9aecf-yield-ai,e17a42e1516e3f4d66fc11f89ceb2d3a2cfe7d9c
BAITC-Hacks/hack-fd130a18-rise,800a0888dbd28d04744d92bc6ee10b54fbbd903f
BAITC-Hacks/hack-fd300c69-gradient,4cfc2dcf60e311ca72ab46c74535477e8aa80bc2
BAITC-Hacks/hack-fd49dd54-bda2402,c5fac951238f0a455c9b20433bd2b0cb7456d39c
BAITC-Hacks/hack-fd4fdc99-ozhek,f333abe223190f658f3e93494fd113030dee2b71
BAITC-Hacks/hack-fd685e04-proofflow,459077b778f8847d4134181a80ffda9cd717ad22
BAITC-Hacks/hack-fd6a9e11-qazaqtalk,452207c63a16a626baf5302db6c271b8a570175a
BAITC-Hacks/hack-fd77cf23-unstppbl,a506d8769e114e4e4977458898e74508fea9a4e0
BAITC-Hacks/hack-fd8e6d17-verstappen-com,3c406babddeb63504c856065ad81172d422c34ec
BAITC-Hacks/hack-fd9b6e31-pusheen,3301d91a15ccb6be0a43085aa2e28fd735b1172e
BAITC-Hacks/hack-fdaef683-nato,8a485430120da1656baf9cbd83b22189f2466076
BAITC-Hacks/hack-fdb1965e-cs-2614ww,01bcdb179424701e6e30e1adcf62f974669ad5bf
BAITC-Hacks/hack-fdb6895f-init,41e3a0e42621399af68fe2a08441aaee9315466c
BAITC-Hacks/hack-fdb988bd-novarenard,5015392ec22b393f91c98c12d3bd48edb64bcc57
BAITC-Hacks/hack-fdbb17f5-gz-18,77c0e174b960994ff58f04710b312a6037ae4017
BAITC-Hacks/hack-fdbee1f6-shangyraq-coding,c7c454df5a3276db56450420ad066d4f8a03a68e
BAITC-Hacks/hack-fdbf4c2c-bling-bling,d71db03aa396670b47c270c5855ac6c8fcdf8b27
BAITC-Hacks/hack-fdda928c-domino,3be7d8eeeb9294971e9623631fe598e3e4775e91
BAITC-Hacks/hack-fde2da04-gamble-me,8faa517bf79eb5f4a461093cad78e3774c5834f4
BAITC-Hacks/hack-fdf07103-qiwi-na-abaya,1bbc9c65a507ac80e517031646c4f4f24add2c29
BAITC-Hacks/hack-fdf1806d-dzateee,1dc59e8e9672a0e22129fb2900db06a1a5ca88d2
BAITC-Hacks/hack-fe0d37d9-attention,a03cc98d6a971d4487f4102fec3d194dec071c8c
BAITC-Hacks/hack-fe3472cb-aevix,07763cae790b2dee8d94dd087de6bab0d02f6668
BAITC-Hacks/hack-fe3a336c-jarkynai,a0bdd7c61007c6c2610f72a2ea8cd9b710d44b7a
BAITC-Hacks/hack-fe4cb323-broken-pipeline,eefc4ea7ed3e919ac91e859ddf370690968ca1dd
BAITC-Hacks/hack-fe5944db-ranterqq1,f402f1d12adf4092bb1d7982f460fec57befb3d8
BAITC-Hacks/hack-fe690a9f-tilqanat,be4155cf0bb5066b4a3a4f7f4d71e71d6167adb7
BAITC-Hacks/hack-fe7f2d61-magnesium,ff9d38e7382aa026b332ac92af511f4c65ae1e36
BAITC-Hacks/hack-fe8e79e0-amazing-inviduals,63add9e305a0af74f770f262191b1702ffe97a60
BAITC-Hacks/hack-fe950283-ali-solutions,4faf28bff20ac73fb14582e27019a0462ae3b012
BAITC-Hacks/hack-fea9631d-grindz,065cfdf587ae4980adb851eb42f2185639d302b7
BAITC-Hacks/hack-feaa7740-arbybyby,0e9f4dd2cbe8e48615eeda2923b54a1131c30221
BAITC-Hacks/hack-febbc99f-notpegasus,ff3a30451ed5f6771d78926c39209a400f210d98
BAITC-Hacks/hack-fee1ecd9-mad1es,ebd89d83c9d91e6866c64ff08d76bda8aff16f32
BAITC-Hacks/hack-fee4aaf7-aspanelox,da96073b5e2d0c210c4c3147f5e8383d3849dafa
BAITC-Hacks/hack-fee6d244-archibalt,c96b7154f4690a804a7f844d5dee6ff6b77b54c7
BAITC-Hacks/hack-ff1d1ffd-kambar-art,1708da5babf869bd1a82a3a1221876455c2cbbfa
BAITC-Hacks/hack-ff5aa1b5-baglanyessen,a26bc07d87a6577ef5f38a73701397f04530af50
BAITC-Hacks/hack-ff656ba5-1999erasyl,df8e1265724ad2c1862ed019f4ed785bb22b85e5
BAITC-Hacks/hack-ff8e87e3-sierra07-w,83b28b3ba8dd3d1e794e4116e9e6fd7252a73246
BAITC-Hacks/hack-ff9e22b4-legends,83f57aa8881acd5b482637f1296ca55a4e3213b9
BAITC-Hacks/hack-ffcf2adb-nurbmuha,f09c2e1a89ca865d58a79897c03f8bc9490b017f
BAITC-Hacks/hack-ffe55ead-brainblitz,855c0ebe0f356de541c86720bc114474f42f82f4
BAITC-Hacks/hack-fffab5cf-nonable,d681945c975822c454dff9802f1c64c7e7925e1c
